tweet_id,source_row,count,hate_speech,offensive_language,neither,class,tweet_text
T0001,4,6,0,6,0,1,!!!!!!!!!!!!! RT @ShenikaRoberts: The shit you hear about me might be true or it might be faker than the bitch who told it to ya &#57361;
T0002,9,3,1,2,0,1,""" @rhythmixx_ :hobbies include: fighting Mariam""

bitch"
T0003,30,3,0,3,0,1,""" i txt my old bitch my new bitch pussy wetter """
T0004,35,3,0,3,0,1,""" is that ya bitch """
T0005,51,3,0,3,0,1,""" yall niggas b cuffing hoes cause yall aint never have bitches """
T0006,57,3,0,3,0,1,"""&amp; he's gone always be a hoe"""
T0007,102,3,0,3,0,1,"""@Coley_Cee: @lil_aerii girl you know I was spitting that G shit to you &amp; you was going lbvs""bitch plz"
T0008,158,3,0,3,0,1,"""@KelsieBelsi: You're not a man if you refer to every girl as a bitch"""
T0009,166,3,0,0,3,2,"""@KnightfanNeal #UCFPINKPARTY come on stay alive knights nation!!!!"" This is still the early bird special. #ComeAtMeUT"
T0010,191,3,0,3,0,1,"""@MegamindNick: @white_thunduh nah fam I gotta cheat with the hoes"" depends on the female i feel"
T0011,193,3,1,2,0,1,"""@Migsmichelen: This new twitter is confusing the shit out of me."" Go back to south america bitch"
T0012,202,3,1,2,0,1,"""@NewsomeJade: I ain't never seen a bitch so obsessed with they nigga&#128514;"" I'm obsessed with mine &#128529;"
T0013,227,3,0,3,0,1,"""@RishaaWilliams: @TRESHON_SCROOGE @_Nevertrustt ol bitch ass"" http://t.co/AmcOinY0wG"
T0014,254,3,0,3,0,1,"""@ThatniggaTroy: Oomf so fuckin fine tho &#128553; dam"" @ her, don't be no bitch."
T0015,265,3,0,3,0,1,"""@Thornton25: &#8220;@KantKeepAhBYTCH: I love eating pussy lol I never get full lol&#8221; I can eat that shit forever lol"" and ever."
T0016,294,3,0,3,0,1,"""@_BeeDontCare My pussy still fresh"" &lt;----- something stank girls say."
T0017,308,3,0,3,0,1,"""@airmaxlad1: Hot meat http://t.co/BRz8Imk5vK"" sexy as fuck scally lad. I would love to meet him and his trainers."
T0018,313,3,0,2,1,1,"""@altosteel115: http://t.co/tM28mh5XG2"" woof woof. Sexy thug boy scally."
T0019,324,3,0,3,0,1,"""@clayton_jenn99: I'm gonna miss that bitch of a bus driver...""no you won't. Don't lie"
T0020,354,3,2,1,0,0,"""@jayswaggkillah: Jackies a retard #blondeproblems"" At least I can make a grilled cheese!"
T0021,393,3,0,3,0,1,"""@savage_twotone: Next year bitches is gonna be like you gotta promise you won't expose me &#128514;&#128514;&#128557;"""
T0022,405,3,1,2,0,1,"""@talibanshawtyy: Niggas whole hoes out here cuz"" Couldn't had said it better..&#128588;"
T0023,417,3,0,3,0,1,"""@witmyRUDEass: When a bitch don't want a real job they just become strippers lol"" lol."
T0024,430,6,0,1,5,2,"""Bae"" sounds like such a ghetto word. Use something else"
T0025,448,3,1,2,0,1,"""Eff it. Let's go after the cripple."" http://t.co/kSaMx1JPfV"
T0026,539,3,0,3,0,1,"""Nah girl I ain't gon be able to make it, it's been tight since Russ loss his job"" you in the back like ""damn bitch really"""
T0027,540,3,2,1,0,0,"""Nah its You @NoMeek_JustMilz: &#128514;&#128514;&#128514;&#128514; yo i thought some1 photoshopped my face on that faggot smmfh...i hate yall"" http://t.co/5e2fkQ3Q2T"
T0028,549,3,3,0,0,0,"""Our people"". Now is the time for the Aryan race 2 stand up and say ""no more"". Before the mongerls turn the world into a ghetto slum. 1488"
T0029,606,3,0,3,0,1,"""Y'all forget he has his brand new baby girl at home"" bitch the cookies are burning"
T0030,609,3,0,3,0,1,"""Yo bitch on the horn. Tryna shoot a porn."" - @KingL That's T shirt worthy Tony"
T0031,610,3,0,3,0,1,"""Yo can I sublet your pussy"" #ShitFahdSays"
T0032,623,3,0,1,2,2,"""You look like little birds help you get dressed in the morning"""
T0033,626,3,0,3,0,1,"""You took our land so you could make each other retarded in DIAPERS? Sure....use our image....cool...."" #redskins #NFL #concussion #jokes"
T0034,657,3,2,1,0,0,"""poor whitey"" http://t.co/3UkKeyznz8"
T0035,702,6,1,5,0,1,#DearFeministMen there are easier way to get pussy w/out sacrificing your man hood...best of all they dont include losing ur self respect!
T0036,717,3,1,2,0,1,#Fact females that tweet ALL the dayum day r hoes that need attention #ijs #wontgetme
T0037,718,3,0,0,3,2,"#FemaleLogic is worse than the jig, I'm convinced"
T0038,720,3,1,2,0,1,#FreeElChapo is trending?! why cus French Montana's bitch ass?? you fucks that think selling drugs is cool are the LAMEST POSERS!!
T0039,732,6,0,6,0,1,#IDontHaveTimeFor Ratchet hoes.
T0040,796,3,0,1,2,2,#THEBOONDOCKS at 10:30 my nicca!
T0041,830,3,0,0,3,2,#Yankees I went to Golds with Cruz in 2010 when he was a Sound. No upper /lower body strength.. Hmm now 40 HR hitter. Won't say the S word.
T0042,834,3,0,0,3,2,"#Yankees Primo! Just got home and the Tanks are on MLB. Finally! And they are winning! Even better. Time to get serious, Sept call up time"
T0043,859,3,0,0,3,2,#inners Still hanging in. #Yankees we need this win. NFL. It's not SUNDAY!!
T0044,884,3,0,3,0,1,"#porn,#android,#iphone,#ipad,#sex,#xxx, | #Close Up | Another pussy close up http://t.co/hBjDGvENXa"
T0045,900,3,0,3,0,1,"#porn,#android,#iphone,#ipad,#sex,#xxx, | #Hairy | Hairy Florence shoves a dildo in her hairy red pussy http://t.co/4DM8Fpcb2d"
T0046,928,3,0,1,2,2,#redneck tow truck. #johndeere #4455 #america https://t.co/iFInqwVRad
T0047,930,3,0,1,2,2,#southcarolina has a highschool graduation rate near 50% and that's why they have so many uninformed #teabaggers #morningjoe
T0048,948,3,0,3,0,1,#xfactorau sick of guys who sing like pussies. Where are the rock type men?
T0049,950,3,0,3,0,1,$100 bid to go on a date with Zack Morris oh that dreamy son of a bitch
T0050,953,3,0,0,3,2,"&#127813;&#127813;&#127813; RT @GottliebShow: ""Killer line?"" @SBNationNBA: Josh Smith dropped a killer trash talk line on Kenneth http://t.co/C8d3sJoUpj&#8221;"
T0051,989,3,0,3,0,1,"&#128514; Gucci b having me on my rude shit&#8220;@AmazinNaNa: Lol that's not nice ""@SMCo71: "" that bitch aint worth a quarter """"&#8221;"
T0052,991,3,2,1,0,0,&#128514; RT @TheOnlyReed: LMFAO RT @Tone314: If you watching porn &amp; beating off &amp; yo homie text u &amp; it show his name in the banner you're a faggot
T0053,993,3,0,3,0,1,&#128514;&#128514; &#8220;@Juggs201: SOMEBODY GONNA DIE &#128557;&#128557;&#128557; RT @SMCo71: @Juggs201 &#128514; theres a bitch on NJT setting up a lean as we tweet&#8221;
T0054,1020,6,0,6,0,1,&#128514;&#128514;&#128514;&#128514;&#128514; brittany bitch u my dog man &#128514;&#128514;&#128514;&#9996;&#65039;&#9996;&#65039;&#128553;&#128553;&#128553;&#128553;&#128553;&#128553;&#128569;&#128569;&#128584;&#128584;&#128584;&#128584;
T0055,1055,3,0,3,0,1,&#128553;&#128553;&#128514;&#128557;&#128557; RT @Eb_Reloaded: @11wdNICK @KingHov1313 swear to God bitch I'm bouta delete my twitter account http://t.co/YPi52s4dtC
T0056,1152,3,0,2,1,1,&#8220;@BarryClerjuste: I cried like a bitch after my first breakup. Never loved again lol&#8221;
T0057,1171,3,0,3,0,1,"&#8220;@BlueEyeBeaner: Vienna sausage clit http://t.co/YY1Gj6oeds&#8221; 

I suck dat bitch. Don&#8217;t y&#8217;all eva believe a colored man don&#8217;t eat no pussay"
T0058,1181,3,0,3,0,1,"&#8220;@BroCulture: When life knocks you down, stand the fuck up and say ""You hit like a little bitch.""&#8221;"
T0059,1190,3,1,2,0,1,&#8220;@CakeMamaa: Y'all hoes messy on god !&#8221;nbs&#128064;
T0060,1230,3,2,1,0,0,"&#8220;@Crowdifornia: We agree... do you? http://t.co/4diz5NKYMN&#8221; FUCK YES, I DO! Send those illegal, wetbacks home!!!"
T0061,1266,3,1,2,0,1,&#8220;@EdgarGuillenjr: Lol good now I got them nasty rednecks off my back I can take care of business&#8221; @BlakeAnderson21 @Dalton_ryann he serious
T0062,1374,3,0,1,2,2,&#8220;@JukeJuke_9: Lance Stevenson gone leave Indiana&#8221; he trash anyway
T0063,1380,6,0,6,0,1,"&#8220;@KaayGQ: Sexy bitch, hope she bout it&#8221;"
T0064,1410,3,0,3,0,1,&#8220;@LeggsMania: the next time I see this bitch I'm beating her ass. job or not.&#8221; lol
T0065,1415,3,0,3,0,1,&#8220;@Livefromthe_A: These Niggaz bitches hiding behind gangs they ain't in &#128175; &#128056;&#9749;&#65039;&#8221; &#128588;&#128175;
T0066,1427,3,0,3,0,1,&#8220;@MaRAtheeMODEL: @Iam_KiDD_PhilA &#128514; Marcus bitch ass @HeartOfAHustlah ain't loyal at all! Team hopping ass !!!&#8221; &#128514;&#128557;&#128514;&#128557;&#128514;&#128056;&#9749;&#65039;
T0067,1428,3,0,3,0,1,"&#8220;@MaRAtheeMODEL: Hoe fax = type yo bitch number in google to see if it pops up on back pagE

thank @HeartOfAHustlah&#8221; &#128514;&#128557;&#128514;&#128557;"
T0068,1440,3,1,2,0,1,"&#8220;@MattieTrump97: Eat a lot of protein
Eat a lot of pussy
#MattieTrumpsTipsForABetterLife&#8221;

Eat the whole ass"
T0069,1452,3,0,0,3,2,&#8220;@MomMeMustHaves: MMMH Daily is out! http://t.co/bPtRtXcel0 Stories via @KristinCruz&#8221; @ExMoShow #yellow is IN! &amp; @romyraves luv the bling!
T0070,1457,3,0,3,0,1,&#8220;@MrDelightfullll: I've sounded like a fag the last few days &#128584;&#128513;&#128513;&#8221; your emotions are inspiring &#128150;
T0071,1473,3,0,2,1,1,"&#8220;@NoChillPaz: Mom : Dont call a girl a bitch. That's somebody's daughter,sister,niece...
Me : And somebody's bitch too&#8221;"
T0072,1497,3,0,3,0,1,&#8220;@PostBadBitches: http://t.co/adhJnGzVPg&#8221;these the white girls u should holla at but Nooooo brothas go for the ugliest bad built hoes ever
T0073,1523,3,0,3,0,1,&#8220;@RoJustDGAF Aren't they all tho bro? RT @landoup: I hate a nosey bitch....&#8221;some more than others
T0074,1535,3,0,3,0,1,&#8220;@SAVINGNOHOES: When she ask how imma eat her pussy https://t.co/6wVjrC3m1Q&#8221;&#128128;
T0075,1548,3,0,3,0,1,&#8220;@SexyUnderHere: Females that know they are hoes really the coolest chicks....all sex asides&#8221;lmao
T0076,1582,3,0,3,0,1,&#8220;@TedOfficialPage: Fucked your bitch and left her like... http://t.co/x41Q6LUH37&#8221;&#128553;&#128553;&#128514;
T0077,1598,3,0,3,0,1,&#8220;@TheRealTenski: Miss you @Ex&#8221; pussy
T0078,1604,3,1,2,0,1,&#8220;@Tinypinkisboss: can't stand a playin ass nigga&#9995;&#8221;bitch*
T0079,1607,3,0,3,0,1,&#8220;@ToriJBerman: Lover http://t.co/pJphVGW4F2&#8221;my old bitch &#128514;
T0080,1622,3,0,3,0,1,&#8220;@TyLawson3: F**k it!!!!! I'm never wearing my headband again either!!!!!!&#8221; but you don't hoop like a lil bitch tho...
T0081,1624,6,0,6,0,1,&#8220;@Tylar____: This single shit so boring &#128555;&#128530;&#8221;suck it bitch
T0082,1645,3,0,3,0,1,&#8220;@WorldStarFunny: we don't love these hoes http://t.co/WeKdL09bq5&#8221; @Ilovebamf &#128076;
T0083,1659,3,0,3,0,1,&#8220;@_1KANE: LMAOOO I find this shit so funny y'all hoes ain't content with working it out with one nigga http://t.co/dBtcv0fBN1&#8221;that's boring
T0084,1697,3,0,3,0,1,&#8220;@___Tamm: @VoiceOfDStreetz cuz you a hoe lol&#8221; cuz you went on your lil rant on me man!
T0085,1701,3,0,3,0,1,&#8220;@__kiante: &#8220;@1017_Sqquad: Iont got not type ... Bad bitches is the only thing that I like&#8221; ayeee!!&#8221; Throw that ass in a sphere &#128064;&#128514;
T0086,1713,3,0,3,0,1,&#8220;@_hellMEL: Men hop in they feelings much quicker than women.&#8221; Not me &#128520; I hop in ya bitch
T0087,1744,3,0,3,0,1,"&#8220;@briceokc: ""cigarettes are so gross"" -half the bitches that smoke cigarettes &#128530;&#8221; @gfys__"
T0088,1771,3,0,3,0,1,&#8220;@d6_9b Dora &amp; her table manners &#128530;&#8221;--- she's eating like a sloppy hoe!!?
T0089,1773,3,0,3,0,1,&#8220;@daberellla: just demolishing this huge bitch &#127850; http://t.co/AWYdBJxKs4&#8221;sharing is caring &#128076;
T0090,1791,3,1,2,0,1,&#8220;@eminoelle: Why you let these hoes tear what we had right apart&#8221;
T0091,1801,3,0,3,0,1,&#8220;@flvshy5: Might go to plaq hc&#8221;bitch who you gone go with
T0092,1808,3,0,3,0,1,&#8220;@gmail_candy: It don't matter where we at this nigga always tryna holla at a bitch &#128514;&#128514; @tranSactionRAP&#8221; where. y'all. at?
T0093,1824,3,0,3,0,1,&#8220;@iamSHIRAQ: @WhereYoHussleAt u got hoes tho&#8221; WERD &#128066; WHERE &#128064;
T0094,1833,6,1,5,0,1,"&#8220;@itsDeSha__: I don't take people niggas bitches don't play about they niggas , specially they baby daddies &#128557;&#128514;&#128514;&#128514;&#8221;No BS"
T0095,1835,3,0,3,0,1,&#8220;@itsdaniellef: &#128521;&#8221; hoe
T0096,1854,3,0,3,0,1,"&#8220;@keyna__: &#8220;@cosmeticJUNKiee: ""need to get laid &#128514;&#128514;&#128514;&#128514; 
sike im celibate""

bitches be like &#128070;&#128070;&#128070;&#128070;&#128070;&#128070;&#128070;&#8221;&#128064;&#8221;&#128064;"
T0097,1896,3,0,3,0,1,"&#8220;@missyf922: It's my birthday!!!!! Yesssss!!!!!&#8221;

Obviously nobody cares bitch"
T0098,1900,3,0,3,0,1,&#8220;@nerfgunirwin: &#8220;@1DAlerts: Just saw Ashton. Hardly anyone cared. Waiting for Harry &#128540;&#8221; wtf&#8221; bitch I'd be all up in Ashton's grill you feel?
T0099,1933,3,0,3,0,1,&#8220;@scoop82294: If you don't have your read receipts on you a bitch&#8221; the bitchyest bitch ever
T0100,1935,3,0,3,0,1,&#8220;@skinnysowhat: @PAPER_CHAYSIN aye and when the hoes start coming don't forget who put you on &#128524;&#8221; I won't !!! &#128513;&#128513;&#128513;
T0101,1944,3,1,2,0,1,&#8220;@souljaboy: @kmichelle shitty pussy &#128169;&#8221;&#9996;&#65039;
T0102,1946,3,0,3,0,1,&#8220;@souljaboy: @kmichelle you mean the niggaz i shot? Ill give you 100k if u let any nigga smell your pussy and it don't smell like shit.&#8221; &#128553;
T0103,1974,3,0,3,0,1,&#8220;@trillasfvck: all these bitches getting mommy money&#8221; niggas too.
T0104,1997,3,0,3,0,1,&#8220;@yeyo478: @Helenbabeey_ look at my benz bitch I've been the shit http://t.co/H0iXjZH0tZ&#8221;LMAOOO
T0105,2000,3,0,0,3,2,&#8220;@yungtfti: I feel sorry for anyone who paid for LIC because edc is trash music&#8221;
T0106,2029,3,0,0,3,2,&#9733;@&#9733;@&#9733;@&#9733;@&#9733; GRAND OPENING ! &#9733;@&#9733;@&#9733;@&#9733;@&#9733; TOP CLASS &#9733; Oriental Massage &#9733; PERFECT !&#9733; http://t.co/zibllnm1ZS
T0107,2037,6,1,5,0,1,&amp; These bitches bound to get hurt cause a lot of these niggas be playing
T0108,2050,3,0,0,3,2,&lt;&lt;&lt;when it's yellow outside
T0109,2057,6,0,6,0,1,' August Alsina Deserved that &#1043323;&#1043323;&#1043358; My niggah .
T0110,2062,6,1,5,0,1,' Bitch caught a body about a week ago ! Fuck with us and we get to tweekin hoe ! Run up on that niggah get to... http://t.co/av9YPjtwxn
T0111,2081,6,0,6,0,1,"' Hoes on my mind , I fuck hoes all the time . #FatTrel"
T0112,2094,6,0,5,1,1,"' I told this niggah Maya Angelo died.... This niggah gon ask me "" is that the Red Ninja Turtle ? &#1041204;&#1043473;&#1043357; Wtf ."
T0113,2101,3,0,2,1,1,' I'm that niggah you can show out in public babbbbbbyyyy &#1041191;&#1043215; lol
T0114,2148,3,0,3,0,1,"' That fb profile checker thing fake then a mf , I just added some bitch yesterday and it had me on the top . Fuck fr ?"
T0115,2157,6,1,5,0,1,' Waaaaittt niggah holllll'up &#9995; these niggahs come to town start wife'n my old sluts &#1041204;&#1041204;&#1041204;&#1041210;&#1041210; .
T0116,2179,3,0,0,3,2,(U-turns on yellow) &#161;NO ACEPTAR ESTE LUZ ROJO! (&#9835; Lights taking too long make me bilingual &#9835;)
T0117,2249,3,0,3,0,1,"1, 2, 3, 4, 5 I&#8217;m too drunk to walk, let&#8217;s drive. I got bitches with me all night And the party don&#8217;t start 'til the drugs arrive #Loaded"
T0118,2258,3,0,3,0,1,"11/19 w/ @anjahlamarie - the depot 
12/19 - a pussyfootin xxxmas (hoe hoe hoe motherfucker santa claws is coming to town)"
T0119,2284,3,0,0,3,2,22 talented drivers RT @garrisonstudio: I am really glad there haven't been any yellows. But why haven't there been any yellows??
T0120,2295,3,0,3,0,1,"300 bitch we hot, we done took flight !"
T0121,2301,3,0,0,3,2,"4&#8419;2&#8419;0&#8419;

moke up"
T0122,2306,3,0,0,3,2,"5 bags of chips, 3 Rice Krispies, 3 seeds, 3 gummies, a pop tart, some crackers, 3 powerades, and a water yuhhh I'm good lol"
T0123,2308,3,0,0,3,2,5:40 A.M. and still awake! YAY!!! Time to chug coffee and red bull for the foreseeable future and hopefully not pass out behind the wheel!!!
T0124,2339,3,0,1,2,2,@05235fd083ad408 hick yes
T0125,2341,3,0,1,2,2,"@05proFESSOR Charlie Sheen could coach better than Crusty Dusty. Yeah they hired Bryan Price, the pitching coach"
T0126,2374,6,1,2,3,2,@2ANow She looks like a plastic monkey doll!
T0127,2421,3,0,0,3,2,@ActaBunniFooFoo I like my gross yellow heat lamps. Why?
T0128,2434,3,0,0,3,2,"@AjKFAN Big congrats to all! I expect him to be blogging on rube chat in a few days! Now get some sleep, you will need it!"
T0129,2437,3,0,3,0,1,@Alan_Casillas haha shit niggah i wish
T0130,2457,3,2,1,0,0,@AlfieHeydrich but I live in the South. Lot more here. My pop lives in Rhode Island. Hardly no niggers there.
T0131,2470,3,0,3,0,1,@AmPowerBlog but can we all at least agree that you whining like a little bitch because someone threw your phone is absolutely hilarious?
T0132,2472,3,1,2,0,1,"@AmPowerBlog so a man who is a pussy and a coward overpowered you and easily took what was yours? You are clearly much less than a man, then"
T0133,2484,3,0,3,0,1,@American_Pye bitch would rather fuck a poster? damn... thats cold.
T0134,2488,3,0,0,3,2,@AmosPOrr Congrats Amos! :)
T0135,2491,3,2,1,0,0,@AndreBerto can't wait for more PEDS is that it? Roid munching faggot
T0136,2498,3,0,2,1,1,@AndyHerren @AarynElizaGries cry baby bitch
T0137,2514,3,0,3,0,1,@AnthonyCumia pussy
T0138,2520,3,1,2,0,1,@AppleciderPapi @OGBEARD @godIevel nah u just a fag
T0139,2540,3,0,3,0,1,@AsapTwelvyy bruh bruh that bitch ain't loyal !
T0140,2566,3,0,3,0,1,@AyDontJudgeMe Just come stop in this bitch cause im bout to get off
T0141,2575,3,2,1,0,0,"@BGALLY17 so ur faggot teammate @BrandonPrust8 hits someone late like that and U say he's yapping and yelling, u guys def 69 in the room"
T0142,2587,3,0,3,0,1,@BUKPSYCHODRAMA just followed me. On Vice Lord dats rns. I been listening to this nigga since 'Magic.' Almighty on you hoes!
T0143,2668,3,0,3,0,1,@Bitcheslovestar The only one of Mary's friends I like so you other bitches don't exist &#128514;&#128514;&#128564;&#128564;&#128564;&#128564;&#128164;&#9995;&#9996;&#65039;
T0144,2675,3,0,3,0,1,@BittyTang yes. Why protest about sexism then go right home and beg for a guy to beat your pussy up? Im lost at times
T0145,2707,3,0,3,0,1,@BodyByMalone Lesson 12 don't pass out at before 12 like a lil bitch
T0146,2708,3,0,3,0,1,@Bojieasx slap a taco in thT hoe face &#128514;&#128514;&#128514;&#9996;&#65039;&#128080;&#128074;&#128175;&#128536;&#128584;&#128129;
T0147,2736,3,0,0,3,2,"@Brelston I realized it's the one on Link's Awakening too, so you killed two birds with one stone. Unless you're getting the Wind Fish too."
T0148,2745,3,1,2,0,1,"@BretVonDehl Damn you bitch you never answer me anymore... LMAO JK ILY! Anyway glad of your first show, be safe when going to the next one"
T0149,2766,3,3,0,0,0,@Buckm00se @letsargueboxing sand nigger ran over some Kidd
T0150,2791,3,1,2,0,1,"@CHARLESBARRKLEY you need your ass whipped with a whip Mr house nigger, remember u will always b a nigger to them!"
T0151,2816,6,0,5,1,1,@CallMeRenee_ wussup bitch
T0152,2837,6,1,5,0,1,@CapoDaAssHole I fuck with Takeoff nigga get on the bitch and just snap
T0153,2857,3,0,3,0,1,@CassiusClay_232 who all in that hoe
T0154,2858,3,0,0,3,2,@CatholicMomVA @Neal_Dewing that would cripple our military :)
T0155,2888,3,2,1,0,0,@ChandailBailey @SteeZeyFLOW @HunturPls you need to accept the fact that you're both hipster faggots.
T0156,2914,3,1,2,0,1,@Chokmah_Makob you said good bye dumb bitch snd i said ok..what is it with you white devils...i have nothing for you vampire lover of blood
T0157,2932,3,0,0,3,2,"@Claudialena8 she wasn't saying she did, but yes me and Kannon have both been in the ghetto and know what it's like so u look dumb."
T0158,2946,3,0,3,0,1,@Coley_Cee bitch dats yo sahara desert ass
T0159,2960,3,0,0,3,2,@ConanOBrien dat is one ugly animal but da monkey is adorable.
T0160,2973,3,2,1,0,0,@CrackerJhak Because you're a fag
T0161,3018,3,3,0,0,0,"@DaRealAlexInLA @Woody_AFC @Rodriguez5_ the nig is fun to watch got to admit, ebola boy can speak broken Spanish too lol"
T0162,3038,3,0,0,3,2,"@Danny_Cavanagh....available online soon? I didn't have enough to get it after my Anathema merch. It's a cracker, I need it. Can u....."
T0163,3042,3,0,3,0,1,@Darienbaby_xoxo ya but you can't because its a real account dumb bitch I go to wams fucking bitch
T0164,3044,3,0,0,3,2,@Darknight420 It's showing Fairy blocked me @hajihuntingpat @PaulSmitheringa @JoeDouglas1 @JewJitsuGrl @blackorchidm16 @taxman206
T0165,3045,3,0,1,2,2,"@DarthMaverick7 @Xcntrik @religulous @chrispyosh Rather than believe that there was a man who was the very definition of good, u mock it."
T0166,3079,3,0,3,0,1,@DeezNutsDoe shut your mouth you little fuckin bitch
T0167,3084,3,0,3,0,1,@DeliaParedez @rikki_lovee @GabrielaAngela4 @StephyRae7 @TheOneMiss_Luu @Ramona_Pilar I'm coming bitches.
T0168,3095,3,1,0,2,2,@DevilGrimz ironic that he's a trashcan because he holds trash everytime you two cuddle! Burn.
T0169,3125,3,2,1,0,0,@DolanGang beans u beaner?
T0170,3127,3,0,1,2,2,"@DolfyAdolf 
Y'all gots betta machinery fo dat. Hanger be ghetto"
T0171,3146,3,0,2,1,1,@Dre_Day200 nig nog
T0172,3175,3,0,3,0,1,"@EaTMyTweetZz text me, we don't noisy hoes watching"
T0173,3177,3,0,0,3,2,@EakaErick I wouldn't share a wave with those trash cans
T0174,3180,3,0,3,0,1,@EcliptiK @zFearless @prihncess @SSickStory mine pussy
T0175,3183,3,1,2,0,1,@EdgarGuillenjr @imthatsubieguy @blakeanderson21 @joshhandsomee87 you ain't 6 feet under its not over pussy
T0176,3199,3,0,1,2,2,@EmmaLouisaSuttl @timmyn90 Anyone bring in a monkey.
T0177,3239,3,0,0,3,2,@Fabulousjonna_ I need some red green &amp; yellow pants &amp; helly shirts express
T0178,3265,3,0,0,3,2,@FloralElephants THE WASP OF ANGRY LEGEND. BEAT IT INTO A SQUISHY PULP!!!
T0179,3269,3,0,3,0,1,@FlyoutChase @Harold_Major LMFAOOOO if that bitch didn't change his @ so much I could find more
T0180,3302,3,0,3,0,1,@FvckMike_ I was bout to smack a bitch.
T0181,3304,3,0,3,0,1,@FzRodl exception for Gilda Radner that bitch was funny
T0182,3375,3,0,3,0,1,@GorgeousCamry_ ight bitch ima see u
T0183,3388,3,0,2,1,1,"@Great_White12 get it? Bc you called yourself a tool, I called you a hoe. Bc hoes are tools hahahaha I'm so funny"
T0184,3394,3,0,3,0,1,@GrizzboAdams @wyattnuckels bitch I make the plans not you pussy fart I'm in charge follow me or deny me I'm doin Friday and were fighting!!
T0185,3397,3,1,2,0,1,@GrizzboAdams @wyattnuckels haha you playin nigga I fuck bitches make money and smoke that straight og kush
T0186,3407,3,0,0,3,2,@GroteSmurf0 @illMartino @SvensTweet @KangUcup3 goh d AnoniemeAso meeting heeft weer pauze.Nog steeds niet bij hoofdstuk:hoe haal ik m'n ID?
T0187,3419,3,1,0,2,2,@HBergHattie @snkscoyote I wonder if the progs didn't relegate young black men to the ghettos to keep them away from harry reid's friends...
T0188,3437,3,0,3,0,1,@HazelEyedBarbi She walks away!? What a pussy.
T0189,3461,3,0,3,0,1,@HighOffTatianna lol fuck these lil bitches ain't shit to peep &#128526; wassup w/ you tho
T0190,3475,9,1,7,1,1,@Honey_GotBunns bitch you know you won't this &#128526;&#128131;&#128588;&#128514;
T0191,3487,3,0,3,0,1,@Hovaa_ cracker....
T0192,3559,6,0,1,5,2,@I_GotOne you look like flappy bird
T0193,3563,3,0,3,0,1,@IbePocahontas bitch we shot a music video
T0194,3575,3,0,3,0,1,@Ilovebamf is my big long lost brother I swear. I don't know what I'd do without this wetback.
T0195,3582,3,0,0,3,2,@ImSooooMad guess who's eating cracker b without you
T0196,3590,3,0,1,2,2,@ImTooMuch bread in general aint too good for ya...but honky bread the worst...&#128514;&#128514;
T0197,3620,3,0,0,3,2,@ItsKiaraaaa looks like you took a red marker and colored on your leg
T0198,3642,3,0,2,1,1,@JAYREIDOFFICIAL my nicca!
T0199,3670,3,0,2,1,1,@JTrevorHowerton @HollyRFisher because it's hilarious how it makes teabaggers freak out. I'll do it again too.
T0200,3676,3,1,2,0,1,@JZolly23 also is search of dirty white trash hookers for the weekends
T0201,3697,6,0,6,0,1,@JalenDGAF @CourtniClark &#128308;&#9899;&#65039;&#128308;&#9899;&#65039;&#128308;&#9899;&#65039; no pressure hoe
T0202,3708,3,0,3,0,1,@JasonAstley I hate that shit. Like bitch don't ask me for shit makin me waste my time and your dumb ass ain't even using it.
T0203,3716,3,0,3,0,1,@JawShoeeAhhh @FabianMleal suck a dick hoe
T0204,3742,3,1,2,0,1,@JennaHord12 Feels like it's been a year since I seen ya queer lolol
T0205,3758,3,2,1,0,0,@JewelsAndDrugs9 @ladygaga @madonna lmao madonnas music sucks? yeah you're fucking stupid if you think gaga is better. retard
T0206,3821,3,0,3,0,1,@JunDishes amen little mama. y does this old southern country bitch like you so much I don't know. but I do!
T0207,3831,3,0,2,1,1,"@JusDahl gross, ill stick with my galaxy, it will still receive those nips"
T0208,3845,3,0,3,0,1,"@Just_this_time we need more opinionated bitches.

#MOAR"
T0209,3894,3,0,0,3,2,@KellyOsbourne do u still have ur blk. pom?
T0210,3900,3,0,0,3,2,@KenSuttling Certainlt not the paddies
T0211,3916,3,0,3,0,1,"@Kenny__Wright @yoPapi_chulo @Kush_Boy420 ""the stupidest bitch"" brb crying he called me stupid"
T0212,3921,3,0,3,0,1,@KevinKevmooney @LEllerbe when bet now i make sure that bitch is not involved that's 1 thing floyd and pac can agree on she screwed em both
T0213,3936,3,0,3,0,1,@KimberlyyAye speaking of little bitch you didn't even do all your squats you little bitch kept talking to distract everyone else &#128530; &#128587;&#128064;&#128073;&#128590; icu
T0214,3950,3,1,2,0,1,@KingUlyssesIV @truebake psh if a (sexy) bitch gotta sexy voice she can easily get shit goin
T0215,3960,3,1,2,0,1,"@KoolQueef 
Inch that bitch out and flick it wit my tongue like a damn pinada"
T0216,3972,3,0,1,2,2,@KurtBusiek well pee is oft yellow.
T0217,3976,3,0,3,0,1,@KxRxSxB haha alright well you gotta get here and see this bitch haha you'll scare the shit outta him I already have
T0218,4000,3,0,3,0,1,@LaneBelgarde @A7XDemery you Sick bitch didnt even invite me
T0219,4026,3,3,0,0,0,@LexVan13 go back to nigeria faggot
T0220,4040,3,1,2,0,1,@LilMrsSpiffy they bout to try and hoe you next
T0221,4041,3,0,3,0,1,@LilReese300 what are you doing up right now Tavares. Kickin my bitch to curb for being too dramatic again?
T0222,4042,3,0,3,0,1,"@LilTunechi reason for why he only rap about pussy... "" What am I supposed to talk about?"" smh 
How bout you make music that ain't NEGATIVE!"
T0223,4094,3,1,2,0,1,@Lvl_7_Eevee fake niggah! They fake!
T0224,4115,3,0,3,0,1,@MSoltan18 @KoredeB9 the witches took them hoe
T0225,4130,3,0,3,0,1,@MadeMyselfHER eeeeeeeee you got the hoes
T0226,4146,6,1,5,0,1,@Marco_SharkHoes hoe I'm at work til like 8
T0227,4166,3,0,0,3,2,@Mathanugg You mean the one I colored with crayons isn't copacetic?
T0228,4186,3,0,3,0,1,@McwilliamsBrett ayyy tell that bitch in your avi she needs fix a flat for dat flat ass&#128527;
T0229,4214,3,0,1,2,2,@Midnight_Snacka @Nick_504_ u look like that fat kid on Charlie walker the that got stuck it the chocolate tube.
T0230,4245,3,2,1,0,0,@MillerLite I don't follow you because everything about your company is white trash.
T0231,4247,3,2,1,0,0,@Mimistheone stop trolling me u creepy ass cracker!!!
T0232,4292,7,0,7,0,1,@MotherOfBraylon you already know they go to fed for me ah bitch be ready to walk out the door &#128514;&#128514;&#9996;&#65039;
T0233,4298,3,0,3,0,1,@MrInfernusHD Squad builders gets you bitches
T0234,4336,3,0,3,0,1,@Mymangot2JOBS_ lmao yes bitch &#128514;&#128128;&#128128;&#128128;&#128128;&#128128;
T0235,4357,3,0,0,3,2,"@NYRKelsMads @davidortiz @BarackObama 
I likes da Yankees"
T0236,4368,3,0,3,0,1,@NaramY22 nah that shit gets me heated. I have the smartest mouth and know what I'm doing and get called a retard. I'm done playing games
T0237,4404,3,0,3,0,1,@Nikki_Boo22 bitch you hella late I went yesterday lol
T0238,4412,3,0,0,3,2,@NoMeatballs @mtaraban is so excited about his red velvet brownie.
T0239,4424,3,1,2,0,1,@NotoriousBM95 @MANIAC3X fucking creepy ass nigguh lmao
T0240,4427,6,0,1,5,2,@Notsosweetpea SOO when we hanging out and makin brownies!!
T0241,4438,3,0,3,0,1,@O3_Millz this bitch not tellin me
T0242,4443,3,0,3,0,1,@OLE_VertyBstard @thereal_EMandM @Holt3 lay in it brother I'm a honky
T0243,4448,3,0,3,0,1,@OMGitsKariC ima call his retarded ass
T0244,4452,3,0,3,0,1,@OVOmar23 thanks for the invite tho bitch
T0245,4457,3,0,2,1,1,"@Of_Angelis yep, which is messier/more dangerous/more environmentally-unfriendly than their retarded new spouts. @innov82bgr8"
T0246,4463,3,0,2,1,1,@OhhhChad here come the desperate hoes &#128514;
T0247,4488,3,1,2,0,1,@Oskzilla niggah you gay!
T0248,4492,3,0,2,1,1,@OsvaldoVause text me u nigglet
T0249,4553,3,2,1,0,0,@Po0pdogg back up faggot
T0250,4564,3,0,3,0,1,@PrimoMars nicca u read what i typed u aint slo by a long shot dont play dumb now litebrite lol
T0251,4567,3,1,2,0,1,@Prince_WilliamB @MixyArts This nothing to do with my shoes you ignorant twat.
T0252,4577,3,0,2,1,1,"@ProtectYourNet I know right? But here I am wasting time thinking '1more hr till I start the day...' 
I'm retarded! &#128541;"
T0253,4604,3,1,2,0,1,@RFam2550 shut up faggot
T0254,4620,9,0,9,0,1,@Rasheed_Sheen man damn dude come get this bitch lml
T0255,4642,6,0,6,0,1,@Real_Liam_Payne be a pussy http://t.co/ttzsxBtS74
T0256,4664,3,0,3,0,1,"@RichHomieLexx_ tryanna explain sumn to des young boys out here now days,they don't know wat a true pimp is I be pimpin des hoes moma Lmfaoo"
T0257,4686,3,2,1,0,0,@RniSwirvinn @LilKev_J no ur wrong stupid nigger
T0258,4703,3,0,0,3,2,"@Ronnie2K not just @Pharrell gave 2k a trash non-basketball soundtrack, y'all still have problems with servers &#128530;"
T0259,4708,3,2,1,0,0,"@Roscoedash lmao, soft ass nigga trying to act all tough, you a little bitch. Sit down and watch from the sidelines pussy."
T0260,4712,3,0,0,3,2,"@RottenStench
Dat was Charlie"
T0261,4738,3,0,0,3,2,@SBPart01 @melodybrooke11 fuzzy dice might be the nicest thing you could put in your car lol &#127922;&#127922;
T0262,4777,3,1,2,0,1,@SandraGuzman_ nigger*
T0263,4813,3,0,0,3,2,@SenMikeLee just pulled out his pocket Constitution! Bring it man! @tedcruz just mocked McCain's wacko-birds comment! HaHaHa!!!!! #standtall
T0264,4830,3,0,0,3,2,@Sheen300 Ok. So for what reason did god make parasitic worms whose sole purpose is to burrow into the eye of a small African child?
T0265,4836,3,2,1,0,0,@Shmalec13 ya fag
T0266,4871,3,0,3,0,1,"@SoopDevilles You DID. You crushed his ""I got me an EXOTIC bitch!"" dreams."
T0267,4887,3,1,2,0,1,@Staydelusional I texted u fag
T0268,4909,3,0,2,1,1,@SteveStockmanTX you teabagger dunces want to eliminate education all together so you can groom more teabag voters. Lol.#thedumbestteabagger
T0269,4914,3,0,3,0,1,@SteveWorks4You @tedcruz ted cruz..leader..lol lol lol lol lol OMG lol lol lol lol lol you are a funny ass redneck...lol lol lol lol #lol
T0270,4919,3,0,1,2,2,@SteveWorks4You pay your taxes teabaggers
T0271,4931,3,1,0,2,2,"@Strangleme Your mother looks like a tough-as-nails bird...I see where you got 1/2 of that from. Nice food, too!"
T0272,4940,3,0,0,3,2,@SugarShai2 youtube bear vs monkey bike race!
T0273,5014,3,0,0,3,2,@TerryTGood @1DancingCrane The Moors used to give kids free lunch in the Bronx when I was a kid. Glad to see they are still doing good.
T0274,5046,3,0,3,0,1,@ThatSlutAdrian bring bitches
T0275,5069,3,0,3,0,1,@TheIslamHeretic @WarMachine_83 @BasimaFaysal @MariamVeiszadeh cause it would their tip hand instead they whine like little bitches=&gt;
T0276,5073,3,1,2,0,1,@TheJoelBerggren have you looked yourself? This is funny. This is like Obama saying he is good for the economy. Hipster faggot. Funny though
T0277,5079,3,0,0,3,2,@TheLittleFella_ do yourself a favor and ball that up and throw in the trash.
T0278,5084,3,0,3,0,1,"@TheMayorMatt pitch, chip and slide ur dick in tight clam #22 love it #mywife"
T0279,5102,3,2,1,0,0,@TheRealCVL and @CoryHolmes24 are faggots. Kbye.
T0280,5120,3,0,0,3,2,@TheSeanyV would help for some others can't handle uppers and cripples them plus if moderation isn't taken into consideration it'll be bad
T0281,5139,3,0,0,3,2,@Things4FLppl Yankees like Florida State; not Floridians.
T0282,5145,3,0,3,0,1,@ThugMon3yy @ChandailBailey @SteeZeyFLOW @HunturPls it does. you and all your hipster friends are ugly as fuck... and yo pussies all stank
T0283,5157,3,0,0,3,2,@Titan4Ever2488 some Mets fan tried telling me Rivera isn't of the best Yankees of all time because he is just a closer. WTF
T0284,5160,3,0,1,2,2,@ToWherever yay im a whitey :3
T0285,5167,3,0,1,2,2,"@Tom_Morehart @cjc_is_alive @JoshuaTyl0r 9 of 15 BCS titles, $314 mil in revenue. It's great being in a redneck conference. And not in Ohio."
T0286,5174,3,0,3,0,1,@TooEffinCool lol I feel like a punk bitch sittin in here with all the lights on! &#128514;
T0287,5179,3,0,3,0,1,@TreThreat @HotDoc87 @duckydynamo yeah the internet def taught me a bitch can't twerk if she talkin bout voting.
T0288,5209,4,1,3,0,1,@TweetsAndFreaks I told u ugly niggas get bitches young I promise u!! Work ya magic lol
T0289,5222,3,2,1,0,0,@UberFacts studies show that you're a faggot
T0290,5235,3,0,2,1,1,@VZWSupport Your update for my s3 pretty much broke 4G and made it absolutely annoying and retarded.
T0291,5244,3,0,2,1,1,@VictorRico3 No I don't fuck with those hoes ask Paco he does
T0292,5250,3,2,0,1,0,@VinniePolitan kill the coons!!!!!!
T0293,5262,3,0,1,2,2,@WHSVGrantCruise birds of a feather. You stand with PETA. I stand with sanity.
T0294,5266,3,2,1,0,0,@WaTch_Scenario Yeah so you better play with me ya nigger
T0295,5299,3,0,1,2,2,@WilliamFBrasky @TheRandomBoner i feel the warm fuzzies.
T0296,5333,3,0,3,0,1,@WyattNuckels sun follow me you 4' bitch you can't do shit so stfu faggot
T0297,5349,3,0,3,0,1,"@YaBoyBoone ima miss smiley and graham and daniel tho, they were pretty cool to me when i was there, ima beat andrews bitch ass every day"
T0298,5381,3,0,3,0,1,@YoungRecklesss_ nahh bitch yu always playn yu almost got her feelings hurt
T0299,5405,3,0,2,1,1,@Z_MEGA fasho fasho .. Hurry ya ass up nicca
T0300,5472,3,0,3,0,1,@_KaeeJones I gotta find them I know Cali got them hoes
T0301,5476,3,1,2,0,1,@_Leeyoo @GoldFlacko niggah I'm not yo lil bro the fuck
T0302,5482,3,0,3,0,1,@_LrAnderson that hoe over that
T0303,5510,3,0,3,0,1,@_StarrHall_ @Rene_gadeCowboy I am absolutely speechless.That bitch is CRAZY.
T0304,5515,3,2,1,0,0,@_TriggaPlease_ @kanyewest he's a faggot
T0305,5539,3,0,3,0,1,@___kd_ i need 2 of the bitches
T0306,5546,3,0,3,0,1,@_asheyk pussy
T0307,5561,3,0,0,3,2,@_icantmiss Boys still got birds in the cage? Lol
T0308,5570,3,1,2,0,1,"@_lostb0y do you, bitch boy?"
T0309,5582,3,0,0,3,2,@_shegotthis yellow rice black beans and pork chop sis
T0310,5675,3,1,2,0,1,"@amyklobuchar he was 17 not 16 &amp; he tried to beat up a much weaker ""creepy ass cracker"" that is why he is dead. If Zimmerman was a woman..."
T0311,5684,3,1,2,0,1,@anggxo get off my twitter fag
T0312,5753,3,0,3,0,1,@bbluedreamm bitch don't reply&#128524;
T0313,5767,3,1,2,0,1,@big_business_ lmao dog just type them out and let them faggots try to decipher it.
T0314,5787,3,0,0,3,2,@blackrepublican how long after the name change will al memorabilia w/redskins name be deemed racist and therby illegal?
T0315,5804,3,0,3,0,1,@bossliyah_ DM me your number hoe
T0316,5811,3,0,3,0,1,@brandon_even Them aint the bitches im talkin bout &#58386;&#58386;&#58386; aint no jungle fever over there LOL
T0317,5825,3,0,0,3,2,@brittbritt_naay &#128514; I'm a wexican
T0318,5869,6,0,6,0,1,@ccass357 @Liveitupjersey real Serious in CT! Bunch of whiney cunts!
T0319,5895,3,0,0,3,2,"@chris2x @NevadaPR Camels, ostriches and zebras! See you at the races! #VCCamelRaces"
T0320,5897,3,0,0,3,2,@chrisbickert i want it! I love her gooks! she is awesome where did you get it?
T0321,5910,3,1,0,2,2,@cleggzta Ho ho ho.
T0322,5967,3,0,1,2,2,@danifreshh some weird local ghetto school haha
T0323,5973,3,2,1,0,0,@dantoomey2 fuck you faggot
T0324,5976,3,0,3,0,1,@dappermuke I stick up for my fam. don't disrespect the pouch my nigguh. and awe ily2 http://t.co/tuQ0uAd8bK
T0325,6006,3,3,0,0,0,@denytheprophecy thanks for ignoring my texts fag
T0326,6014,3,0,3,0,1,@dexfrost23 you can be a bad bitch too dex its okay
T0327,6027,3,0,3,0,1,@djceeloss awwww don't be a pussy ill show u was good with that turbo lol
T0328,6065,3,0,0,3,2,"@eHarmoniee first second an third mistake...&#128514;&#128514; i been hearing it wus trash tho...kinda wan give it a listen, kinda dont"
T0329,6119,3,1,2,0,1,"@etellurian @vcortesusmc too many little whiney bitches in AMERICA. 
Someone to CRY about ANYTHING! 
IE: Kids MUST WEAR Bicycle Helmets!"
T0330,6123,3,0,3,0,1,@fabbymichelle bitch no &#9995;&#128514;
T0331,6135,3,2,1,0,0,@femalejokerhoee yeah he sucks just like the other fags who are... oh nevermind there are NO fags in the #NFL
T0332,6179,3,0,3,0,1,@gellebeaux_ thats thot pussy? &#128514;
T0333,6224,6,0,6,0,1,@grrizzIy pudding it right in her pussy
T0334,6271,3,0,3,0,1,@hidalgoparadise lol its #hoe bitch ass
T0335,6272,4,0,3,1,1,"@hiyathanda_alps ""that hoe over there"""
T0336,6277,3,2,1,0,0,@holyh00ker he looks like a pretty dyke&#128129;&#10024;
T0337,6279,3,2,1,0,0,@hunterbuch66 @kieffer_jason @sbsylvester all u can pull is the fucking retard
T0338,6283,4,0,1,3,2,@hxhsharingan666 did you make an animal cracker taco
T0339,6298,6,0,4,2,1,@iGivePussyCPR monkey &amp; his cigarette. He's dead serious &#128514;
T0340,6309,3,1,2,0,1,"@iNURSELISA @MailOnline 
See dis what happens when a colored man move into @Rotten_Soil&#160;'s neighborhood. He ain't been sick fo 10 days"
T0341,6342,3,1,0,2,2,@imgooby you're not funny trash
T0342,6361,3,0,3,0,1,@italian_montana OUUUUUFFFFF you will see pussy
T0343,6369,3,0,3,0,1,@ittybittyber playas fuck up too lmao but that's like on trash FORREAL you a crazy one I see &#128064;&#128064;&#128565;
T0344,6378,3,0,3,0,1,@j_schlauds do it you pussy
T0345,6400,3,0,3,0,1,@jaspen7 I'm dumb then a hoe haha I already lost that thing ya gave me today &#128557;
T0346,6405,3,1,2,0,1,"@jayboogie_16 yeah, SOME NIGGAS are straight bitches."
T0347,6407,3,2,1,0,0,@jayswaggkillah Is a fag
T0348,6423,3,0,3,0,1,@jennahnorberg I'm always a call away if ya need me nigs
T0349,6432,3,0,3,0,1,@jerseyzbest74 Aye hoe
T0350,6469,3,0,0,3,2,@joshbuddy blue cheese crackers intrigues and repulses me at the same time.
T0351,6477,3,0,3,0,1,@jshcalderon lmfaoooo I'm tryna see how many hoes I can lure in
T0352,6485,3,3,0,0,0,@jumpmastere8 @dmcgowen1776 @visitorvisiting its retarded
T0353,6488,3,2,0,1,0,@just_joshin7 fag.
T0354,6494,3,0,3,0,1,@justezzzee bitch you look like one of the characters off of Sesame Street which yo ugly ass.
T0355,6519,3,0,3,0,1,@karazopfi Then send them bitches through express mail overnight delivery
T0356,6530,3,2,1,0,0,"@karmendanielle_ u gotta slow down these coon hrs all they know is love n hip hop, lebron, &amp; fake love quotes"
T0357,6534,3,0,2,1,1,@kater_tater_ shine bright like a bad bitch
T0358,6547,3,0,3,0,1,@kayliefarmer Its funny and it has that blond bitch on it
T0359,6571,3,0,0,3,2,@kenzieblake2015 its pretty easy actually. I'm just the cashier. Right now I'm eating those animal crackers lolol :)
T0360,6588,3,0,3,0,1,@kieffer_jason @NathannDevlin @zach_smith98 bitch that's next year come on the weekend
T0361,6608,3,0,3,0,1,@kieffer_jason am going to hurt more then your bitch ass feelings
T0362,6621,3,0,3,0,1,@kieffer_jason bitch let's fight today where you at or are you going to bitch up again. I think your going to bitch up again
T0363,6641,3,1,2,0,1,"@kieffer_jason keep talking I'm going to make when u can't talk, u going to be talking like a retard"
T0364,6655,3,0,3,0,1,@kieffer_jason restricton g means your license been revoked stop making excuses you a straight up bitch
T0365,6658,3,1,2,0,1,@kieffer_jason u can have a tool bet u want shoot it tho pussy ass nigga but u can't through dem hands tho
T0366,6693,3,1,2,0,1,@kirbys08 @_James_Kirby_ fuck you bitch.
T0367,6721,3,0,3,0,1,@la_di_daDEE try me pussy
T0368,6730,3,0,3,0,1,@lanaaabanana lady Bligh is my bitch!! I got 10 natty daddy's in my fridge #turnup
T0369,6732,3,0,3,0,1,@lancejw113 so many hoes &#128514;&#128514;
T0370,6739,3,0,0,3,2,@lcl03 you've been talking trash since we were 3 and 5.
T0371,6751,3,1,2,0,1,"@lexhound @discordianslip @87pest Nah, they would probably call you out for being the obsessed faggot you are also. Nice try though."
T0372,6770,3,0,0,3,2,"@littlelouie33 eh, take off hoser."
T0373,6775,6,0,0,6,2,"@lloyd7121 @jjauthor @petermickley 
Approximately 1/2 in one crash. There wasn't supposed to be that many members of a seal team on one bird"
T0374,6780,3,0,3,0,1,@longbongchris same here nigga the minute it dropped I got it. Fuck with our team bitch
T0375,6821,3,0,3,0,1,@marissaaxoo @kakestevens @mandaclementine someone needs to give these bitches a gatoraide or ten
T0376,6824,3,0,3,0,1,"@markoketchuck the black girl is lighter than every other bitch on here! y'all needa stop playin, fuckin up darkskin girls' body image"
T0377,6833,3,0,2,1,1,@maycie32 do you mean you were too distracted by being a bitch ? :))
T0378,6838,3,0,3,0,1,@mcclearyb0y other than those the university and the white black and red ones .. The rest trash anyway. They just making shit up now
T0379,6907,3,0,0,3,2,@monicawarren16 #pumprules is on bravo...quality trash
T0380,6910,3,0,3,0,1,"@moose_05 ya know gamoot, i considered it, but then I was like wait. I'm no little baby back bitch"
T0381,6919,3,0,3,0,1,@mrfoolycooly im still where that giant muk shit eats that candy with ceasar clown
T0382,6945,3,1,2,0,1,@negrorayrice @FuckTheMallcops I'll continue dis later. I'll be back bitch.
T0383,6946,3,0,3,0,1,"@neiltyson Neil, have you heard that scientists have discovered that, in fact, bitches do be trippin?"
T0384,6958,3,0,3,0,1,@niggie95 aka the lonely bitches
T0385,6997,3,0,1,2,2,@osnapitzthorne @AcaciaBrinley trash?
T0386,7028,3,0,2,1,1,@piersmorgan his hillbilly ass would shoot ya piers put ya right next to the buck hangin on his redneck ass wall
T0387,7035,3,1,2,0,1,"@ploppy74 
And you a funny ofay! My mammy woulda been happy I made friends wit da folk dat brought us to da new world in chains"
T0388,7037,3,0,3,0,1,@poak_ he was no more a cunt with a shitty attitude than Apex or Pamaj or Banks.
T0389,7046,3,0,3,0,1,"@popularcritic1 @discordianslip @fredrogers75 And you thought a camera would steal your soul. Shut the fuck up, you stupid twat."
T0390,7050,3,0,3,0,1,@potpwincess bitch was at a gas station puffin. I swear that's so trashy... Her nigga should put her in check..
T0391,7067,3,0,0,3,2,"@pubsubs @Adessences @tzanchan86 btw, genocide isn't war. The people of Gaza are no more combatants than the people of the Warsaw ghetto."
T0392,7070,3,1,2,0,1,@pussyjuices drink pussy juice nigga
T0393,7072,3,0,3,0,1,@quezada_carlos7. Right these hoes on my dick about u dats how
T0394,7089,3,0,3,0,1,@ravingrave @TheKevShow504 @eeegggiiiaaaP that's Kevin with the hoes &#128514;&#128514;
T0395,7113,3,0,3,0,1,@reptar_ray nigglet send me the pictures
T0396,7120,3,0,3,0,1,@richiechristie1 I should've &#128553; that bitches wallet was tigher than her pu$$y
T0397,7144,3,0,3,0,1,@ryancommakerry I'll actually kill that bitch
T0398,7147,3,0,1,2,2,"@ryanhoover like we all never gave the camera ""the bird""."
T0399,7164,3,2,0,1,0,@saraelizabethj4 that's what happens when you date a colored
T0400,7184,3,0,3,0,1,@sbsylvester @kieffer_jason nigga stfu u not funny we all laughing at yo retarded ass just stfu
T0401,7210,3,1,2,0,1,@sguzinski well I don't use it anymore and I'd like a dslr I'm just a broke bitch so yeah
T0402,7219,3,2,1,0,0,@shefeelsD_Payne hell naw he ain't he the star of that team lol but I'm sure that white honkey called him a nigga
T0403,7251,3,0,2,1,1,@slings_x_arrows you sub tweeting me nig?
T0404,7254,3,0,3,0,1,@sluttyboy_kush I guess you used to getting bitch cause idk anybody that Juss let ppl disrespect them n just sit there. Thts how all this
T0405,7264,6,1,5,0,1,@sorryimalex wake up you little bitch and follow me
T0406,7270,3,0,0,3,2,"@spence1reed_ bro , i heard slaughter songs .. they all trash .. they just freestylers"
T0407,7282,3,0,3,0,1,"@steeloh_supreme yeah I'm down I'm starting to promote for belasco Thursday , so u better go bitch"
T0408,7286,3,0,3,0,1,"@stevedischiavi Thanks 'Walking Dead' Bro Steve For Mend..USMC ""Come on you son-n-bitches you want to live forever""! DoG"
T0409,7315,3,0,3,0,1,@tacalifornia slid bitch
T0410,7324,3,0,3,0,1,@taylanicolexo you're just a pussy.
T0411,7328,6,0,1,5,2,@tayscalf must have run out of brownies
T0412,7339,3,0,3,0,1,@ten_ah_kei superman dat hoe no watch me uuuuuuuuuu&#128514;
T0413,7355,3,0,3,0,1,@thejokerxo yes!!! I love the hair on her pussy...lol
T0414,7364,3,0,0,3,2,@thereal_EMandM I'm off whenever I feel like it. I'm off til Monday. And you put in your two weeks flip them the bird mannn
T0415,7368,3,0,1,2,2,@therealjuicyj @ProjectPatHcp yea ho
T0416,7385,3,0,3,0,1,"@tkdfighter 
He gotta be colored"
T0417,7389,3,0,3,0,1,@tommymanson pussy
T0418,7399,3,0,0,3,2,@treagle05 early bird gets the worm tomcat
T0419,7444,3,0,1,2,2,@urbasicyabish nigor??
T0420,7463,3,0,3,0,1,@vhr6190 @NudesForJordy playoffs bitch
T0421,7465,3,0,3,0,1,@vinnyywright I don't care what they is they can catch them hoes
T0422,7482,3,0,2,1,1,@wednesdaydreams I wanted to see that but I like trash sometimes lol
T0423,7485,3,0,3,0,1,@wellheeledking old raglyscrag. me and that bitch been places.
T0424,7491,3,1,2,0,1,@whiteangelss84 @fields_devante mmm where the fuck is that at honkey? U need to wake up and realize its 2013 and get off of the skin
T0425,7507,3,1,2,0,1,@wodaeeex3 @myOWNfriend_x3 Shantrell bitch we ainn talkn to you C yo ugly way out
T0426,7545,3,3,0,0,0,@xZimpx @Prophzilla This is Twitter. Not only are you a fag but you're also retarded.
T0427,7562,3,2,0,1,0,"@yawlknow @HoskinsTy96 ""all of these rednecks and none of them can keep the fire lit"" &#128514;&#128514;"
T0428,7570,3,0,3,0,1,@yoPapi_chulo @0beytheLAU @Huntermoore that bitch needs a tittielift
T0429,7581,3,0,3,0,1,@youknowmaxwell these hoes don't want no help but they want all the help
T0430,7595,3,0,3,0,1,"@zach_smith98 @NathannDevlin bitch I didn't even know you, I was only fucking with real niggas and damn sure wasn't one of them"
T0431,7598,3,0,3,0,1,@zach_smith98 @kieffer_jason bitch stfu and get off my page
T0432,7606,3,0,2,1,1,@zlarge20 bro once I'm there next year I'll make you look like straight trash so enjoy it the little time you have left
T0433,7612,3,0,3,0,1,A .4? Jesus take me now RT @_RichHomieJuan_: @ayylmaoanod bitch you go for a .4 and mc Donald's. Fuck out the spot
T0434,7638,3,0,1,2,2,A ghetto girl's best bet is to find work at a call center and try to climb that corporate latter.
T0435,7645,6,0,6,0,1,"A hoe gon be a hoe, that ain't a hunnid."
T0436,7659,3,0,3,0,1,A lotta niccas all talk I jus let em do it
T0437,7660,3,0,3,0,1,A lotta u niccas ain't who u say u is!
T0438,7675,3,1,2,0,1,A nigga will say the worst about a bitch and she'll still feel validated as long as he would fuck her.
T0439,7695,3,1,2,0,1,ATTENTION! Leggings ain't for everybody. Especially you hippo looking hoes!
T0440,7705,3,2,1,0,0,"Accept your flaws and imperfections because that's what makes you, YOU! See I'm a fuck, small dick faggot with parents who don't love me."
T0441,7725,3,0,3,0,1,After you get good pussy you be feelin like you just found the last dragon ball..
T0442,7735,3,0,3,0,1,"Ain't like them guys who wine and dine to keep they women.. My bitches only want two things, that's to get high and kick it"
T0443,7744,3,0,3,0,1,Ain't nothing funnier then watching a woman try to hide her inner hoe &#128514;&#128514;&#128514; know she like to get hit from the back and have a finger...nvm
T0444,7748,3,2,1,0,0,Ain't nuttin but a white trash party.
T0445,7753,3,0,3,0,1,Ain't this a bitch---&gt; Clock mistake in Alabama-Arkansas - via @ESPN Champ Drive http://t.co/Go1XTsuv6O
T0446,7755,3,0,3,0,1,Aint This A Bitch... I just saw my bitch kiss a bitch . You lucky I dont kill yo ass but you can still get pistol whipped - wayne
T0447,7758,3,0,3,0,1,"Aint no hoe worth loosing your wife, aint no beef worth loosing your life!"
T0448,7764,3,0,0,3,2,"Alarm set, early bird n all that. Night all xx"
T0449,7800,3,0,3,0,1,All deses bitches turnt up I'm fenna turn em down
T0450,7809,3,0,3,0,1,All my hoes they so rude
T0451,7821,3,0,3,0,1,All people do in my house is bitch
T0452,7827,3,0,2,1,1,All the bitches happy maybe one of his female friends can find him a bitvj
T0453,7839,3,0,3,0,1,All the time lol RT @KoolAssK: Lol ima hoe sometimes
T0454,7852,3,0,3,0,1,All these break ups gon be a crazy hoe free agency this summer #DOYOURGOOGLES
T0455,7856,3,0,3,0,1,"All these hoes fucking, but they don't want to seem like a hoe so you gotta hit em on the low."
T0456,7862,3,0,3,0,1,All these ratchet hoes be on tha same stuff !
T0457,7880,3,0,3,0,1,"All you pussies is losers, all my niggas is winnin"
T0458,7891,3,2,1,0,0,"Almost got to see a white boy get beat around today, but he ran like a bitch."
T0459,7905,3,0,0,3,2,"Also, it&#8217;s a hiccup to Jihadi propaganda: they portray themselves as the only ones willing to die for their cause."
T0460,7920,3,0,0,3,2,Amazing. You know what they say about birds of a feather http://t.co/mefmPB3aW5
T0461,7927,3,0,1,2,2,Amo hangs http://t.co/h8UQDrjeCb
T0462,7949,3,0,3,0,1,And get my self a bad bitch thats loyal and one hunnid
T0463,7983,3,1,2,0,1,"And you adopted bitch? I don't give a fuck what kind of ""Mental illness"" they claimin imma kill ya"
T0464,7989,3,2,1,0,0,Ankles &#128128;&#128514;&#8220;@Saina_faal: &#8220;@martian_Mulah: Hood bitches with long weave is the worst thing ever&#8221; weave that be touching their ashy ankles &#128567;&#8221;
T0465,8039,3,0,3,0,1,As a man ... I feel like you a bitch if you living off a female . Havin her buy all yo shit fucc that never be dependent on someone
T0466,8050,3,0,3,0,1,Asha my bitch doe &#128553;&#128076;
T0467,8055,3,0,3,0,1,Ask your bitch about me she turns into dori. &#128032;
T0468,8060,3,0,3,0,1,At least ima a faithful bitch &#128524;
T0469,8087,3,0,1,2,2,Aye a nicca is tired tho!
T0470,8088,3,0,3,0,1,Aye it's a lot of niggas out here that can't fuck a bad bitch unless they get her drunk smh #Preach
T0471,8143,3,0,3,0,1,Bad bitches is the only thing that I like!!!!!! #BBLU this Saturday #BBLU #SuedeLounge #RICHGIRLS
T0472,8148,3,0,3,0,1,Bad blood in the camp &amp; if it's bout a bitch just know I don't respect it homie
T0473,8180,3,0,3,0,1,Be a dog to these bitches bt be a KING TO YA QUEEN '
T0474,8186,3,0,0,3,2,Beans that were yellow before Friday night are brown now-a few green leaves curled-frost but not freeze-bean size reduced - top end shrinks
T0475,8189,3,0,3,0,1,Beat the pussy in so well her shit still hurting from a week ago
T0476,8194,3,1,2,0,1,Because a nigguh but don't mean you're pussy is bomb
T0477,8195,3,0,3,0,1,"Because at your local insurance agency, the customer is ALWAYS our bitch. #itakeshitfromnoone &#128079;"
T0478,8217,3,0,3,0,1,Being single and not texting no bitches late night almost wacker than coming home after the club drunk and fuckin your girlfriend
T0479,8219,3,0,3,0,1,Believe in the heart of the cards bitch.
T0480,8239,3,0,1,2,2,Big Red and fat squaw ...lol my hubby is so funny!! #insidejoke
T0481,8249,3,0,0,3,2,Big night of &#127936; #hoosiers #iubb #big10 and #pacers #nba #indiana #hoosierstate #paulgeorge #codyzeller http://t.co/UFmje1gk
T0482,8252,3,0,3,0,1,Biggest booth I ever seen lastnight bitch had a leopard print jumper on look like an over weight leopard
T0483,8265,3,1,2,0,1,Bitch and who the fuck r u am speak when the fuck I feel like it and stop a pussy ass Nigga and box the fuck up
T0484,8297,6,1,5,0,1,Bitches be sounding damnear retarded on tbh videos &#128514;&#128514;&#128514; nbs
T0485,8316,3,0,3,0,1,"Bitches swear up and down they pussy the best, but ain't."
T0486,8327,3,0,3,0,1,Blac Chyna's ass should've threw him off first of all. It's wop sided and those cheek piercing trashy as hell.
T0487,8352,3,0,3,0,1,"Bomb your house,
Then fuck your bitch.
All hail Al Qaeda"
T0488,8355,3,0,3,0,1,Boosie ran this hoe
T0489,8357,3,0,3,0,1,Bored then a hoe in the auditorium &#128557;&#128299; hmu! http://t.co/V8tgqHEAg8
T0490,8378,3,0,3,0,1,Bout to unfollow all the bitches I follow currently and follow all new bitches. I need change in my life and I feel like that's a good start
T0491,8408,3,0,0,3,2,Brilliant job by @NelsonCanache to limp it back to the pits without causing a yellow. Wish he didn't need to though. #PLM
T0492,8418,3,1,2,0,1,Broke bitches make me sick
T0493,8431,3,0,3,0,1,Bruh I'm ready to get this four wheeler that bitch is fast asf
T0494,8436,3,0,3,0,1,Bruh went so hard on that bitch he deserves pimp of the year
T0495,8470,3,0,2,1,1,But Carl is a bitch &#128526;
T0496,8492,3,0,3,0,1,But this emotional shit is absolutely for the birds.....
T0497,8499,3,0,3,0,1,"But you love me, you don't wanna be with nobody else, blah blah.. Bullshit fa the birds.."
T0498,8513,3,0,1,2,2,California has gangs because California is trash.
T0499,8524,3,0,3,0,1,Calling it am early night heartache is a bitch #broken
T0500,8525,3,0,0,3,2,"Calling out teabaggers, conservatives on their BS: http://t.co/l8Qx8RMjrG via @YouTube"
T0501,8551,3,0,3,0,1,Can these birds shut the fuck up
T0502,8613,3,0,0,3,2,Cardinals score 1st. They lead 1-0 in the top 3rd with birds on base. #NLCS #SFvsSTL
T0503,8631,3,1,2,0,1,"Cay said ""well bitch I THOT you was on house arrest so you ain't walking NO WHERE!"" &#128514;&#128557;&#128514;OMG I hate her"
T0504,8643,3,0,3,0,1,Change the game on u bitches&#128526;
T0505,8648,3,0,0,3,2,Charlie Baker for Mass Gov..the most lib newspaper in most lib state supports 'R' for Gov! DoG http://t.co/DRSXOzTRUI via @BostonGlobe
T0506,8675,3,0,3,0,1,Charlie not fukin around in Austin.. Every week somebody getting kicked off the team.
T0507,8683,3,0,3,0,1,Check his hoe for I check her &#128175;&#128129;&#128581;&#128079;
T0508,8697,3,3,0,0,0,"Chill RT @PhillyTheBoss If I ever become president Imma ban Henny from America..... For a Day, just to see you negroes panic. ""gotcha bitch"""
T0509,8717,3,1,2,0,1,Citi field bitches http://t.co/gHxXmb3M
T0510,8722,3,0,3,0,1,CleanUp bitch i just got off the phone with em!
T0511,8727,3,0,3,0,1,Clown ass nigguh
T0512,8743,3,0,2,1,1,"Come on Tank, break dem hoes backs!"
T0513,8750,3,0,3,0,1,"Completely off topic, idgaf about that pretty hoe tho"
T0514,8773,3,0,3,0,1,Cousins looking for bitches I hope RT @TheOnlyReed: THE FUCK IS THIS? http://t.co/jLrApkDlYs
T0515,8777,3,0,3,0,1,Crangrape &gt; good pussy
T0516,8786,3,1,2,0,1,Cruise's recent comments make him a bigger douchebag than Charlie Sheen &amp; he didn't even have any 'Tiger Blood'
T0517,8801,3,0,3,0,1,"Currently, &#8216;Sup twat licker&#8217;"
T0518,8836,3,0,0,3,2,Dad called me a border hopper
T0519,8848,3,0,3,0,1,Damn I hate a bitch that like to argue and shit
T0520,8861,6,1,5,0,1,Damn change change niccas
T0521,8867,3,0,2,1,1,Damn rednecks outside shooting guns keep waking my kids up. No sleep for us tonight. Thanks #2A! Work at 8am is going to be so great...
T0522,8876,6,1,3,2,1,Damn who knew this whole time that I was the angry negro dude? http://t.co/sp5zRUFvkL
T0523,8877,3,1,2,0,1,Damn you a hoe
T0524,8891,3,0,3,0,1,Dat bitch mouth made da honor roll
T0525,8903,3,0,2,1,1,Dawg ass hoes
T0526,8959,3,0,3,0,1,Dick game make a faithful bitch start cheat in
T0527,8966,3,0,3,0,1,Did la mulatta just refer to herself as a darkie? @thejournalista @huny @gwarbucks @tygress
T0528,8978,3,0,3,0,1,"Difference between ""niggers"" and ""niggas"". #Tupac my OG &#128175; https://t.co/L2Fm9cFgFW"
T0529,9037,3,0,1,2,2,Don't follow the astros they said. They're trash they said. Well now look at them #astros
T0530,9046,3,0,3,0,1,Don't judge me.. i am vindictive and vengeful when it comes to bitches disrespecting me.
T0531,9055,3,0,3,0,1,"Don't love yo bitch, just fuck yo bitch when I got time to do it"
T0532,9060,3,0,3,0,1,Don't no nigga want an artificial bitch ... Let me repeat that.... Not one !!!
T0533,9088,3,0,3,0,1,Down to catch a body bitch!
T0534,9090,3,0,1,2,2,"Drake T.I&#8220;@MsBTxo &#8220;@_sirhampton_ 3 Stacks, Kendrick RT @xHollywoodCourt: Name a rapper that alot of people like...but you think is trash&#8221;&#8221;"
T0535,9091,3,0,3,0,1,Drake gets the bitches
T0536,9098,3,0,3,0,1,"Dress like a hoe, I'm goin at you like a hoe just like any other nite. Forget Halloween."
T0537,9107,3,0,3,0,1,Drop dead gorgeous a bitch ain't dying for a nigga
T0538,9118,4,0,3,1,1,Dude said 1:30 bitch I took a whole nap before my 5:30 midterms
T0539,9134,3,0,3,0,1,Dumb ass student gets trapped in a giant #pussy sculpture http://t.co/5IzMLkvZZV #germany #wtf #funny #hornymen
T0540,9139,3,0,3,0,1,Dumb bitches are one thing that'll never become extinct..
T0541,9145,3,0,3,0,1,Dwight could've had me instead of that ugly young hoe&#128553;
T0542,9151,4,0,4,0,1,EJ wanna be Michael Sam bitch so bad.
T0543,9163,3,0,0,3,2,Early bird gets the worm!
T0544,9168,3,1,2,0,1,Easy Congo! RT @80sbaby4life Fuckin faggot RT @HumbltonBanks: All though I eat my lunch on the road frequently
T0545,9184,3,0,0,3,2,Egypt? R the muzzie Bros still running things? .@PeterClifford1: @TurtleWoman777 Only a tad better. Certainly no respectors of Dem though
T0546,9208,3,0,3,0,1,Even bitches with bad attitudes bumpin to our tunes.. They high maintenance.
T0547,9220,3,0,2,1,1,Ever pop a bag of chips and that bitch bust open on the end facing the fuckin floor
T0548,9231,3,0,3,0,1,Every nigga tryna fuck the next nigga bitch but not knowing his bitch is the next nigga bitch
T0549,9247,6,0,6,0,1,Everybody fucking everybody bitch &#128588;&#128168;&#128168;&#9996;&#65039;&#128080;&#128079;&#128078;&#128581;everybody with the shit ....that's LIFE &#128165;&#128173;
T0550,9293,3,0,3,0,1,Facebook is for fags
T0551,9304,3,1,2,0,1,Falls in that pussy like quick sand &#128524;
T0552,9308,3,0,0,3,2,Fantasy squad doing so trash :/
T0553,9309,3,1,2,0,1,Fat Trel that niggah &#128076;
T0554,9357,3,0,1,2,2,Finding cheap 240s on Craigslist but they all need a new tranny &#128553;&#128532;
T0555,9364,4,0,4,0,1,Finna favorite my last tweet so niccas will kno I been knew wassup
T0556,9380,3,0,3,0,1,Fizz a whole hoe outchea see would of been walking
T0557,9383,3,2,1,0,0,"Flaming faggots that publicly state how they want everything handed to them... Like fuck you dude, get off your bottom ass and do something"
T0558,9384,3,0,0,3,2,Flappy bird instead of studying? Sounds great.&#128527; &#128555;#flappybirdisruiningmylife
T0559,9387,3,0,0,3,2,Flappy bird stresses me out
T0560,9413,3,0,3,0,1,"For guys ?bros over hoes?. For girls ?chicks over dicks?. For me, it?s ?whoever has my back over the fake ass people, any day?"
T0561,9428,3,0,0,3,2,Four ho&#251;rs to back up this iPhone haha... Jokes &#128530;
T0562,9430,3,0,3,0,1,Freak hoes
T0563,9460,3,0,1,2,2,Friends don't let friends become guidos. #themoreyouknow
T0564,9498,3,2,1,0,0,Fuck ass redskin corners
T0565,9530,3,2,1,0,0,Fuck that nigga's shit up! Olivia's pussy got Fitz going batshit!!!
T0566,9531,6,0,6,0,1,Fuck that niggah he so weak he cant tell that you a freak
T0567,9547,6,1,5,0,1,Fuck this fuckin bitch and her stupid analysis bullshit
T0568,9616,3,0,3,0,1,"GIRL! Trying to put dem bitches on, too! RT @CeeisMee: In AutoZone trying to buy the correct wiper blades for my car http://t.co/tifQceESts"
T0569,9618,3,0,3,0,1,GOAT RT @DBlockDeuce_215 Nitty had bitches rubbin his beard and stomach at the same time in Jollies.. LEGENDARY
T0570,9623,3,0,0,3,2,"GUYS, I just walked into an office, and the secretary has a bird. Looks like I may just find out for myself. http://t.co/T9U4VGWJWv"
T0571,9629,3,0,3,0,1,Gabby's a bitch and has three accounts
T0572,9632,3,0,3,0,1,"GahDamn I got bitches, damn I got bitches, damn I got bitches, wifey, girlfriend, and mistress!!"
T0573,9679,3,0,0,3,2,Getting off twitter jigg trynna stress me out more I don't need this type of heat&#128553;
T0574,9687,3,0,3,0,1,Gimme my grade bitch you know wat I'm trying to spell
T0575,9715,3,2,1,0,0,God I would sell both my nuts to watch LeBron tear his ACL right now and watch all those pussies kill themselves
T0576,9752,3,0,1,2,2,"Good day, honkies. ...I said GOOD DAY! ...honkies."
T0577,9758,3,0,3,0,1,Good morning Monday I have my truck money full tank and I didn't do any homework. Your my bitch Monday
T0578,9764,3,0,0,3,2,Good pick birds
T0579,9769,4,0,4,0,1,"Good weed, bad bitch. Got these hoes on my dick like Brad Pitt."
T0580,9770,3,0,0,3,2,"Good! She's a ghetto thug! &#8220;@grasswire: ""So FPD just arrested @SenNasheed for being in the street. #Ferguson&#8221; https://t.co/puIwlUnBIz&#8221;"
T0581,9791,3,0,0,3,2,Got chunky marmalade today of a greatful customer for my service over the past 2 yrs #PostieTweet #ServiceMatters http://t.co/pSEnGvyxrw
T0582,9799,3,0,3,0,1,"Got my shit changed doe , find the PW now bitches ! Haha"
T0583,9806,3,0,0,3,2,Got to 18 on flappy bird...
T0584,9819,3,2,0,1,0,"Gotta love rednecks. Loud, stupid, stubborn, and full o schitt."
T0585,9825,6,1,5,0,1,Gotta watch these hoes &#128064;
T0586,9863,9,2,4,3,1,"HOT ISIS SOCIAL MEDIA PHOTO: Laughing Jihadis Get Baby To Kick Severed Head &#8211; ***warning, graphic*** http://t.co/7Zr8daxNg4 #tcot #pjnet"
T0587,9879,3,1,2,0,1,Haha I'll shoot you and that bitch I guess my gun is bi
T0588,9891,3,0,3,0,1,Hahahaa so people can't parent differently...? Twitter is fuckin trash ahahahha http://t.co/b6koSBMzBz
T0589,9925,4,1,2,1,1,Happy birthday fag @collin_geer love ya
T0590,9932,3,1,2,0,1,Happy birthday to the biggest retard out there. Youre my favorite retard though @jennahnorberg happy birthday nigs
T0591,9984,3,0,3,0,1,He called me just to say he was deleting my number.... bitch please.
T0592,10012,3,0,0,3,2,He so trash RT @yusufyuie Cary Williamsc GOT CARRIED lol
T0593,10032,3,0,3,0,1,Heard you gotta new bitch. See ya postin' up thinkin' that it's making me sick.
T0594,10041,3,0,3,0,1,"Hell yuhh they hit haha s/o ma nigga,
gmula! Cheweing one takes a chug, then sniffey"
T0595,10050,3,0,3,0,1,Her pussy clean but she dance dirty..
T0596,10070,3,0,0,3,2,"Hey if I stir a Spider, Rockstar, and Monster together and chug it, would I /definitely/ be hospitalized or just maybe? Asking for a friend"
T0597,10080,3,0,0,3,2,"Hi Charlie, eating leftover candy? @Charlie4927 @StacyDmomof5 @RevkahJC @cantUCIMblonde @Kacado @PattiSM74"
T0598,10103,3,1,2,0,1,Hit my car with another rock and I'll be all over your ass in no time bitch.
T0599,10119,3,0,3,0,1,Hoes be like my niggas can't have no hoes... but that how he meet yo ass!
T0600,10123,3,0,3,0,1,Hoes gon always be hoes or have they hoe ways at least.
T0601,10144,3,0,3,0,1,"Holy fuck. White bitch with ""4 baby daddy"" straight goes ""who uses condoms anyways"" 

Bitch maybe you should so you'd stay outta the clinic!"
T0602,10152,3,1,2,0,1,Honestly at this point I doubt I'd fuck Miley Cyrus anymore that bitch is a mess.
T0603,10167,3,0,1,2,2,Houston has so many trash drivers
T0604,10173,3,0,3,0,1,How are you gonna be a cunt to your friends
T0605,10193,3,0,0,3,2,How is Angry Birds the movie going to work? They're just floating bird heads?
T0606,10210,3,0,3,0,1,How you fucc for cash but u not a hoe ???? And how I'm going to respect u if your poccets broke ??????
T0607,10237,3,1,2,0,1,I Fucken can't stand little cunts that write a damn Essay on how the feel about something on Facebook. #gross
T0608,10265,3,0,3,0,1,I ain't stressin you hoes. Know dat &#128133;&#128129;&#128068;
T0609,10311,3,0,3,0,1,I based niggas on how they bitch look &#128514;&#128514;&#128514;
T0610,10317,3,0,3,0,1,I be like nigga you's a real mark ass bitch for that lol
T0611,10318,3,0,3,0,1,I be like... bitch please. lol http://t.co/PNVmaacWY0
T0612,10324,3,0,3,0,1,"I be seein you bitches in the whip wit your boyfriend but he be lookin like your dad so I be eye ballin, then here comes ole salty ass bf"
T0613,10347,3,0,3,0,1,"I been with the same STUD for a year....That bitch, her attitude nasty."
T0614,10359,3,1,2,0,1,I bought a 357 and went back to the neighborhood and busted that bitch!
T0615,10363,3,0,3,0,1,I called at least 20 times to make my hair appointment and these bitches don't pick -.- guess I have to stop in to make an appointment #Grrr
T0616,10401,3,0,0,3,2,I can't play flappy bird. It makes me angry.
T0617,10410,3,0,3,0,1,I can't talk to anyone but you can go answer little.phone calls from your little bitches on the low in the bathroom foh
T0618,10419,6,0,6,0,1,I can't with this disrespect ass bitches
T0619,10427,6,0,6,0,1,I copped a Uzi but I need some bullets for that bitch !
T0620,10428,3,0,3,0,1,I could NEVER bring myself to fw a bitch or nigga that wears EVERYBODY else shit like um no YOUR BROKE &amp; bummy ya fuccing boof &#128514;&#128557;&#9995;&#128553;
T0621,10430,3,0,3,0,1,I could blank all you son's of bitches out #getatme #goofy #fuckmongo #naynayismongo
T0622,10444,3,0,3,0,1,"I despise clich&#233;s... you aint original bitch, you are a copy. #deleted"
T0623,10480,6,2,4,0,1,I don't fuck with these niggas cause they shady I don't fuck with these bitches all they want is to have my baby
T0624,10509,6,0,6,0,1,I don't love you hoes.
T0625,10518,3,1,2,0,1,I don't trust no bitch ... I dog em out
T0626,10527,3,0,3,0,1,I don't want no boof hoes or no burnt girls !
T0627,10529,3,0,0,3,2,I don't want to deal with yesterday's trash! There's a reason it got thrown out in the first place
T0628,10551,3,0,3,0,1,"I dress how I feel, if I felt like a bitch id dress like one"
T0629,10553,3,0,3,0,1,I eat generic Oreos.. Baller with a budget bitch.
T0630,10564,3,0,3,0,1,I feel like a swag fag w this shirt lmao http://t.co/P2x2qbejOh
T0631,10569,3,0,3,0,1,"I feel like this hoe owe me something ..,"
T0632,10581,3,0,3,0,1,"I find it hard to believe cee-lo raping hoes, it's too easy to get them panties off when you successful"
T0633,10598,3,1,2,0,1,"I fucking hate this fucking neighborhood, these fuckin bitches have someone over everyday ya3ne."
T0634,10599,3,2,1,0,0,I fucking hate you niggers bruh... http://t.co/OeTK4f94BO
T0635,10612,3,0,3,0,1,"I got 2 bitches if them bitches snitching then finger itchin. shot em the kitchen, Makem wash the dishes."
T0636,10633,3,0,3,0,1,I got bad bitches on stand by
T0637,10652,3,0,3,0,1,"I got my own legacy bitches, fuck yall legacy @ChavoDaGreat @JacobRyanBruhn"
T0638,10673,3,0,3,0,1,I gotta admit i used tell bitches everything they wanted to hear Bighead change my ways a lil bit
T0639,10677,3,0,3,0,1,I gotta bottle of liq at the crib when I get off I'm hitting dat bitch bare&#128553;... the liq dat is!!!
T0640,10680,3,0,0,3,2,I grew to hate blonde and primary colored weaves but that wouldn't stop me from requesting some good mouthwork.
T0641,10694,3,0,0,3,2,I had froyo with brownies for dinner tonight. Being an adult is making these executive decisions
T0642,10701,3,0,3,0,1,I hardly text back so these hoes love to phone me
T0643,10703,3,0,0,3,2,I hate Hashtag activism. No lie. I think 95% of it is trash.
T0644,10704,3,0,3,0,1,"I hate a "" think she know how to out head type bitch foh """
T0645,10709,3,1,2,0,1,"I hate a extra ass bitch or an extra ass nigga . you're doing too much , just stop . It's unnecessary ."
T0646,10739,3,0,3,0,1,I hate pulling into stores. Niggas be staring like they never seen a bitch drive a car with rims and a system. .
T0647,10746,3,0,3,0,1,I hate texting boring bitches
T0648,10747,3,0,0,3,2,I hate that I wake up early the morning after I drink. But the fact that there was a cold yellow gatorade in the fridge gets me so happy
T0649,10768,3,0,3,0,1,"I hate when bitches ""been thinking"" smh"
T0650,10783,3,1,2,0,1,"I hate when girls say ""forever alone"" like shut up your ""forever a hoe"" not forever alone so shut up before I get your dick breath on me"
T0651,10785,3,0,3,0,1,"I hate when hoes tweet about ""hoes""...? Okay, that aint hypocritical"
T0652,10787,3,0,3,0,1,I hate when my best friend gets a new bitch and barely chills with me
T0653,10828,3,0,3,0,1,"I heard rumors of a vile, hideous, traitorous bitch named Pelosi parading around w/ illegal aliens while Vets get the shaft. #bloodboiling"
T0654,10867,3,0,0,3,2,I just need the Yankees to win the pennant!
T0655,10868,3,0,3,0,1,I just need to know what that pussy like so one time is fine with me - drizzy lol
T0656,10900,3,0,3,0,1,I know I talk a lot of shit but bitch best believe I can back that shit up.
T0657,10901,3,0,1,2,2,"I know I'm a hillbilly, but is there anything better than a big pot of beans and cornbread? Little hot sauce on top."
T0658,10931,6,0,6,0,1,I let hoes make it too much
T0659,10936,3,0,3,0,1,I like a hoe that like a hoe just for my amusement
T0660,10957,3,0,0,3,2,I like the Yankees toinight -107 http://t.co/J4rhaMBu
T0661,10966,3,0,3,0,1,I look better on your bitch than her outfit on my floor @justinmiculka01 #myboy
T0662,10985,3,0,3,0,1,I love bad bitches thats my fuckin problem forreal real shit i cant even help it
T0663,10992,3,1,2,0,1,I love going to @Walmart and looking at #guns with my wife. We talk about them in Spanish as the rednecks stare at us and reconsider #2A.
T0664,10997,3,0,3,0,1,I love how people use twitter to just bitch an complain #fuckyou
T0665,10999,3,0,0,3,2,I love jigg jigg&#128514;
T0666,11009,3,0,3,0,1,I love this ho @nerissaloren http://t.co/I5obSnjj
T0667,11010,3,0,3,0,1,I love to eat pussy! #love #investment
T0668,11029,3,0,3,0,1,"I mean if a bitch whilin out, she gone get knocked tf out"
T0669,11040,3,0,3,0,1,"I miss her but I can't bitch I was the one who fucked up, whatever"
T0670,11084,3,0,0,3,2,I nicknamed Lux Coach K because without him we would of never heard of Duke lol Charlie
T0671,11090,3,0,3,0,1,I only wanna see bad bitches on snap chat
T0672,11107,3,0,3,0,1,I realized Tacal is a bitch
T0673,11110,3,0,3,0,1,I really can't stand while people slander shit 90% trash
T0674,11137,6,0,6,0,1,"I remember when it was ""watch out for her, she has cooties!"" Now, it's ""stay away from that hoe, she has herpes."""
T0675,11165,3,0,3,0,1,"I should probs shave my spic stash soon, its kinda getting out of hand"
T0676,11179,3,0,3,0,1,I spent my whole 4th lookin for my hoes.. Missed the fireworks and all before I realized I didn't have any hoes.. #AllBad
T0677,11197,3,1,2,0,1,I swear I worry about me and nothing's but me. I keep no other bitch on my radar.... I'm not gay.... &#127383;
T0678,11268,3,0,1,2,2,"I told her too. I said ""bri don't get in tweef with anyone because you're trash at it"" and then she goes and tweefs with like 6 freshman"
T0679,11320,3,0,3,0,1,I want to paint but faggot won't paint with me...
T0680,11327,3,0,3,0,1,I was at a red light on decatur &amp; lake mead &amp; some bitch that knew me was too happy to see me&#128514;like bitch was finna get in my passenger seat
T0681,11342,3,0,3,0,1,"I was kidding guys I don't have hoes, don't let @Lov3Tadaisha lie to y'all."
T0682,11371,3,0,3,0,1,I wish I had a reason to buy a suit for a wedding but clearly bitches dont know what those are.
T0683,11378,3,0,3,0,1,I wish a bitch COULD
T0684,11388,3,0,3,0,1,I wish people could just be straight up with me. Don't be a fake bitch to me because I'm not a fake bitch to you. Or anyone actually.
T0685,11411,3,0,3,0,1,"I would call you a bitch, but that's frowned upon."
T0686,11419,3,0,3,0,1,I would love to not be hit with the jig for once in my fucking life
T0687,11436,3,0,3,0,1,I'd have to go off on a bitch
T0688,11446,3,0,3,0,1,I'll NEVER let a broke bitch influence me &#128564;
T0689,11503,3,1,0,2,2,"I'm a redneck, but without the homophobia and racism"
T0690,11519,3,0,1,2,2,"I'm an 18 year old gay driving through the back roads of redneck Virginia blasting Cheetah Girls. If that doesn't scream sitcom, what does?"
T0691,11527,3,0,3,0,1,I'm bout to be.back on my old shit I miss my hoes texting me saying they wanna come see me
T0692,11562,3,0,3,0,1,I'm getting tired of you telling what the fuck I'm doing every time I'm doing something lol. -peckerwood guy
T0693,11580,3,0,3,0,1,I'm happy I ain't that bitch I use to be
T0694,11618,3,0,3,0,1,I'm not BROKE &#128080;&#128581;&#128078;&#128164; bitch I'm BLESSED &#128588;&#128591;&#128591;&#128077;&#128077;&#128076;&#9996;&#65039;&#128175;
T0695,11631,3,0,0,3,2,I'm not really a phone kinda guy.. I actually hate talking on the phone &amp; texting kinda trash to me also.
T0696,11638,3,0,3,0,1,"I'm off work, where the naked hoes and alcohol?"
T0697,11656,3,0,3,0,1,I'm ready to bounce out dis bitch -.-
T0698,11666,3,0,3,0,1,I'm serious bruh! She's too pretty I would eat both her pussy &amp; butt &#128557;
T0699,11673,4,1,3,0,1,I'm sick of you hoes for real I got somebody that looks up to me so I ain't bout no pussy shit.
T0700,11676,3,0,3,0,1,I'm so excited to hang out with my bitches @CheralynVB @LaurieMcKinley
T0701,11677,3,0,3,0,1,I'm so faded my nigga I'm about to disappear in this bitch
T0702,11687,3,0,3,0,1,I'm sorry but why should I care about what bitch my nigga was fucking w before me
T0703,11688,3,0,3,0,1,I'm sorry.. I'm sorry.. I can't fuc wit u no mo hoe.. and I'm sorry &#128514;
T0704,11700,3,0,3,0,1,I'm talkin bout superb punching. The ref wAs on some hoe shit against Carlton Haywood. Dude took a full minute of unanswered @Royceda59
T0705,11734,3,0,0,3,2,I've never had a Twinkie.
T0706,11744,3,0,1,2,2,ISIS Jihadis Discuss &#8216;Buying And Selling&#8217; Yezidi Girls As Slaves http://t.co/UoPgIPOpWS #tcot #pjnet
T0707,11768,3,0,3,0,1,Idk how bitches trust other bitches sooo easily. I still have the same friends.
T0708,11772,3,0,3,0,1,"Idk who tf Roro &amp; Sophie are, but I'm glad they got bitches twerkin for the vine in they whips"
T0709,11781,3,0,2,1,1,If Dj Khaled eats Nicki Minaj's pussy he finna taste everyone in the rap industry
T0710,11789,3,0,1,2,2,"If I ever committ a crime, you can cite LVL as being the sole influence."
T0711,11799,3,0,3,0,1,If I smoke with ya bitch its over
T0712,11802,3,0,0,3,2,If I were a kid today...Michelle Obama's lunch would wind up in the trash can
T0713,11806,3,0,3,0,1,If I'm sharing my nigga with every other bitch why tf do I want him. He ain't no longer special. The heck.
T0714,11808,3,0,3,0,1,If Kubiak was a player they'd pump him with painkillers and tell him to stop being a pussy.
T0715,11812,3,0,3,0,1,If a bitch choosin let her choose lmao that is all !
T0716,11827,3,0,3,0,1,If anxiety was a person I'd kill that bitch so fuckin fast.
T0717,11861,3,0,3,0,1,If she dont appreciate that and say yes. The bitch aint real.
T0718,11883,3,0,3,0,1,If this bitch don't turn Crash in &#128545;&#128074;&#128299;
T0719,11888,3,0,3,0,1,If u a bitch an i hadddd u i wouldnt give a fuck if Chris brown bagged u bitch i had u already lol
T0720,11890,3,1,2,0,1,If u bad niggas a really play nice to get to the pussy then... that ass gone &#128514;
T0721,11924,3,0,3,0,1,If you don't fuck with @ChrisWebby your either A) slackin B) a turd burgular C) a pussy face. or D) all of the above #WhichIsIt ?
T0722,11943,3,0,3,0,1,"If you hang with hoes, you're a hoe by association. If you try and debate this, you're a hoe. If you get offended by this, you're a hoe.&#128175;"
T0723,11953,3,0,0,3,2,"If you must call me a cracker, please call me a Cheez-It, not a saltine."
T0724,11962,3,2,1,0,0,"If you say any of the following words the convo is over: nigger, nigga, swag, yolo, fag, retard."
T0725,11972,3,0,0,3,2,"If you think that the term #redskins being offensive is a political issue, you are ignorant."
T0726,11976,6,1,5,0,1,If you was a bitch nigga in 2013 you still Gona be a bitch nigga in 2014 &#128175;&#128175;
T0727,12005,3,0,3,0,1,Ill fire that nina like its her first day on the job an the bitch over slept
T0728,12007,3,0,3,0,1,Illist bitch alive
T0729,12031,3,0,0,3,2,Im in mickey ds and he gone ask for a double cheese burger wit no cheese!!! #FOH
T0730,12038,3,1,2,0,1,"Im married to a retard, must be why we're so good together. Nigga hunching me in his sleep."
T0731,12051,3,2,1,0,0,Im soooooo tired of this dick dyke showing up on my fb feed. Real studs dont fucc niggas. Just be bisexual.
T0732,12064,6,0,6,0,1,Im tired of these bitches actin like they loyal lol
T0733,12086,3,1,2,0,1,Imma knock the pussy out like fight night
T0734,12090,3,0,2,1,1,"In Hopes of Recruiting More Women, ISIS Opens Jihadi Finishing School http://t.co/nMua12yr2W http://t.co/qi1YqNmemw"
T0735,12109,3,0,3,0,1,"In this update you will find lots of hardcore cock sucking, ass pounding and pussy pulsing thrills. I have to&#8230; http://t.co/LVODRmiwIh"
T0736,12139,3,0,3,0,1,Ion like the ho cause she talk to mf much with ha real butt ugly ass dumb young ass ho &#128553;&#128074;&#128522;&#128299;&#128591;&#128079;&#128530;&#9996;&#65039;
T0737,12150,3,0,1,2,2,Is Hillary the &#8216;dodo bird&#8217; candidate? http://t.co/YfUbgwQ4tw via @worldnetdaily
T0738,12152,3,0,3,0,1,Is Wayne Brady gonna have to choke a bitch?
T0739,12189,3,0,2,1,1,"It already Soaked, Sinked, &amp; Melted so dropped that's shit bitch IDGAF linc up or get caught &#128175;"
T0740,12197,3,2,0,1,0,"It happens AGAIN!! Black pack beats ""whitey."" This should make national news. http://t.co/izKoA2Xb"
T0741,12198,3,0,3,0,1,It is fucking retarded how I can't say a single thing in this house without some blowback.
T0742,12203,3,0,2,1,1,It opened up with some clouds parting and with SILK-----&gt;Can we get a room on the southside of the ghetto!
T0743,12209,6,0,5,1,1,It seem like Cory talked to 75% of all indianapolis hoes &#128514;&#128514;&#128514; nbs
T0744,12345,3,0,3,0,1,Jax a hoe!
T0745,12364,3,1,0,2,2,Jihadi John beheader of journalist Foley and Sotloff Was 'Arab Charity Collector' http://t.co/RL7F2qV56F via @BreitbartNews
T0746,12389,3,0,3,0,1,Joes parties got hoes but it's always hot as hell
T0747,12392,3,0,0,3,2,John McCain trashes Jay Carny live on CNN - #Syria #ISIS #Obama http://t.co/ZT690BkTrI
T0748,12421,3,0,0,3,2,Just as trash as the others. Fixed none of my issues. RT @SheSeauxSaditty: Naw. RT @GlitteryGlossy: Anyone download ios 8.0.2 yet?
T0749,12455,6,0,6,0,1,"Just passed my ex's neighborhood and came across the thought that, in the end, I was the side bitch."
T0750,12461,3,0,3,0,1,"Just said cunt in front of this old lady, I kinda froze, then she yelled ""YEAH YOU TELL THAT CUNT!""
Is it too late in life to get adopted?"
T0751,12475,3,0,3,0,1,Just stop being a hoe God dammit bitch it ain't that hard
T0752,12506,3,0,3,0,1,Karma is a bitch and usually comes around and goes around right? Or do some people just always catch the lucky breaks?
T0753,12530,3,0,3,0,1,Kenny lee gotta be da only light skin nicca dat eat Chitlins &#128514;&#128514;
T0754,12536,3,2,1,0,0,Kick dem fucc niccas out da spot
T0755,12548,3,0,0,3,2,Killing it at home! &#127936; #NBA #pacers #indiana #paulgeorge #hoosiers #basketball #hashtag #winning http://t.co/2qwEPnUx
T0756,12565,3,2,1,0,0,Know why the ultimate warrior died? God LOVES fag #toosoon ? He was an anti-gay crusader so a little light jokes are necessary
T0757,12589,3,0,3,0,1,LMAOO beans RT @ShamarGotHoes: this bitch is so stupid smh http://t.co/otonir2yEX
T0758,12594,3,0,3,0,1,"LMFAO, stupid bitch tells me at the door they already started, and to come back.&#128514;&#128514; UMMMM NAH"
T0759,12602,3,0,1,2,2,"LOL at the Benghazi ""hearings"" that proved nothing other than Republicans only care about taking down PBO. #foxnews #teabaggers"
T0760,12617,3,0,0,3,2,Lakers are a purple and yellow garbage can
T0761,12647,3,0,3,0,1,Leave the bitchen to bitches
T0762,12657,3,1,2,0,1,"Lesbians all be like ""yo-ho and scissor me timbers!"""
T0763,12674,3,0,0,3,2,Let the jig commence http://t.co/pqvJiEvqZa
T0764,12693,3,0,3,0,1,Lets go hoes!! Its sing a long time!! You know the words.... trust an believe meeeeee
T0765,12701,3,0,3,0,1,Life ain't shit but bitches &amp; money
T0766,12714,3,0,3,0,1,Life's a bitch &amp; then you die
T0767,12724,3,0,3,0,1,"Like , hoes ain't gone be satisfied until some more bodies come up missing in Hattiesburg .. Let me be the FIRST to tell you!!!"
T0768,12736,6,0,6,0,1,Like bitch you're a man. That means You don't show fear or pain. You be strong when others can't.
T0769,12778,3,0,0,3,2,Literally in the middle of the ghetto and these people look scary
T0770,12799,3,0,1,2,2,Lmao RT @MoeMartin44 The in soles in Reebok Classics can't even handle the diabetic weight Rick Ross holds
T0771,12813,3,1,0,2,2,"Lmao the shovel video is pretty awesome, she went down like a ton of bricks lol. Gotta love honky riff raff savages. That is all."
T0772,12855,3,0,3,0,1,Lmaoooooooo! RT @HeauxmerSimpson D'Angelo prolly nice as shit at Madden now. Lmao. Fat bitch.
T0773,12869,3,1,2,0,1,"Lmfao u sloth trinidad james with a relaxer lookin ass bitch""@Flowy_Bri: i hate niggers, imma start talking to white boys."""
T0774,12880,3,0,3,0,1,Load this bitch up with Kool Aid
T0775,12882,3,0,1,2,2,Log off nigger RT @PoloKingBC: #relationshipgoals http://t.co/Ge9koImYGj
T0776,12891,6,1,4,1,1,Lol I never understood retards who use the atm and pay a $2 fee to get $20 and put it in gas so the don't pay the credit price -_-
T0777,12899,3,0,3,0,1,"Lol RT @HURRICANESENSEI: @viaNAWF ""Just need to know what that pussy like so one time is fine with me"""
T0778,12993,3,0,3,0,1,Love'em and hate 'em... &#171;@my_shit_bit Big booty bitches.&#187;
T0779,12994,3,0,3,0,1,"Lovin hoes but thats same bitch we put the pipe in. She suckin dick, thats the same bitch you give goodnight kiss"
T0780,12996,6,0,6,0,1,Lowkey got a Fan of my hoop skills at lbcc aha he my niggah now lol
T0781,13010,3,0,3,0,1,"Macc &amp; Cheese 
Maccin these bitches &amp; Makin my Cheese&#128514;&#128557;&#128514;"
T0782,13038,3,2,1,0,0,Man I swear today's like nation hit tony while he's driving day.... This chink almost smashed into me...
T0783,13076,3,0,3,0,1,Mann.. Jada Pickett was a badddddd bitch #Lawd
T0784,13092,6,0,0,6,2,"Mata'i ngeli, alu o polosi ho nifo.."
T0785,13116,3,0,3,0,1,Me &amp; my next bitch gone turn up on the fashion side. &amp; we ain't wearing nun of that designer shit. That shit basic af
T0786,13125,3,0,3,0,1,Me and my nigguh stay doin it
T0787,13177,3,2,1,0,0,Minus all the retarded poor bots.
T0788,13184,3,0,0,3,2,Mitt Romney hates big bird. Fascist.
T0789,13188,6,0,6,0,1,Modern day singers talk about the same shit rappers talk about lol....hoes
T0790,13221,3,0,3,0,1,Moreno be a little bitch. You dumb bitch.
T0791,13246,3,0,3,0,1,Murda mook #rip to that shit
T0792,13297,3,1,2,0,1,My bitch cold not average you couldn't fuck my last bitch
T0793,13301,3,0,3,0,1,My bitch get on my nerves
T0794,13309,3,0,3,0,1,"My bitch work for chic fil and she says this is not real b ""@Dory: RT TO SAVE A LIFE http://t.co/5d42kQVo50"""
T0795,13334,3,0,3,0,1,"My dad just said ""Karl was always the biggest pussy of all 3 of the kids, I'm sorry Karl, but... You're just a pussy"" I love my dad LMFAO"
T0796,13364,3,1,2,0,1,My hair is one of a kind so dont ever fix your mouth to say our hair is alike cause guess what hoe IT AINT.
T0797,13412,3,1,0,2,2,My nephew albino albinos have astigmatisms eye spasms partial blindness its not their faults
T0798,13422,3,1,2,0,1,My niccas was too Real fa these Streets #RIP Ike #Free Nwax http://t.co/0a2dy3vZkm
T0799,13436,3,0,3,0,1,My nigga so stiff but his bitch even stiffer &#128175;&#128107;&#128143;&#128074;.... Me that is &#128175;
T0800,13464,6,1,5,0,1,My sex game better than yo ex niggah
T0801,13470,3,0,3,0,1,My sister is such a bitch to me when she don't get her way
T0802,13481,3,0,3,0,1,My teacher talm bout she would make every senior go to da army fa 2yrs &#128530; bitch please meat ainnn doin uh damn thang
T0803,13490,3,1,2,0,1,N dat bitch sound like a man if dats ya grandma fucc yu too
T0804,13494,3,0,0,3,2,"NBA, handle your zebras."
T0805,13498,3,1,2,0,1,NEWS FLASH: Obama won the election and increase their numbers in congress. Stop with the bullshit already and compromise bitches!
T0806,13499,3,0,1,2,2,NFC South is trash juice
T0807,13511,3,0,3,0,1,"Nah fuck em bitter heat bitches ""@YeIIowbang: Funny seeing heat and bulls fans get along lol"""
T0808,13523,3,0,3,0,1,Nannie bitch don't talk to that hoe with ha extra bs ass @lilmenifee__ &#128514;&#128514;&#128514;&#128553;&#9996;&#65039;&#128175;&#128079;&#128581;&#128078;
T0809,13540,3,0,3,0,1,Need some Hispanic pussy
T0810,13561,3,0,0,3,2,"Never seen a tinted yellow tongue before. 

She just ate a lemon jolly rancher?"
T0811,13562,3,0,0,3,2,Never seen purple bird poop until today lol http://t.co/4Psdx11Uu1
T0812,13577,3,0,3,0,1,New boss said my buttons on my shirt can't be white. So I colored them hoes with a sharpie &#128514; glossy
T0813,13582,3,0,3,0,1,"New strategy to get bitches:

Be Bruno Mars"
T0814,13587,3,2,1,0,0,Next time u gone call a darky a nicca..call dat coon a jungle bunny#Boondocks P.S. I... http://t.co/ug647wUIE4
T0815,13604,3,0,3,0,1,Nigga I fire this nina like it's the first day in the job and the bitch over slept.
T0816,13629,3,1,2,0,1,"Nigga, this bitch is scaring me. Pass me the blunt &#128514;&#128514;"
T0817,13636,3,2,1,0,0,Niggas actin like hoes most of em bitches
T0818,13637,3,1,2,0,1,Niggas ain't loyal gott bitches stiffer than you
T0819,13652,6,1,5,0,1,Niggas be wanting bitches with money ..but be broke as dirt &#128514;&#128514;&#128514;&#128078;&#128078;&#128078;&#9996;&#65039;
T0820,13655,3,0,3,0,1,Niggas cry when they get hit high and cry when they get hit low. NFL full of pussies now
T0821,13670,3,0,3,0,1,Niggas put on wigs and act like bitches for retweets &#128530;that shit fu
T0822,13674,3,2,1,0,0,Niggas sleepin with bitches grandmas??? Lmfao maury fake af
T0823,13704,3,0,1,2,2,Nipple banana monkey!
T0824,13712,4,3,1,0,0,"No half-breed spic has any right to say anything to any Anglo ever, and should be killed for doing so."
T0825,13715,3,0,3,0,1,No less than 3 bad bitches in my bed at a time...
T0826,13718,3,0,3,0,1,No more hoes n oz
T0827,13744,3,2,1,0,0,"No. Its wrong to try to change #faggots&gt; There is no ""therapy"" so #tcot should understand and sympathize like they are #retards&gt;"
T0828,13772,3,1,2,0,1,Not eating pussy is un-American.
T0829,13773,3,0,3,0,1,Not even 20 and I've already smoked out 2 countries bitch. I do what the fuck I want.
T0830,13793,3,0,0,3,2,"Note the rocketeer removes cardboard from launcher and carries it to a trash bin before fleeing.
#TidyTerrorist

http://t.co/sb3U1XpeG4"
T0831,13807,3,0,0,3,2,Now I'm listening to lil spook getting the good kinda sad Imma be single this fall I know you'll getting annoyed with me on your TL but aye
T0832,13809,3,1,2,0,1,Now a days niqqas would rather be real wit a niqqa or bitch they wanna fuck wit rather than they day one niqqa smfh our generation is fallin
T0833,13826,3,0,3,0,1,Now when I put this pussy on Vivian she bet not be playing &#128514;&#128557;&#128527;
T0834,13828,3,0,0,3,2,"Now, the Jihadi networks waking up &amp; claiming #Raqqa radio &#8220;confirmed&#8221; two planes shot down &amp; 1 pilot captured. #ISIS #Syria"
T0835,13862,3,0,3,0,1,"Offensively, Joe Johnson just as good as LeBron. If not better. Don't @ me pussies"
T0836,13869,3,0,3,0,1,Oh bitch you lurkin !? Well bitch I'm TWERKIN &#128514;&#128588;
T0837,13877,3,0,0,3,2,Oh my. There was an Oreo baked into that chocolate chip cookie. #surprise
T0838,13896,3,0,3,0,1,"Oh, no. Not Whitney! It can't b true! &gt;sob, sob, weep, sob&lt; Oh, the crack industry has lost their champion! #RIPWhitney, ya dumb bitch."
T0839,13903,3,0,0,3,2,Ok so not all the shows on Cartoon Network are complete trash. Stevm Universe is awwwwwesomeeeeee
T0840,13926,3,0,2,1,1,Ole girl really told me she doesn't care if her boyfriend has hoes. This is what's wrong with our generation.
T0841,13946,3,2,1,0,0,Omg!!! You won't say it to my face! Stupid ass hoes talkin shit!!! Imma whoop her ass!!! *over dramatic teenage girls*
T0842,13949,3,0,0,3,2,"Omoide Yokocho : Shinjuku, Tokyo, Japan / Jap&#243;n by Lost in Japan, by Miguel Mich&#225;n http://t.co/7J2uXi5501"
T0843,13950,3,0,3,0,1,On GC I l8v3 dis bitch http://t.co/DmxSOT02Qg
T0844,13982,3,0,0,3,2,One of the world's most prominent Jihadi forums just got shut down &#8594; http://t.co/9vafK90DOU
T0845,14072,3,1,0,2,2,Our female guinea pig is pregnant &#127882;&#127881;&#127873;&#128525;&#128525;&#128525;
T0846,14094,3,0,3,0,1,Pappadeaux bread with the scampi butter RT @_ChickenGeorge Her pussy tastes like? http://t.co/QFqYC7G7px
T0847,14120,3,0,3,0,1,People are such bitches!!! Complaining over stupid things!
T0848,14129,3,0,3,0,1,"People love to touch my hair ""ooo is this real?"" Yes bitch is yours?"
T0849,14130,3,3,0,0,0,People on this site are fucking retarded sometimes
T0850,14142,3,2,0,1,0,People who play #roleplayinggames are human filth and don't deserve the same respect you'd give a mosquito. They're soulless gutter trash.
T0851,14147,6,1,2,3,2,"Perhaps Ezra Miller is the first crack toward changing that, regardless of whether he identifies as queer over gay."
T0852,14167,3,0,3,0,1,Photo: Me and my bitch http://t.co/0jeLcx0nKU
T0853,14200,3,3,0,0,0,"Playing to white guilt lasted one last time, whitey felt 'absolved', it ends today. It ends in the fields/suburbs of Pennsylvania."
T0854,14201,3,1,2,0,1,Playing with my money is like playing with my emotions niggas don't believe I guess we going to find out then hoe ass niggas
T0855,14208,3,0,3,0,1,"Plot twist, bitch"
T0856,14223,3,0,3,0,1,Poppy give me discou.. bitch i get it for the lowwwww!!!
T0857,14238,3,1,2,0,1,Precisely RT @BrandNewAndrew: &#8220;@Harold: Soon as y'all break up is when she starts doing the shit she swore she'd never do&#8221; like being a hoe
T0858,14272,3,0,3,0,1,Pumpkin spice Marlboro's for da hoes
T0859,14279,3,1,2,0,1,"Pussy ass hoe niggas, I can't fuck wit y'all"
T0860,14290,3,0,3,0,1,Put her in her place cause pussies don't get pussy..
T0861,14323,3,1,2,0,1,"RT @07Cannon: ""Fuck you mean Macklemore trash nigger?"" http://t.co/NXPjPrhsbu"
T0862,14361,3,0,3,0,1,RT @3Much4TheseHoez: RT @iDntWearCondoms: If I DM u don't announce it to the timeline bitch I'm tryna fuck on the low
T0863,14373,3,0,0,3,2,RT @490xl: why get attached to people when you can jump in a trash can and feel the same way
T0864,14385,3,0,3,0,1,"RT @6THGRADER: It doesn't matter who I make out with in ""Spin the Bottle"" because I only invite the hottest bitches to play. #ladykiller"
T0865,14404,3,0,0,3,2,"RT @AChosenWord: Of rain showers
&amp; weepy fog
of soft light
&amp; cool touch
of wild wind
that carry music of birds
who cease to soar;
this feel&#8230;"
T0866,14412,9,2,7,0,1,"RT @AIanHangover: Be smart because you won't be pretty forever, bitch."
T0867,14433,3,0,3,0,1,RT @ATypicalFemaIe: when a bitch gets smart and I look too cute to be ratchet http://t.co/OoTtkUxKRA
T0868,14444,3,0,3,0,1,RT @AbbeyGoldd: Fuck Joo musts broke this niggas heart stealin his bitch if he that hurt with her &#128514;&#128514;&#128079;
T0869,14450,3,0,0,3,2,RT @AdamSchein: I think it is flat out wrong to blame Brian Cashman for the 2014 Yankees. @SNYtv
T0870,14458,3,0,3,0,1,"RT @AdoreeLenaa: ""@_KudaBrazyy: Hella bored doing laundry like a bitch""&#128514;&#128514;&#128514; I sincerely hate your soul !"
T0871,14464,3,0,0,3,2,RT @AidanGee1: How I feel playing flappy bird http://t.co/w3PrpiAhZQ
T0872,14481,3,2,0,1,0,RT @AlfanoLisa: @Chris_1791 @MariaChappelleN Gee isn't cracker a racist term? So tired of these race baiters.
T0873,14496,3,0,3,0,1,"RT @AlmightyVinny_: ""I'm a soft more""&#128514;&#128514;&#128557; hoes dumb man"
T0874,14519,3,0,3,0,1,RT @AnAbsurdBird: I just realised my library books are overdue if anyone's looking for a bad bitch
T0875,14532,3,0,3,0,1,RT @AngelHaze: bye bitch. im blocking u RT @onikallah: @AngelHaze i drew you &#128158; http://t.co/60HiEbFWic
T0876,14554,6,1,0,5,2,"RT @ArcticFox2016: 150 Christians MASSACRED By Jihadi Muslims While They Slept! Including Pastor, His Wife &amp; Kids http://t.co/VnR60MjFo6"
T0877,14567,3,0,3,0,1,RT @AshlynnFullmer: This is my beach bitch @tonydecola http://t.co/uEqoEylafP
T0878,14575,3,2,1,0,0,RT @AssholeOfDaYear: Rudy Gay a faggot for not changing his last name once he got money.
T0879,14595,3,0,2,1,1,RT @AyyyeThatsChubb: Mama said no pussy cats inside my dog house
T0880,14643,3,0,2,1,1,RT @BamberDelver: Lees hoe een gepeste jongen zich probeert te verdedigen. Ingezonden brief Volkskrant. #pesten @AcademieMm http://t.co/aoD&#8230;
T0881,14683,3,0,3,0,1,"RT @BeautysRaj: ""Ariana is probably the next Beyonce"" bitch if you don't back the fuck up http://t.co/g6XGmAqk52"
T0882,14711,3,0,1,2,2,"RT @BiertempfelTrib: One more from @JimBowdenESPNxm: ""Yankees wouldn't be letting Polanco sit in minor leagues, because they're all about w&#8230;"
T0883,14724,3,0,3,0,1,RT @BigSean: Suck my dick bitch RT @MaizeNBlue23: @bigsean not only are you terrible. You are why hip hop is dead
T0884,14747,3,0,3,0,1,RT @BittyTang: &#8220;@Weed_Cloudz: Us calling females hoes for dressing as bunnies and cats for Halloween didn't discourage them one bit...lol&#8221;G&#8230;
T0885,14752,6,1,5,0,1,"RT @BlackNerdJade: #rapeyass RT @FireinFreetown: Uh..not rape her, bitch nigga? RT @latry: You see her passed out drunk, what do you do? ht&#8230;"
T0886,14763,3,0,3,0,1,RT @BlazeTheGreat_: I hate when niggas get mad cuz you fucked they girl when really he should be happy you showed him that bitch unloyal
T0887,14776,3,0,3,0,1,RT @BmorePocahontas: Asking his kids if they brought an apple for the teacher &#128514;&#128514;&#128514; he's such a queer
T0888,14786,6,1,5,0,1,"RT @Bombfantasyyy: If you aint fucking me , feeding me , or supporting me YOUR OPINION is irrelevant bitch."
T0889,14828,3,0,1,2,2,RT @BriannaLovesA: I'm so sick head colds suuuck. And on top of that @justusabbott had to challange me to a beer chug &#128567;&#128567;
T0890,14838,3,0,3,0,1,RT @BrodyBolerjack: @Tonyjohns000 johns.... be honest.... you got hoes in different area codes
T0891,14847,3,0,3,0,1,"RT @BrosConfessions: ""People congratulate on losing weight for my health, but in reality I lost all the weight so I could fuck hot bitches""&#8230;"
T0892,14848,3,0,3,0,1,"RT @BrosConfessions: ""Unlike a lot of these bros, I actually care about my girl and I love her. It's not called being a pussy, it's called &#8230;"
T0893,14869,3,0,3,0,1,RT @Bubzayy: Just this one eye can take your bitch http://t.co/x1r34fMeAE
T0894,14879,3,0,3,0,1,RT @Bucky_Montana: If this was high school ER body catch A's hoe lmao &#128557;&#128514;&#128514;&#128514; http://t.co/bPfz7sl2mp
T0895,14900,3,0,2,1,1,"RT @CHlLDHOODRUINER: ""And if you aint a hoe, GET UP OUT MY TRAPHOUSEEEE"" http://t.co/GfOHPUTVhP"
T0896,14927,3,0,3,0,1,RT @CallMeRenee_: &#8220;@1inkkofrosess: @CallMeRenee_ &#128514;&#128514;&#128514;&#128553;&#9996;&#65039; my bad bitch im logged in on everybody shit&#8221;hell yeaa me too seen tiff just tweet f&#8230;
T0897,14929,6,0,6,0,1,RT @CallMeRenee_: &#8220;@1inkkofrosess: @CallMeRenee_ wussup bitch&#8221;nun finna take it in
T0898,14965,3,0,3,0,1,RT @CauseWereGuys: If these 3 drop a song together bitches will never run out of quotes http://t.co/wITDIIgcye
T0899,14967,3,0,3,0,1,"RT @CauseWereGuys: It's bros before hoes, not bros before your girlfriend. If you find a good girl, she needs to be put above everything. T&#8230;"
T0900,14994,3,0,3,0,1,"RT @ChadRuhlig: ""Suicide Girl Hopeful"" how about getting a job hopeful, or going to school hopeful you silly bitches!"
T0901,15017,3,1,2,0,1,RT @Chello_Sosa: These niggas in gangs jus be tryna fit in or jus be tryna get somebody to ride fa em or wit most of u niggas bitches
T0902,15034,3,0,0,3,2,RT @ChildishGarbino: Part of my cousin Danny's Yankee Swap. Pretty hilarious. Very clever. And very Danny. @danvii http://t.co/FKdEYzqT
T0903,15040,3,0,2,1,1,RT @ChippewaSkylark: i love when celeb nudes leak and all the girls with trash bodies try and critique them
T0904,15061,3,2,1,0,0,RT @ClassicBray: Lmaoo RT @PacDaGoat: That's a legal tackle faggot RT @PP_Rich_Hill: Seriously? http://t.co/guMZewrpy3
T0905,15075,3,0,3,0,1,RT @ClintSwiftness: &#8220;@GodHimseIf: Is that fire works &#128165; or pussy poppin&#8221; @00sexilexi00 nigga wtf sounds like something you'd say
T0906,15078,3,0,3,0,1,RT @CloudProjection: Females are more thirsty for attention than males are for pussy.
T0907,15109,3,0,3,0,1,"RT @ComedyPosts: When you make a joke and someone you hate laughs and you're thinking: ""No bitch you aren't allowed to laugh""."
T0908,15115,3,0,1,2,2,RT @Comp10Tx: Rihanna really is trash
T0909,15138,3,0,3,0,1,"RT @CourtneyyKay: Cruising down the street in my 64, jockin the bitches, slappin the hoes"
T0910,15154,3,0,3,0,1,"RT @CrittaMo: I'm getting tired of these same ol no hope broke bitches! No job, all they wanna do is twerk and smoke Swishers"
T0911,15180,3,0,3,0,1,RT @CurrenSy_Spitta: All that high fashion leather gear u wearin to impress a bitch..I got at her wit a dickie shirt and some Adidas slides&#8230;
T0912,15200,6,0,6,0,1,"RT @D0PESHIT0NLY: Bitches be having
No job
No future
No education
&amp; have the nerve to say ""all these niggas want is pussy""
Bitch cause that&#8230;"
T0913,15227,9,0,9,0,1,RT @DJZeeti: i couldnt host 106 and park .. i'd fuck too many young bitches
T0914,15245,3,0,0,3,2,RT @DaCoolestLame: Yo BCU band made UCF band look like trash
T0915,15265,3,0,0,3,2,RT @Dalilaaaaaa__: Flappy birds cheat codes http://t.co/nu6GjYQDJJ
T0916,15266,3,0,1,2,2,RT @DameStr8Cash: @JaeTips I know that's trash
T0917,15281,3,0,3,0,1,RT @Dan_OSU_Hashtag: You ever look at a bitch and just be like... Bitch
T0918,15300,3,0,3,0,1,"RT @DatDudeTorey: Aw damn, Haven't hug a bitch in a while."
T0919,15301,6,0,6,0,1,RT @DatNigPriest: @1BookieG not all of us my nig! I'm light skin with a dark skin mentality lol. We all black
T0920,15303,3,0,3,0,1,RT @Dathighyellaguy: Dem hoes who swear their pussy priceless but u sell ass all day &#128533;
T0921,15307,3,0,3,0,1,RT @DawnGoodspeed: Honestly I kind of get offended when people ask me if my eyelashes are fake. Fake eyelashes aren't this long bitches. &#9995;&#128129;
T0922,15316,3,0,1,2,2,RT @Deadspin: Colombia supporter reminds us the double bird is a universal language http://t.co/JeUT1IsQ1f
T0923,15336,3,0,3,0,1,RT @Derekisom: Making this first day my bitch
T0924,15367,3,0,3,0,1,RT @DjXvX: Karma is a bitch .... &#128524;
T0925,15399,4,0,4,0,1,RT @DragonflyJonez: His jeans bluer denabitch. Dont let him lie to you. He's SICK RT @YolieTheJew how you know the pussy was't overrated ht&#8230;
T0926,15400,3,0,3,0,1,RT @DragonflyJonez: I never knew it was possible to look like you were about to buy some pussy and still look cool while doing it until tha&#8230;
T0927,15417,3,0,3,0,1,RT @DrugsForSteph: A loyal girl really truly does come with a smart mouth and arguments. Only a hoe will let you do as you please cause she&#8230;
T0928,15419,3,0,3,0,1,RT @DrummerKid0328: @WB_Pooh_3x that fat bitch ruined everything &#128514;&#128514; fuck it though I was super burnt
T0929,15426,3,0,3,0,1,"RT @Drvglordkush: *Hits Blunt* 

If cats are afraid of water, why does pussy get wet?' http://t.co/XffUo73q3a"
T0930,15479,3,0,0,3,2,RT @ErikaWCVB: @marthacoakley called Charlie Baker to concede around 8:15 this morning. She plans to address supporters at 11am. #wcvb
T0931,15480,3,0,3,0,1,RT @Erikaj00: &#8220;@Treslyon: &#8220;@Erikaj00: I saw a girl scratch her private today.. What that mean?&#8221; Don't fuck her right in the pussy&#8221; lmaoooo
T0932,15488,3,0,3,0,1,RT @Estellleeee: Lol bitches act hard when they stay getting they ass beat &#128514;&#128557;&#128514;
T0933,15505,3,0,3,0,1,RT @FREDOSANTANA300: I smashed her an dat pussy was wet &#128591;
T0934,15514,3,0,3,0,1,RT @Faceyspace: *pours out 40 for the bitches that do hair and makeup every single day*
T0935,15521,3,0,0,3,2,RT @FallonTonight: Jimmy and @BillyJoel's two-man doo-wop performance just went live on YouTube! https://t.co/NGzhImyvSF #FallonTonight htt&#8230;
T0936,15544,3,0,3,0,1,RT @FenkellPayroll: Ppl quick 2 bitch about what somebody ain't did for em when 9 times outta 10 they ain't did shit for that person
T0937,15573,3,0,0,3,2,RT @FoodPornsx: Oreo Drumstick! http://t.co/AcN8J59r6b
T0938,15604,3,0,3,0,1,RT @FriendlyAssh0le: Hoes will be hoes.
T0939,15607,3,0,3,0,1,"RT @FriendlyAssh0le: If I had $400 and my girl had $0, I would have $400 &amp; be single bc I dnt fuck with broke bitches. get your money up."
T0940,15623,3,0,3,0,1,RT @FuckHisTattoos: Niggas! Stop giving these hoes Attention! How About retweeting True beauty instead of retweeting these half naked MF.
T0941,15629,3,3,0,0,0,RT @Fucking_Garza: I wanna sleep but I'm outside with this nigger lol trying to hang him
T0942,15634,3,0,3,0,1,RT @FunkyDineva: I have not watched part 2 of the reunion. I'm so over them hoes. I don't even care
T0943,15644,6,0,6,0,1,RT @FunnyPicsDepot: Lmfao bitch got my phone https://t.co/alUNWj9SCk
T0944,15675,3,0,0,3,2,"RT @GOPBlackChick: The racists are @msnbc and its crew of anchors. Not ""right wing "" folks. @MHarrisPerry mocks mixed GOP kids.
http://t.co&#8230;"
T0945,15694,3,0,3,0,1,"RT @Gawker: Congressman's office admits ""Hell yeah Benihana up in this bitch"" tweet was a mistake. http://t.co/LTzwuJC0Vs"
T0946,15697,3,0,3,0,1,RT @GeeZzzus: Don't no woman want a man that acts like a bitch
T0947,15702,3,0,3,0,1,RT @GetEmKee_iGotEm: hoes? I got several? they 10's or better &#128076;
T0948,15703,3,0,3,0,1,RT @GetRKOd: Have a seat drunk bitch #RKO https://t.co/6XpNyr1Jbn
T0949,15714,6,0,6,0,1,RT @Giselle_Horan13: @1D_NIPPLES_ you slay that bitch
T0950,15726,3,0,3,0,1,RT @Gook____: Lil stupid ass bitch I don't fuck with YOU!!&#128564;
T0951,15727,3,0,3,0,1,"RT @Goons_TXT: Also, just because you suck dick, doesn't mean you have to act like a faggot."
T0952,15757,3,0,3,0,1,RT @Guwopp1017: Bullying doesn't exist.....BITCH ASS PEOPLE EXIST! If you don't stand the fuck up for yourself &amp; stop being a pussy!
T0953,15769,3,0,1,2,2,RT @HBCUfessions: I guess my confessions trash because none of them got posted- FAMU
T0954,15778,3,1,2,0,1,"RT @HENNERGIZED: &#128557;&#128557;&#128557;&#8220;@StopBeingSober: Yall say ""Why you dating lil girls"" like mature hoes just on a rampage outside.&#8221;"
T0955,15796,3,0,3,0,1,RT @HaloTGMG: @1stName_Bravo we all know this nigga a bitch.... niggas got nerve on twitter.
T0956,15808,3,1,2,0,1,RT @HawkinsUSA: Party of Racists just elected a black dude in the South. The party of War on Women just elected first ever woman in redneck&#8230;
T0957,15821,3,1,2,0,1,"RT @Heissarcastic: If my tweets offend you:

1. stop being a sensitive pussy
2. Fuck your feelings"
T0958,15847,3,0,0,3,2,RT @HighSchoolSuckz: i am that horrible friend who reads your text then puts the phone down to do something and forgets to reply until 4 ho&#8230;
T0959,15867,3,0,0,3,2,RT @Hobson_2: That's for the birds.
T0960,15876,3,0,2,1,1,"RT @Hollywoood_ty: RT &#8220;@Hotphillyboi: Lawd Jesus, this can't be real&#128514; http://t.co/zcjlHvSHOZ&#8221;shit to ghetto to be real lol"
T0961,15884,3,0,3,0,1,"RT @HoodBibIe: ""Thou shall have no type: bad bitches is thee only thing thou shall like"" - HerAssFat 6:15"
T0962,15900,3,0,3,0,1,RT @HtOwNzOuTLaW713: Keshawn Martin is soooooooooo fucking trash!!!
T0963,15903,3,0,3,0,1,"RT @HugMakeEm: I love a bad bitch with a attitude, idk why but a cutie that's a savage is sexy as fuck"
T0964,15959,3,0,3,0,1,RT @IamTysonBettis: When u love her none of them hoes matter..
T0965,15997,3,1,2,0,1,RT @ImNeverChillin: pregnant bitches get on the bus and think you suppose to give them your seat like bitch you should of fucked a nigga wi&#8230;
T0966,16018,3,0,0,3,2,RT @InduZtriouZ_Neo: I am a strong believer that birds of a feather flock together
T0967,16098,3,0,3,0,1,"RT @JadedByPolitics: @Coondawg68 @velvethammer so damn stupid, someone needs to sit that bitch down &amp; explain to her that #Communism is a p&#8230;"
T0968,16101,3,0,3,0,1,RT @JafricanFlow: This is so stupid &#128514; RT @WestSideFlee: How you gone wife a bitch that let niggas lick on her head in public?
T0969,16129,9,4,5,0,1,RT @Jawdan__: You're a faggot if you ever had the Kim Possible BBM notification
T0970,16134,3,0,3,0,1,RT @JayIIuminati: Nothing will stop a hoe from going to the club. http://t.co/UciCSx5Vus
T0971,16138,3,0,3,0,1,RT @JayUcci_: &#128514; mfz in this bitch sellin chicken wings &amp; fries
T0972,16148,3,1,2,0,1,RT @Jayy_Gee96: Dumb bitches
T0973,16150,3,0,3,0,1,RT @Jazsmin__: You always ugly to a bitch that don't like you&#128564;
T0974,16167,3,0,3,0,1,"RT @JeromeSantonio: I don't care how much I hate a girl, I'll never call her a hoe, bitch, slut or any of that shit lol"
T0975,16172,3,0,3,0,1,RT @JesusMVela: &#8220;@Enriquuee_: @JesusMVela @wigga32 fucking pussy that's why&#8221; exactly. Let me @ the nigga @RyanMattheww7 were talking about &#8230;
T0976,16191,3,0,3,0,1,RT @JoeBudden: Chillin w a couple of hoes that like hoes that like niggas that don&#8217;t act like hoes.
T0977,16193,3,0,3,0,1,RT @JoeBudden: I only be looking like I&#8217;m fucking bitches&#8230; I don&#8217;t tho
T0978,16199,3,0,3,0,1,"RT @JoeBudden: My definition of ""bad bitch"" has changed drastically over the years."
T0979,16201,3,1,2,0,1,"RT @JoeBudden: Ok, I gotta cut this Carl Thomas album off b4 I call my ex &amp; say fuck u u ruthless bitch. Lol"
T0980,16206,3,0,3,0,1,RT @JoeBudden: The dating scene so wack out here dog&#8230; shit super trash.
T0981,16212,3,1,2,0,1,"RT @JoeCool_TVC: You can't be a hoe saying that another girls a hoe. Your both hoes, it cancels each other out."
T0982,16240,4,0,4,0,1,"RT @JstKeepScrollin: Me fixing my car :10,000
The fade this hoe gone catch : Pricless http://t.co/qMU2um1nC3"
T0983,16241,3,1,2,0,1,RT @JuanNDaCut: Explaining to a girl how u don't have hoes http://t.co/eY7lmc5i2W
T0984,16243,6,1,1,4,2,RT @JuanNDaCut: When twitter rappers dm me their trash links http://t.co/yck16ZiNZZ
T0985,16265,3,0,3,0,1,RT @JustLeShay: &#8220;@TheKaosYatti: @JustLeShay Who said you was cute&#128035;&#8221; byeeee mad bitch! &#128530; come visit me
T0986,16299,6,0,6,0,1,RT @KINGTUNCHI_: These bitches play both sides but get left in the middle!
T0987,16319,6,0,6,0,1,RT @KanyeFaaces: when you let go of all your hoes for one girl but she end up bein a hoe too http://t.co/kn1yKRw4J4
T0988,16340,3,1,2,0,1,RT @KeOs_GunnPlay: U can kill carl but not my nigga glenn whos gonna take care of my hoe maggie
T0989,16366,3,0,3,0,1,RT @KeyshBeChillin Have you bitches done your Kegals today?
T0990,16410,3,0,3,0,1,RT @KingHorseDick: Nowadays if u have a threesome with these new generation bitches.. that one hoe gonna go tell everybody she fucked both &#8230;
T0991,16416,3,0,3,0,1,"RT @KingRyin: RIP Robin Williams, I'm gonna fuck the baddest bitch tonight for you bruh"
T0992,16418,3,0,3,0,1,"RT @KingTeej_: Thats when you say ""this bitch aint got no job"" #mlrt"
T0993,16430,3,0,3,0,1,"RT @Kiss_MyBeautyy: I'd rather argue &amp; make up &#128536; then fight &#128074;&#128165;&#128162; &amp; break up , &#127939;&#128131;&#9996;&#65039;cause &#128166; thirsty bitches &#128111; love to see happy &#128522;&#127969; homes FUC&#8230;"
T0994,16452,3,0,3,0,1,"RT @KushDahGodd: Five things I'll never give a bitch&#9757;&#65039;

1:My Heart
2:My Weed
3:My Money
4:My Twitter
5:My Netflix password
&#128175;&#128175;&#128175;&#128175;&#128175;&#128175;&#128175;"
T0995,16459,3,2,1,0,0,"RT @KxRxSxB: We all know that one person that could say anything and you just look at them thinking ""you're retarded, stfu"" #stupidBitches"
T0996,16463,3,0,2,1,1,"RT @KyleKallgren: You can't please everyone. And you shouldn't. Nothing good comes from having people who say ""faggot"" as an insult on your&#8230;"
T0997,16472,3,0,0,3,2,RT @L3tsVibe: Keys open doors when them keys is albino
T0998,16573,3,0,3,0,1,RT @LifeAs_Meghan: I only wear weave because I like it !! A bitch got hair &#128514;&#128129;
T0999,16575,3,0,0,3,2,RT @LifeNewsHQ: BREAKING: Florida Pro-Life Gov. Rick Scott Defeats Pro-Abortion Challenger Charlie Crist http://t.co/GpR1hQlEN2 #tcot http:&#8230;
T1000,16609,3,0,3,0,1,"RT @LissetElisa: Juan likes black girls monday - wednesday, spanish girls thursday &amp; friday, &amp; white bitches on the weekend tbb"
T1001,16612,3,1,2,0,1,RT @LittleSavage_: oml i never questioned my nigga ab another bitch &amp; if the nigga ever said some shit like that! that nigga lied.
T1002,16627,3,0,0,3,2,RT @Lmao: When I make the paper ball into the trash can. &#128240;&#127936;&#128168; http://t.co/VjeGtjEP3X
T1003,16642,3,0,3,0,1,"RT @LosBeOnIt: Sex on 1st date dont mean you a hoe, waiting 90 days wont make you a wife, cute pics dont mean y'all happy, having a title d&#8230;"
T1004,16677,3,0,3,0,1,RT @Luh_Myra: can't no bitch tell me a nigga NOT mines until she ready to tell me how tf he hers . &#128564;&#128075; it's levels to this shit ! &#128540;
T1005,16713,3,1,2,0,1,RT @MNYves: I want someone I can call my own without another bitch staking claim on him simultaneously.
T1006,16755,3,0,3,0,1,RT @Marlin_FishyAss: Damn hoes askin niggas do I smoke.... No bitch u not getting smoked out tonight
T1007,16766,3,0,3,0,1,RT @MasterChefSweg: Basic bitch starter pack http://t.co/ehE4QBUVuJ
T1008,16784,3,0,1,2,2,RT @McNarstle: @CzickenShack I go on Drudge Report every day now hoping to see a story about your tranny army
T1009,16797,3,0,3,0,1,RT @MelloPsycho: Apparently the current hair trend for Hollywood bitches is to look like you lost a fight with a weed whacker.
T1010,16831,3,0,3,0,1,"RT @MikeDiggEm: ""@_2kkz: She threw me that pussy bt i neva caught it"" gay"
T1011,16845,3,1,0,2,2,"RT @Mikey_Hands: Yankees offseason plan: Sign Sandoval, move A-Rod to first base, shoot Teixeira and throw his corpse in the East River. #Y&#8230;"
T1012,16864,3,0,3,0,1,"RT @MisterrRager: &#8220;@ViriDoesItt: I already know you trash if being tatted is on the list of things you want in a nigga..&#8221;

Off top."
T1013,16901,3,2,1,0,0,RT @MrHoratioSanz: Vin Scully once called me a camel jockey. #liesaboutvinscully
T1014,16920,4,0,4,0,1,RT @Mryungone: &#8220;@viaNAWF I got some lightskin pussy one time and the bitch damn near had me bout to propose.&#8221; had some I had to immediately&#8230;
T1015,16956,3,0,3,0,1,RT @My_Bird_Tweets: &#8220;@AdrienBroner: Two bad bitches giving me head at the same dam time...... #oldPICS LOL http://t.co/txxidDOHd2&#8221;&#128514;&#128514;&#128514;&#128514;&#128514; aww&#8230;
T1016,16959,3,0,3,0,1,"RT @Mymangot2JOBS_: When a bitch comment on my nigga pic like ""u so fine&#128571;&#128571;"" I @ em thirst buckets back and be like ""thanks&#128573;"""
T1017,16978,3,0,3,0,1,"RT @NabilAbuAmirah: @SteveWorks4You gave themselves, when the bakers took pay cuts that killed the Twinkie. Tell the fucking truth for once&#8230;"
T1018,16980,3,0,2,1,1,RT @NachoPicasso: These fine bitches are prolly poopin and flat ironing they hair to no flex zone right now...
T1019,17006,3,2,1,0,0,RT @NerdAtCoolTable: RT @RealSheemBacc: For every bad bitch there is a nigga who treats them like shit &amp; yet they stay..... I wanna ...
T1020,17010,3,0,0,3,2,RT @NerdistDotCom: Forget your typical graduation speech. Charlie Day manages to be hilarious AND inspirational in today&#8217;s MIFVOTD: http://&#8230;
T1021,17015,3,0,2,1,1,"RT @NewYorkTaughtMe: &#128528;&#128528;&#128528;&#128528;&#128528; &#8220;@MattieSavage_: WHAT THE FUCK RT @JuanNdaCut: ""Killed two birds with one stone""&#128557;&#128557; http://t.co/ZPiiwrdFaj&#8221;"
T1022,17054,3,0,3,0,1,RT @NoBeeetch: Y'all we use to have to take pictures on real cameras and upload them hoes through the computer. Wow
T1023,17107,3,0,3,0,1,"RT @Null_Hypothesiz: Omg you own a microwave!? 
Fancy bitch"
T1024,17110,3,0,3,0,1,RT @Nyash_Whisperer: After these shows yall bitches imitate n wonder u I say d things I say
T1025,17120,3,0,3,0,1,"RT @OGBEARD: And he still wont get no bitches RT ""@willyroast2: Wow wtf http://t.co/h4NUr7ZzB8"""""
T1026,17142,3,1,2,0,1,RT @OPP_YouKnowMe: Tell these hoes that they gotta glo up one day.
T1027,17143,3,0,1,2,2,RT @OSAY_it_aint_so: &#8220;@fvxkgvld: when a ghetto girl tries to read in class pt1 https://t.co/uW7aBqBToC&#8221; LMAOOO
T1028,17201,3,0,0,3,2,"RT @OpWarriorTeam: Hi ho, hi ho, it's off to work we go! It's #MilitaryMonday...support a military organization today. http://t.co/9DV04wk&#8230;"
T1029,17220,3,0,3,0,1,"RT @PABLO_BAAIH: ""Good pussy is pussy that makes you really think bout making her breakfast pussy that makes you think about being a father"""
T1030,17238,6,1,5,0,1,RT @PRIVALEDGE: Undercover hoes
T1031,17250,3,0,3,0,1,"RT @Papa_Erwin: This beat deserves Hennessey, a bad bitch, &amp; a bag of weed. The Holy Trinity"
T1032,17258,3,0,0,3,2,"RT @ParkerHouk1: If I could be anywhere on earth right now, you know it would be Yankees Stadium"
T1033,17281,3,0,3,0,1,RT @Phuneas: Going as Candace for Halloween lmao ugly bitch
T1034,17297,3,2,1,0,0,RT @PlainBlack_D: Get these trash ass niggas outta my stadium!!! &#128514;&#128514;&#128514;
T1035,17324,3,0,3,0,1,RT @Pouyalilpou: this bitch is no help at all http://t.co/Fk5VZaLC54
T1036,17332,3,0,3,0,1,RT @Pretty_N_Purrls: To my EX that bitch can have you. &#128080;
T1037,17347,3,0,0,3,2,RT @Professor_Ryan: I thought it was raining because of the sound on the roof but it was just birds exploding from the heat.
T1038,17362,3,0,3,0,1,"RT @QuilaTheDiva: After the age of 21 its about credit scores, future plans and creating assets. Not cars, clothes, niggas/bitches, clubs, &#8230;"
T1039,17369,3,0,3,0,1,RT @RAYCHIELOVESU: I just don't understand the grey area of being a hoe but lying about it. Like close your legs OR just be about that life&#8230;
T1040,17384,3,0,3,0,1,RT @RLE_Raider: Thanks Ravens 4 beating those fags. Now believe I don't give a fuck about you. I'm Raider Nation bitches. Thanks 4 pu ...
T1041,17395,3,0,3,0,1,RT @RabehChararah1: Wack ass hoes
T1042,17421,3,0,3,0,1,RT @Randall_Jayy: &#8220;@_100D: I got hard dick for all dez bitches. I get all they numbers I don't call dez bitches.&#8221; LMAO RT
T1043,17438,3,0,0,3,2,RT @RayIopez: When you're approaching your high score in flappy bird and die one pipe away http://t.co/bI1RQ6A1ur
T1044,17466,3,1,2,0,1,"RT @ReallyHighIdeas: Scientists have recently discovered that bitches, do in fact, be trippin'"
T1045,17470,3,0,3,0,1,"RT @RedTvvitter: ""Does my Mewtwo make your pussy wet?"" http://t.co/W4zzHr6Kum"
T1046,17485,3,0,3,0,1,RT @RichHomieMeezy: @54OO_Mauri my internet aint get transfered yet pussy
T1047,17509,3,0,3,0,1,RT @RobIsRandomAF_6: Tyrese a baby back bitch! Hope they kill him before Black History Month. #AMCWalkingDead
T1048,17519,3,3,0,0,0,"RT @RollingWithTrin: ""1, 2, 3, 4, how many niggers are in my store? I knowwww you're stealing!"" &#128514;&#128514;&#128514;"
T1049,17541,3,1,2,0,1,RT @SAMMI_boyden: @jizcalifuh it's a metaphor you dumb fucking nigger @savanigga &#128514;&#128514;&#128525;&#128525;&#128069;&#128069;
T1050,17551,3,0,3,0,1,RT @SF_LaMasterBoy: Im scared of her...her pussy too good!! Lol
T1051,17552,3,0,3,0,1,"RT @SFsneeejayy: Bitch hmu say she need sex right now, bitch nigga hmu saying he upset right now"
T1052,17554,3,1,2,0,1,RT @SKINNY_NiggaDoe: RT @1JohnnyCinco: Let a nigga try me try me I'm a fuck all the hoes in his family
T1053,17582,3,2,0,1,0,RT @Sam_James3: @will123_william @haydenhill13 @aknadnrye @khalilreed I don't care tho cracker
T1054,17609,3,0,3,0,1,RT @Say_Lil_Zack: Why y'all's ain't do nun when the fat bitch jumped on me! Yall a trip&#8252;&#65039;
T1055,17627,3,0,3,0,1,RT @SenorSteez: I cannot fuck with a broke bitch! &#128175;
T1056,17640,6,0,6,0,1,RT @SexualTruth: Eating your womans pussy is good for the soul.
T1057,17651,3,0,3,0,1,"RT @Shaa_Jenkins: If I hit ya nigga , bitch I'm sorry &#128520;&#128526;"
T1058,17697,3,0,0,3,2,RT @ShmurdaGang: Free wop
T1059,17698,3,0,2,1,1,RT @Shoota1017: I wish sombody get this hoe away from me
T1060,17717,3,0,3,0,1,RT @SincerelyTumblr: Becoming a cold hearted bitch wasn&#8217;t really what I planned to do with my life but here I am
T1061,17769,3,0,3,0,1,RT @Sosa_chello: Ian worried bout a bitch who ain't worried bout me &#128526;&#128175;
T1062,17777,3,0,3,0,1,"RT @SpaceCatPics: Meow, bitches"
T1063,17798,3,0,0,3,2,"RT @SportsCenter: Peyton Manning's remarkable season:
&#8226; 5,477 Pass yds (NFL record)
&#8226; 55 Pass TD (NFL record)
&#8226; 450 completions
&#8226; likely ho&#8230;"
T1064,17800,3,0,0,3,2,"RT @SportsCenter: Yankees survive 9th-inning scare to beat Rangers, 12-11.
&#8226; Gardner: 4-5, HR, RBI, 3 R
&#8226; Teixeira: 1-2, HR, 2 RBI, 3 R htt&#8230;"
T1065,17802,3,0,3,0,1,"RT @Sqaud9Rell: she's a hoe, she's ugly, she's a bitch, she's this, she's that .. but you dated her? please, take a seat."
T1066,17803,3,0,2,1,1,"RT @StLNetworkGuru: Write in Christine LaPorta for #MOSen #Ferguson She represents all

ChappelleNadal refer to whites as crackers &amp; KKK ht&#8230;"
T1067,17806,3,0,3,0,1,"RT @StayTrippyyyy_: I love bad bitches, that's my fucking problem!"
T1068,17809,3,0,3,0,1,RT @SteadmanTerri: @wheeler_kashhh bitch waaaaaa??
T1069,17823,6,0,6,0,1,"RT @StevStiffler: Element number 35 is Bromine and it comes before number 67 Ho (Holmium). Therefore, its Bros before hoes."
T1070,17829,6,1,5,0,1,"RT @StevStiffler: what does ""forever"" mean to some of you bitches? lol 3 months?"
T1071,17845,3,0,2,1,1,RT @Steven_ratata: @savanigga warning shots are for pussies I'm just gonna gun you down! And steal your pink boots!
T1072,17859,3,0,1,2,2,RT @Sttbs73: I see the crazy #teabaggers have given up on defunding Obamacare and have moved on to using veterans! #1MVetMarch
T1073,17868,3,1,2,0,1,"RT @Suicide_gawd: Nigga when from "" Can I get a hug"" to
""I got hoes b "" http://t.co/ACLiqHQ5PV"
T1074,17869,3,0,3,0,1,"RT @SuiradKilam: No respect for a bitch 
She gonna top me regardless @SD_GBE300"
T1075,17910,6,0,6,0,1,RT @TAXSTONE: These bitches self esteem built off likes and their principles built off Instagram memes
T1076,17916,3,0,2,1,1,RT @TDill11: These hoes ain't got nothin' on ya &#127926;
T1077,17917,3,0,1,2,2,RT @TEL1967: Darn trash man he beat me to the good stuff again. http://t.co/vdDJQ4l0mg
T1078,17932,3,0,3,0,1,RT @TORYRVGXR: I be in yo bitch pussy like http://t.co/GJXThTpjpU
T1079,17997,3,0,3,0,1,RT @ThaReal_Elijah: Real niggah over here&#128175;&#128520;
T1080,18026,3,2,0,1,0,RT @TheAfricanSiren: Automatically suspicious of white folk who try too hard to show they like us darkies.
T1081,18046,3,0,0,3,2,RT @TheComedyHumor: When I make a paper ball in the trash can http://t.co/mOxmRsOOv9
T1082,18073,3,0,3,0,1,RT @TheHolyKuran: Bitches eyebrows be 5% hair and 95% makeup talkin bout &#8220;eyebrows on fleek&#8221; smh sit down before i lick my thumb hoe
T1083,18097,3,0,3,0,1,"RT @TheOnlyReed: Lmaooooooo ain't fuckin no bitch with doo Doo in her butt while I'm foreplaying, THE FUCK"
T1084,18118,3,0,3,0,1,RT @TheRealMFast: Niggas cheat on the most loyal most beautiful women with fucking trash
T1085,18122,3,0,1,2,2,RT @TheRisingStar23: Shy Glizzy Decent Af
T1086,18139,3,0,3,0,1,RT @TheVoiceOfMiami: If you got to have every hoe you see you a weak nigga...
T1087,18141,3,0,3,0,1,"RT @TheVoiceOfMiami: Twitter hoes just different, bitches want to text or DM all day. Hoe I'm trying to fuck something..."
T1088,18159,3,0,3,0,1,"RT @Therealalonig: $10,000 dinner dates with yo man bitch. #pow @karrueche http://t.co/LOP1LY4HvS"
T1089,18166,3,0,3,0,1,RT @Thomas16v: That's my bitch &#128521;
T1090,18182,3,1,2,0,1,"RT @TimRaw: Was crazy about her.

Got to know her.

She was a bitch.

Felt betrayed by my judgment."
T1091,18198,6,0,6,0,1,RT @Todd__Kincannon: Feminism (noun): The perverted political ideology of hateful bitches too fat to get in airplane seats --&gt; http://t.co/&#8230;
T1092,18209,3,0,3,0,1,"RT @TooRacist: A black man asked me ""Hey white boy, do you like niggers?""

""Well I wouldn't use that word personally"" I said, ""Like is a st&#8230;"
T1093,18252,3,0,3,0,1,RT @TrillZo_QMG: Girls with good pussy are possessed by demons its a fact
T1094,18267,3,0,3,0,1,"RT @TrxllLegend: One good girl is worth a thousand bitches

&#128112; = &#128109;&#128109;&#128109;&#128109;&#128109;&#128109;&#128109;&#128109;&#128109;&#128109;&#128109;&#128109;&#128109;&#128109;&#128109;&#128109;&#128109;&#128109;&#128109;&#128109;&#128109;&#128109;&#128109;&#128109;&#128109;&#128109;&#128109;&#128109;&#128109;&#128109;&#128109;&#128109;&#128109;&#128109;&#128109;&#128109;&#128109;&#128109;&#128109;&#128109;&#128109;&#128109;&#128109;&#128109;&#128109;&#128109;&#128109;&#128109;&#128109;&#128109;&#128109;&#128109;&#128109;&#128109;&#128109;&#128109;&#128109;&#128109;&#128109;&#128109;&#128109;&#128109;&#128109;&#128109;&#128109;&#128109;&#128109;&#128109;&#128109;&#128109;&#128109;&#128109;&#128109;&#128109;&#128109;&#8230;"
T1095,18284,3,0,3,0,1,"RT @Tweets_NOchill: If she ever been on a club flyer, She a hoe."
T1096,18309,3,0,3,0,1,RT @TylerZirhut: @BINDLE13 @gingerash2013 hahaha ok you got a point there there would be hella bitches screamin and cryin ova that nigga th&#8230;
T1097,18328,3,0,0,3,2,RT @UberFacts: The strings attached to boxes of animal crackers were originally put there so that the box could be hung from Christmas tree&#8230;
T1098,18350,3,0,3,0,1,RT @UrKindOfBrand: Vote or Die bitches
T1099,18359,3,0,2,1,1,RT @UrsTruly_Jessie: These bitches is actors out here
T1100,18396,3,1,2,0,1,RT @VillageBae: Don't block me because you think a post is about you...just ask me. Like a boss. You employee ass bitch.
T1101,18419,3,0,3,0,1,RT @WORIDSTARHlPHOP: every time bobby bitch comes on http://t.co/h7b0pL8T2h
T1102,18421,3,0,0,3,2,RT @WOWFoodPics: Oreo Shake http://t.co/YE22nl8bsE
T1103,18442,3,2,1,0,0,RT @Wayne__Da__Boss: I hate a bitch dat act like a nigga. &#128530;
T1104,18463,3,0,1,2,2,RT @WhitePeopleTalk: &#8220;KOBE&#8221; as they shoot a piece of paper into the trash
T1105,18466,3,2,1,0,0,RT @WhitesOnly_1: #niggers! http://t.co/Hb3uJaLky2
T1106,18473,3,1,2,0,1,RT @WhoreFandom: I'm going to let the pussy out like fight night #vote5sos
T1107,18484,3,0,1,2,2,RT @WitnessLaron: So this ape can get a MCM but I can't unbelievable... http://t.co/TsmstRxQX7
T1108,18501,3,1,2,0,1,RT @WorldStarFunny: I don't have an iPhone so I have to manually ignore these hoes http://t.co/LYZs1PU25I
T1109,18513,3,0,3,0,1,RT @X_LexiiSoUnique: All I see down my TL is naked white bitches &#128064;&#128064;&#128064;&#128584;
T1110,18572,3,0,3,0,1,"RT @Yansii_: Black bitches be like ""boy i told you not to get my hair wet"" http://t.co/CSG4OoPgkY"
T1111,18579,3,0,3,0,1,RT @YatchakHannah: @aireekaTK stop crying you pussy
T1112,18584,3,0,3,0,1,RT @Yes__We__Cam: Selfie game retarded http://t.co/HpLo9JaP9K
T1113,18622,3,0,3,0,1,RT @Z_MEGA: @Im_Yung_Jay grab me some bitches while u up there lmao oh and a belt ( fendi )
T1114,18643,3,0,3,0,1,"RT @_AshCrackk: My bitch bad, she from the island"
T1115,18648,3,0,3,0,1,RT @_BeautifulKeezy: &#8220;@100046729: &#8220;@_BeautifulKeezy: @100046729 bitch&#128514;&#128514;&#128514;&#128128;&#8221;man that's so cute to me &#128514;&#128514;&#128514;&#128128;&#8221;find a date
T1116,18651,6,0,6,0,1,RT @_BeautifulKeezy: &#8220;@100046729: @_BeautifulKeezy lmfao bitch was I talking to you &#128514;&#128514;&#8221;but I'm talking to you in my bubba voice &#128514;&#128514;&#128514;&#128128;
T1117,18675,3,1,2,0,1,RT @_ConnorRay: I do not fuck with that bitch she cannot keep her legs closed
T1118,18715,3,0,3,0,1,RT @_LastQueenCyn_: Niggas be in that pussy like http://t.co/DDJSB5itcD
T1119,18739,3,0,3,0,1,"RT @_Perarl: BITCH YOU GUESSED IT ""@VSamone: &#8220;@_Perarl: my pussy cuteness always sets me up for a good day&#128522;&#8221;u need some dick""

WOOOOH

You &#8230;"
T1120,18750,3,0,3,0,1,RT @_SiNCERE18: - when ya friends nag you like they yo bitch &#128064; mayne chill tf
T1121,18817,3,0,3,0,1,"RT @__chuuu_: I want this ""bad bitch"" epidemic to be over so fast bruh...fees can't write a sentence with proper subject-verb agreement now&#8230;"
T1122,18819,3,0,3,0,1,RT @__iamjazz: where is D hoes ? &#128514;
T1123,18859,3,0,2,1,1,RT @_hillzzz: this is real life &#128557; RT @NoWomanIsRight: She want to give u pussy so bad she mad at u cus u fucking it up
T1124,18862,3,0,3,0,1,RT @_iChrisP: &#8220;@Shane_A1: swear me n zee da only niccas who aint got da update yet&#8221;&lt;I'm right there wit cha bruh
T1125,18863,3,1,2,0,1,RT @_iForeign: You talking shit &#128567; But yo pockets ain't shit &#128169; Yo bitch ain't shit &#128169; Yo life ain't shit &#128169; nigga you just a ain't shit as nig&#8230;
T1126,18873,3,0,2,1,1,RT @_itsKILLA_: Yall hoes love football
T1127,18938,3,0,3,0,1,RT @alec_myers12: All I want for valentines day is a big booty hoe.
T1128,18978,3,0,1,2,2,"RT @anitaphilmar: Fairy Fun - Losing her wings doesn't mean there aren't other ways to fly? #asmsg, #erotica #shortstory http://t.co/t6LuM&#8230;"
T1129,18987,3,0,3,0,1,RT @apablo29: &#8220;@WesOrrJames: If you posted a thunder buddy status yesterday slap yourself&#8221;&#128514;your a basic bitch*
T1130,18994,4,0,4,0,1,RT @army_constancio: &#8220;@1ProudMahomiee: @army_constancio http://t.co/15iZirYyMj&#8221; bitches have me like..
T1131,19005,3,0,0,3,2,"RT @audizzle: Quote of last night, @GinaGaus telling me to find her a curved stick and she'll make a crossbow to shoot a bird down"
T1132,19014,3,1,2,0,1,RT @b0ss561: If you're gonna smoke weed then do you but alcohol is just stupid you faggots are getting more stupid drinking it
T1133,19025,3,0,3,0,1,RT @badgalZolanski: Retweet if ur dick will choke a bitch &#128514;
T1134,19115,3,0,3,0,1,"RT @buckupside: What kind of world do we live in, where bitches are getting surgery to make their butts BIGGER!? Since when do women want a&#8230;"
T1135,19154,3,0,3,0,1,RT @chaniiyyaa: Wayne really treat nicki like that's his bitch &#128564;&#128525;&#128553;....
T1136,19187,3,1,2,0,1,RT @cjduchesneau: nigger hair??? comin from this bitch who had a dread on the back of her@bair she forgot from century's ago
T1137,19193,3,0,3,0,1,RT @cocainebungy: Mckean Mckean lol hate half the people there lol weird ass hoes lol corny ass food ( I still kill that shit doe )
T1138,19209,3,0,3,0,1,RT @coolgirl71899: bitch act like she never seen a face mask #bitchplease http://t.co/uQQ0K8H89l
T1139,19232,3,0,2,1,1,"RT @cuposyrup: What females do on twitter:

1. Brag bout loyalty 
2. Call other females hoes
3. Song lyrics
4. Complain bout cramps
5. Twee&#8230;"
T1140,19238,3,0,3,0,1,RT @daaamian_69: Derrick said if I cover my face and leave just my eyes visible I'll have tons of bitches
T1141,19247,3,0,3,0,1,RT @dajhane9: bitch I'm not concerned about you.
T1142,19285,3,0,2,1,1,"RT @dcolbray88: ""@VonDreaam: If I post a picture of my woman, All you hoes jumping off a bridge tonight! Lol"" #OhKillem&#128544;&#128299;"
T1143,19291,3,0,3,0,1,"RT @degg: *slow rap voice* that bitch can suck my dick
*faster rapping voice* that bitch can suck my dick"
T1144,19318,3,0,2,1,1,RT @dnumberbefore_2: I want to take the time tonight to acknowledge all of the ex hoes
T1145,19328,3,0,0,3,2,"RT @donthypeme: &#8220;@VSamone: &#8220;@donthypeme: any favorites off yellow album ?&#8221;all of it&#8221;

#theperfectanswer &#127942;"
T1146,19344,9,0,9,0,1,"RT @drphilDONTEhue: Don't curve the man today, in whom you may need to eat your pussy tomorrow"
T1147,19381,3,0,0,3,2,"RT @ella__fraser: When you clam up, my survival instinct is to kick the door shut"
T1148,19409,3,0,3,0,1,"RT @fOREiGNCRAZi: Nosey ass hoes , I hate em. Always finding shit but can't find a man to date em &#128530;&#9995;"
T1149,19477,3,0,0,3,2,"RT @goddesslaney: @lajouetreine if you give that statement any thought at all you will realize it makes no sense. At all. Please, think abo&#8230;"
T1150,19502,3,3,0,0,0,RT @harmon_lauren: Jenna's a faggot
T1151,19509,3,0,2,1,1,RT @haztv: Stop forcing ya kids to take these pictures u trying to trap niggas online wit u funky hoes
T1152,19514,3,0,3,0,1,RT @hiagokoury: Lmao what my nigga just told me &#128514;&#128514;&#128514;hoes these days... They lovin the crew gd
T1153,19515,3,0,2,1,1,RT @hidalgoparadise: @D_41395 nigguh waldo had chipotle waiting for him at his house lucky soab lol
T1154,19518,3,0,3,0,1,RT @hilaryde92: Always a fat bitch in the handicap spot but never a dude in a wheelchair.
T1155,19526,3,0,1,2,2,RT @hoadie1006: #vermontgirlsbelike my hick accent comes out when I get around my family #vermontproblems @THISISVT
T1156,19527,3,0,3,0,1,RT @hodgeasia: All the bitches who called me a hoe in high school got like 2-3 kids now..
T1157,19552,3,1,2,0,1,RT @iAmLekan_: Lmaoo nigger is scared &#128540; &#8220;@Damolabond: So results are supposed to be out today Lol lol&#8221;
T1158,19553,3,0,3,0,1,"RT @iAmScottyBravo: I hate when old bitches&#128117; wear clothes these young hoes be wearing&#128135;&#128089;&#128096;, like stay yo ass&#9995;&#128530; in yo age group"
T1159,19599,3,0,2,1,1,RT @iGottFanss: Not all black girls are ghetto&#128530;
T1160,19607,3,0,0,3,2,RT @iLLmak3Ufamous: Touch my swag. Wish you could. RT &#8220;@VizyIsIgnant: I LOOK FLY. I LOOK GOOD. RT @Wisdom_Stature: On my momma.... On my ho&#8230;
T1161,19608,3,0,3,0,1,RT @iLikeWGW: retweet for big booty bitches
T1162,19627,3,0,3,0,1,RT @iSpeakComedy: Ever stay home from school and look at the clock and say yeah those bitches in math right now
T1163,19630,3,0,3,0,1,"RT @iStonerTweets: if she can roll, wife that bitch."
T1164,19637,3,0,3,0,1,"RT @iadorewomen_: A couple &#128107; is ""A couple"" &#128076; Not ""A couple &amp; one"" &#128107;&#128694; Not ""A couple &amp; some"" &#128107;&#128582;&#128581;&#128129; Not ""A couple &amp; plenty"" &#128107; &#128131;&#128131;&#128131;&#128131;&#128131; No hoes No &#8230;"
T1165,19658,6,0,6,0,1,RT @icyunv_shakia: &#8220;@1017_Sqquad Iont got not type ... Bad bitches is the only thing that I like&#8221;
T1166,19717,3,0,3,0,1,"RT @itscoleharmon_: Guys at parties be screaming ""these hoes ain't loyal"" but they drunk &amp; cheating on they gf with a girl who look like Ra&#8230;"
T1167,19750,3,0,0,3,2,RT @jamiedupree: Vice President Biden &amp; his wife are in Florida today to stump for Democrat Charlie Crist in his bid for Governor
T1168,19798,3,0,3,0,1,"RT @joerogan: Dear everyone using ""natural"" deodorant, it's not working, you stinky bitch."
T1169,19811,3,0,3,0,1,RT @joytooawesome: @im_jessicaaaaa @vintage_monroe_ bitch no I'm talking to her !
T1170,19832,3,0,3,0,1,"RT @kanYeBreast: seeee RT @phontigallo: ""Let that bitch hop in your mentions one more time, hear?"" http://t.co/VqHWqhvnwB"
T1171,19839,3,0,3,0,1,RT @karlos_budah: I kno this bitch a thot she wanna meet my momma now
T1172,19843,3,2,1,0,0,"RT @kcarmouche: How you real, don't put NO money on you nigga books? But chu buy a bitch Chanel just to hit the Puss!"
T1173,19855,6,2,4,0,1,RT @kep0ne: @quanb24 you bitch ass nigga
T1174,19860,3,1,2,0,1,RT @kg4hunnid: Bruh you trash take yo ass back to college @GenoSmith7
T1175,19862,3,0,3,0,1,RT @khadijzah: Someone will love your bitch ass it won't be me but someone will love you
T1176,19875,3,0,3,0,1,RT @kimble_zyelon: when i see a pretty girl i be like YASSSS slay on these hoes &#128571;&#128525;&#128553;&#128514; http://t.co/bOVprgb4W9
T1177,19883,3,0,0,3,2,RT @kitt: @shinypb not only you. and that pom stuff? totally porn.
T1178,19898,3,0,3,0,1,"RT @krisinizu: I'm telling you, shaved pussy is ugly."
T1179,19899,3,2,1,0,0,"RT @kristajayMFC: No mom. Im not ""dramatic /immature"" i just have fucking mental problems and youre a bitch and a cunt."
T1180,19917,3,0,3,0,1,RT @kylerea03: When your at the pharmacist and they tell you your medicine will be ready in 15 mins.... Wtf bitch it's been 30... #stillwai&#8230;
T1181,19923,3,0,3,0,1,"RT @lamarXO: man these hoes so familiar, one minute on the team next minute they ain't with ya."
T1182,19929,3,0,3,0,1,RT @laurenramirez16: @SatsuiYesHadou bitch nigga &#128520;
T1183,19936,3,0,3,0,1,"RT @leechee420: I went to GNC today and the cashier had ""bitch, we don't sell chocolate cake here"" written all over her face when she looke&#8230;"
T1184,19945,3,0,0,3,2,RT @lexipost30: love birds.
T1185,19950,3,0,3,0,1,"RT @liddoprincess: Call it ""insecure"" if u want but fuck no my man doesn't need to be friendly or have bitches as ""friends"" these hoes ain'&#8230;"
T1186,19963,3,0,3,0,1,RT @lildurk_: I hate wen hoes lie and say I fucked em #signedtothestreets2
T1187,19966,3,0,3,0,1,RT @lildurk_: Ima pull up eat the pussy and dip
T1188,19969,3,0,0,3,2,RT @lildurk_: S/o all my real fans who can wait and not want me to put out trash like other rappers #signedtothestreets2 #iGO
T1189,19987,3,0,3,0,1,"RT @liltbrodie: ""Damn..... I ain't got no bitches"" http://t.co/BYtu7zJ0TX"
T1190,20012,3,0,3,0,1,RT @lordflaconegro: Ion even ask lightskin bitches for nudes nomo fuck y'all &#128529;
T1191,20044,3,0,3,0,1,"RT @maccabeez: ""youre becoming a real bitch on this car ride."" - john on me not caring whether or not fountains of Wayne makes money on tour"
T1192,20054,3,0,3,0,1,RT @maddiedelahouss: It's Britney bitch. https://t.co/NafXa8PDpa
T1193,20075,3,2,0,1,0,"RT @marylene58: ""@maggietanquary: shes one of the ugliest women Ive ever seen. Cross between a reptile and a crow."" http://t.co/jsyAoguP4S"
T1194,20082,3,1,0,2,2,RT @maycie32: @Whitecholo23 np big nig nig
T1195,20085,3,0,0,3,2,RT @mckayllaa: I wish I had pretty colored eyes .
T1196,20087,3,0,3,0,1,RT @mckenzie_mason: If you're a freshman and you've fucked 1/4 of the boys in the senior class.. You're a hoe. #NotCute
T1197,20088,3,0,3,0,1,"RT @mckinley719: ""@wizkhalifa: Pretty bitches rep Taylor Gang"" #Hollah lmfaoo"
T1198,20123,3,0,0,3,2,"RT @minhazmerchant: Sonia never criticises Kejriwal. Kejriwal, who trashes every other leader, never criticises Sonia. Touching."
T1199,20167,3,2,1,0,0,RT @natal_mendoz: Whore slut cunt bitch nigga
T1200,20176,3,0,0,3,2,RT @neiltyson: Just to settle it once and for all: Which came first the Chicken or the Egg? The Egg -- laid by a bird that was not a Chicken
T1201,20212,3,0,0,3,2,RT @nyjets: We accept the #ALS #IceBucketChallenge from the @Patriots &amp; @JimmyFallon! We challenge the @Yankees @Mets @Seahawks- http://t.c&#8230;
T1202,20217,3,2,1,0,0,"RT @obeyyreggie: stfu hoe RT &#8220;@tedddydgaf: ""I'm proud to be African American"" 
- Proud African American

""I'm proud to be white"" 
- Racist
&#8230;"
T1203,20246,3,0,3,0,1,"RT @ortiz_jaylene: I'm a ""tall big booty bitch"" wtf lol &#128557;&#128557;&#128557;&#128514;&#128514;"
T1204,20258,6,1,2,3,2,RT @pambesteder: **WOW* according to this tweet by @Tarascan68 Obama must have been an Uncle Tom? http://t.co/Klcsgy9JPW
T1205,20266,3,0,0,3,2,"RT @paul_lander: Yesterday, the caged bird sang the blues. RIP #MayaAngelou."
T1206,20281,3,0,3,0,1,"RT @philiciaaaa: mcm &#128525;
bc tomorrow's 6 months &#128152;
Fuck everyone who said we wouldn't last. Proved you bitches wrong @tropicaldrew_ http://t.&#8230;"
T1207,20327,3,0,3,0,1,RT @random_shxt: need my dick sucked..fuck 1 bitch I need &#9996;&#65039; sluts
T1208,20356,3,0,3,0,1,RT @rhythmixx_: @Weyheymariam @jaymcnuggets that's how I drive you bitch http://t.co/drK5C0txtQ
T1209,20398,3,1,2,0,1,RT @sadaIlday: school is so pointless. im just trying to pass the class and get out this bitch
T1210,20444,3,0,3,0,1,RT @shantelb_: &#8220;@WeAre_XCI: I know bitches who sell pussy for 3.5's&#8221; &#128514;&#128514;&#128514;
T1211,20456,3,0,3,0,1,"RT @shonni__: My momma talm bout 'these kids party more than their parents ' &#128530; TF duh, why would you think it's ok for you to pussy pop at &#8230;"
T1212,20488,6,0,1,5,2,RT @sorryimalex: &#8220;@lametears: i only rted alex ramos aka trash to gain followers&#8221; #vote5sos
T1213,20503,3,0,0,3,2,RT @spurs: It's a bird...It's a plane...It's SuperManu #NBASuperHeroes
T1214,20505,3,0,3,0,1,RT @squeakkgod: Fuck da Opps 1x Fuck dear hoes 3x &#128514;
T1215,20506,3,0,0,3,2,"RT @ssbeirne: It's a bird! It's a plane! It's a boat! No...It's, it's... a flying human? #lakeerie #cle http://t.co/TTL10nqBzJ"
T1216,20529,6,0,0,6,2,"RT @sweetromance: @1visionamd @Redeemed1952 @AZWS Once again, birds of a feather...."
T1217,20530,6,0,0,6,2,RT @syd_renae: @2014Alyssa I have a pink fuzzy one &amp; a silky silver one. Bathrobes are a wonderful thing &#128129;&#128526;&#128525;
T1218,20536,3,0,3,0,1,RT @taexchanae: momma dee ain't loyal. you ain't pose to tell his main bitch bout his side bitches &#128514;
T1219,20586,3,0,3,0,1,"RT @theafr0dite: then u have the annoying ""HIT ME I DARE YOU"" ass bitches always tryna test a big ass 6ft linebacker ass dude.. girl if you&#8230;"
T1220,20592,3,0,3,0,1,RT @thecoreyholcomb: Every time you sleep with two women in a day it proves this country has a problem educating bitches about their self w&#8230;
T1221,20616,3,0,3,0,1,RT @thewayoftheid: Viola Davis sans wig is still stuntin on you hoes in the most classically beautiful way. #HTGAWM
T1222,20627,3,0,3,0,1,RT @thoughtkendalI: dumb bitch ruined a perfectly good sweater http://t.co/lk8W8jjglI
T1223,20640,3,0,1,2,2,RT @tishforprez: that pointy nail game is for da birds.
T1224,20646,3,0,2,1,1,"RT @tnicolle_rauzi: We always bitch about the opposite sex when we're equally just as scandalous. Not all, but a large sum. Hypocrisy at it&#8230;"
T1225,20670,3,2,0,1,0,"RT @trentlilweezy: ""you are trash""

me: http://t.co/nX2tqImO2a"
T1226,20712,3,1,2,0,1,RT @urbandictionary: @The2kGod nigger: A fully grown niglet http://t.co/HJKlNHDrWT http://t.co/x6y5XKKPMq
T1227,20719,3,2,1,0,0,RT @veeveeveeveevee: If I was Obama Id call a press conference &amp; slit joe bidens neck on live tv just 2 show these crackers I mean business&#8230;
T1228,20729,3,0,3,0,1,RT @verseunanswered: Did those bitches from Frozen ever build a snowman?
T1229,20774,3,0,3,0,1,RT @wizkhalifa: Currently taking over ur bitches brain with my creativity and wierdness.
T1230,20785,3,1,2,0,1,RT @woohdakidd_74: &#8220;@Shane_A1: I'm steady hearin bout these suppose to be tuff street niccas gettin fuccd n dey ass smh gay boys&#8221;&#128561;&#128561;smh sad &#8230;
T1231,20814,9,0,9,0,1,RT @xPoppinWheelies: Lol the thirst be so real on dis bitch &#128514;
T1232,20849,3,0,3,0,1,RT @ygAddie: Obama a bitch.
T1233,20870,3,0,3,0,1,"RT @yungtfti: If a bitch says ""eeeeeee"" she a hoe"
T1234,20883,3,0,1,2,2,"RT @zachthorpe78: ""the trash generation"""
T1235,20918,3,0,0,3,2,Ravioli stuffed wit lobster nd a nice stuffed clam #eating betterthanamobster http://t.co/PzdoESaR
T1236,20921,3,0,3,0,1,Ray rice had that bitch of the xans and the lean all in one punch
T1237,20923,3,0,0,3,2,Reaaallly wish I had more milk for Oreos. Lol
T1238,20961,3,0,3,0,1,"Remember when I told yall bout my coworker not lookin out a couple weeks back?.. Karma's a hoe, got his ass."
T1239,20967,3,0,0,3,2,Rescue elephant calf &#8216;Nunai&#8217; looking fuzzy at the International Fund for Animal Welfare Rehabilitati http://t.co/PAetLXGuoa
T1240,20979,3,0,3,0,1,Rihanna's Favorite Thing About White House Visits: 'My President Being Black' http://t.co/86zVJUzJLr #Solidarity Poking whitey-not wise..
T1241,21051,3,0,3,0,1,"Sam is hands down easily no doubt in a million years my least favorite character, such a little bitch! #freaksandgeeks"
T1242,21054,3,0,3,0,1,Same hoe said I couldn't get it tryna kick it.
T1243,21056,3,0,2,1,1,Same niccas tryna be around me .. The same niccas that used to down me!
T1244,21088,3,1,2,0,1,Scott told me at work today he wants to come over to get me drunk and then seduce my girlfriend...&#128299;&#128298; I'll kill you bitch &#128545;
T1245,21107,3,0,0,3,2,See the jumbotron? That&#8217;s where the jig is
T1246,21108,3,0,3,0,1,See two of his bitches in the cluuuuub &#8220;@_TonyHilfiger: What he do for a living? http://t.co/CS9dfgl7EW&#8221;
T1247,21113,3,2,1,0,0,See&gt; Its a FINE LINE&gt; Killing #faggots doesn't change the source of their creation. Which is #Stupid PEOPLE #overbreeding&gt; #PERIOD&gt;
T1248,21146,3,0,3,0,1,Sh*t!!!! RT @DipOnline If K Michelle was apart of Baltimore twitter she'd be one of them hoes saying she's celibate smh
T1249,21152,3,0,3,0,1,"Shawty pussy wet, the dope drippn wet &#128166;"
T1250,21158,9,1,7,1,1,She a hoe cause your boyfriend want her? she scary cause she dont talk shit like y'all? she ugly cause you don't like her? GROW UP!
T1251,21180,6,0,6,0,1,She got arrested for domestic violence against him!! Ugh bitch -_-
T1252,21235,3,0,3,0,1,Shirley Temple was a bad bitch when she was my age as well.
T1253,21250,3,0,3,0,1,Shot out to my main bitches and my side bitches&#128526;
T1254,21262,9,0,9,0,1,Shoutout that real bitch
T1255,21263,3,1,2,0,1,Shoutout to my Mamma cause she Ain't Raise no hoe
T1256,21272,3,0,3,0,1,Shut the fuck up and quit being such a pussy hahahah
T1257,21282,3,0,3,0,1,"Shut yo ""new year, new me"" lookin ass up bitch. &#58386;&#58386;"
T1258,21298,3,0,2,1,1,Sike naw I love big smelly hoes doe
T1259,21314,3,0,3,0,1,Sis said go to sleep I said bitch it's our b day I ain't sleeping &#128540;&#128540;&#128540;
T1260,21320,3,0,1,2,2,"Sitting on the deck, enjoying a #StoneIPA, watching/smelling the neighbors burn trash. #Missouri http://t.co/m9wYnrLtWz"
T1261,21351,6,0,6,0,1,Smh ma niggah
T1262,21379,3,0,3,0,1,"So I had to spray this huge ass wasp nest outside my backdoor. Maaan, them bitches were mad as fuck!!"
T1263,21382,3,0,3,0,1,"So I seen this sweater , its flashy. I wanna get it. I gotta get it. It say ""my boyfriend is my bitch, with some puppies"" &#128514;&#128514;&#128514;"
T1264,21391,3,0,3,0,1,So at work today I got called a cracker ass bitch. Lol
T1265,21416,3,1,0,2,2,So much more going on but hypocrisy doesn't sit well with me. My redneck family from central Illinois more black then Bieber!
T1266,21420,3,1,2,0,1,So my dumb ass screams fuck the redskins in this big ass echo filled parking garage
T1267,21440,3,0,2,1,1,"So was chris brown talking bout hisself when he said ""these hoes ain't loyal ?"""
T1268,21490,3,0,3,0,1,Some of the ice melted in my car cause the dumb fuck at 7/11 decided he wanted to strike up a conversation wit a fat ugly bitch smfh
T1269,21509,3,2,1,0,0,"Somebody couldve been like ""aye man you dropped your money"" but nooooooo fucking broke faggots selfish bastards i hate yall"
T1270,21512,3,1,2,0,1,"Somebody tell these nigggas I'ma keep fuckin they hoes, I'ma keep rockin these shows"
T1271,21518,3,0,2,1,1,Someone came up &amp; told me that I pulled hoes today. I was pissed just because thats so fucking false that its sad.
T1272,21520,3,1,2,0,1,Someone needs to get this boring Nike fag off the stage.
T1273,21538,3,0,0,3,2,"Sometimes I wish I had a cute pet monkey, but then I remember it would probably defecate everywhere, beat me up, and destroy my house."
T1274,21544,3,0,3,0,1,Sometimes you gotta block a bitch because damn they annoying
T1275,21549,4,0,3,1,1,Son of a bitch I can't wait till baseball is back. #AmericasPastTime
T1276,21558,3,0,3,0,1,Sooooooo true but I'm the pussy monsta http://t.co/2vhaCeQ4
T1277,21561,3,1,2,0,1,Sorry about the spam but I dare you to search nigger on Twitter and not laugh. Impossible.
T1278,21572,3,2,1,0,0,Southwest airlines is like driving in a mini van with your white trash cousins who love to huff paint thinner before before working.
T1279,21579,3,1,2,0,1,Speaking of. RT @KingHorseDick: A lot of them backpage hoes don't like fucking black guys so I never went thru with it
T1280,21593,3,0,3,0,1,Stafford you pussy
T1281,21624,3,0,3,0,1,"Stomach is hurting, I'm starving for some early morning pussy. &#128527;&#128527;"
T1282,21642,3,1,2,0,1,Strapped up fasho cause Iont trust no hoe
T1283,21649,3,0,0,3,2,"Study by Center for Biological Diversity called (taxpayer funded) Ivanpah a &#8220;mega-trap&#8221;-will kill 28,000 birds year. http://t.co/xPXEhne29E"
T1284,21650,3,0,3,0,1,Studying for this bio test like a hoe &#128554;
T1285,21679,3,0,1,2,2,Suddenlink is trash. Y'all know how important Bubble Guppies is to our day?
T1286,21688,3,0,3,0,1,Sup bitches
T1287,21709,3,0,0,3,2,Sweet! Just found that box of Twinkies I bought last year for $225.00! I bet its at least tripled by now! Such a no-brainer buy!
T1288,21725,3,2,1,0,0,TRUST ME when I say that #JesusChrist would be KILLING #faggots if he came back to life in today's day and age&gt; #Spartacus #Rome
T1289,21747,3,0,3,0,1,"Tarantulas are dope but the spiders that are small n can kill you.. Fuck dat RT @BkRaised718: Spiders arent scary, sheesh y&#8217;all some pussies"
T1290,21748,3,0,0,3,2,Taria the filterless sis.dari the angelic sis.im the big bro lol and jigg lil bro&#128553;
T1291,21760,3,0,3,0,1,Technically all the niggas that touched her raped her an when she see she trendin on this bitch she callin the cops lmao
T1292,21767,3,0,3,0,1,Tell me that that pussy is mineeeee
T1293,21774,3,0,2,1,1,"Tell your bae ""ho tre testicoli"" it means ""I love your eyes"" in Italian"
T1294,21784,3,0,3,0,1,Text your bitch some lyrics from that new Ty Dolla $ign tape before she wake up so she'll nag you a little less today
T1295,21797,3,0,0,3,2,"Thanks Charlie, have a great evening @Charlie4927 @StacyDmomof5 @RevkahJC @cantUCIMblonde @Kacado @PattiSM74"
T1296,21810,3,0,3,0,1,"That annoying moment when you have to keep removing your headphones because someone keeps talking to you.. Like move, bitch.."
T1297,21814,3,0,3,0,1,That awkward moment when #IGotDrunkAnd you're still an ugly hoe
T1298,21825,3,0,3,0,1,That bitch can't touch me
T1299,21835,3,0,3,0,1,That bitch is hella cranky today. Someone hand her a joint.
T1300,21845,3,0,3,0,1,That bitch.
T1301,21848,3,0,0,3,2,That crow has socks
T1302,21876,3,0,3,0,1,That niggah is me lol TMLT &#128514;&#128514;&#128514;
T1303,21880,3,0,3,0,1,That one drunk white bitch that always instigate problems involving at least one.black dude then crys afterwards when someone gets hurt
T1304,21884,3,0,3,0,1,That pussy came gift wrapped
T1305,21930,3,0,3,0,1,"That's your bitch, why she acting like she need a man?"
T1306,21944,3,0,1,2,2,The #teabagger #freemarket really doing wonders in #Bangladesh these last couple of days. #tcot #p2 #teaparty #randpaul
T1307,21958,3,0,1,2,2,"The KFAN mock draft continues, Cleveland is ""on the clock"". Paul Allen has the Vikings 8th pick. I am going with Def back, Justin Gilbert"
T1308,21967,3,0,0,3,2,The Republican Lt Governor of Missouri says he's sorry he called LAW Anglo-American Law. Racist Pig That he is...
T1309,21969,3,0,1,2,2,The Saints are pure trash lol smh
T1310,21971,3,1,2,0,1,The Steelers new uniforms look like homosexual bumblebees. #wtf?
T1311,21980,3,0,0,3,2,"The beautiful Fairy Pools near Glenbrittle on the Isle of Skye, Scotland http://t.co/cyi6xSvn97"
T1312,22001,3,2,1,0,0,The chinks really hunting their food... RT @WWLTV: Dog shot with arrow in N.O. East- http://t.co/q1KqT6STwl
T1313,22039,3,0,3,0,1,The left tho RT @BelloDisastro_: &#8220;@DJZeeti: twitpic a selfie with a bad bitch&#8221; &#127851;&#127851;&#127851; http://t.co/9X0CkRTgVr
T1314,22049,7,3,4,0,1,The movie #abouttime a hard ass chick flick. This nigga goes back in time if he but too quick n fucks the bitch over n over lol
T1315,22050,3,0,3,0,1,The music stop playing and all you hear is fuck you bitch I'll Spit on you &#128514;&#128514;
T1316,22069,3,0,3,0,1,The question alone &#128553;&#128514;&#128514;RT @KfromtheG: What city got the most bitches with gold teeth?
T1317,22071,3,0,0,3,2,The redskins just begging to lose this game smh
T1318,22083,3,2,1,0,0,The thing about working with black people. These bitches never on fucking time then wanna complain about a short check. Bitch die.Today. now
T1319,22089,3,0,3,0,1,The undesirables RT @KingHorseDick: @viaNAWF &#128557;&#128557;&#128557;&#128557;&#128557; these bitches big bruh
T1320,22095,3,0,3,0,1,The weeknd is why bitches love dark skin fellas now.
T1321,22104,3,0,0,3,2,Their gotta be a loaded lux vs Murda mook 3
T1322,22125,3,0,3,0,1,Then I hit that bitch like a free throw !
T1323,22159,3,0,3,0,1,"There's dudes on twitter who have no respect for their dick.You know,the mirror selfie niggaz,the nude droppers,dick avis,pussy eating avis?"
T1324,22181,3,0,3,0,1,These bitches boringgggg
T1325,22189,3,0,3,0,1,"These bitches gotta realize that ""their nigga"" WANTS ME &#128514; if he doesn't now he did several occasions before &#128564;"
T1326,22208,3,0,3,0,1,These bitches want the next best thing
T1327,22217,3,0,3,0,1,These customers are fucking crazy this bitch said God will smite me because her dumbass locked herself out of her account.
T1328,22224,3,0,3,0,1,These hoe ass niccas talkn shyt about a nicca make a nicca wanna go and snatch the bitch up outta nicca
T1329,22307,3,0,3,0,1,These nigs like saying they miss the old vice
T1330,22382,3,1,2,0,1,"This Amish bitch was rockin Gucci and her man was smokin a e-cig. Smh fake ass ""Amish"" ass bish!"
T1331,22407,3,0,3,0,1,This bitch always got shit to say about what other people like
T1332,22419,3,0,3,0,1,This bitch crazy
T1333,22424,3,0,3,0,1,This bitch gone ask is we closed &#128530;I said Naw we just ain't pay the lightbill this month YEA BITCH WE CLOSED!! Get TF out
T1334,22429,6,0,6,0,1,This bitch has two jobs and is starting school on the 26th. #fuckwhatyouheard
T1335,22434,3,0,3,0,1,This bitch is crying http://t.co/Js8uldDzNl
T1336,22447,3,0,3,0,1,This bitch just chillin http://t.co/lp9Xd7qRzP
T1337,22480,3,0,3,0,1,This bitch took her damn eye out like it was a contact! &#128561;&#128547;
T1338,22483,3,0,3,0,1,This bitch tweets been on point the few minutes I been on.
T1339,22484,3,0,3,0,1,"This bitch wanna smoke all of my weed,"
T1340,22502,3,0,3,0,1,This fat bitch turnt for some ice cream not gon lie I would be too https://t.co/E6FIiSiizW
T1341,22529,3,0,3,0,1,This how most of yall side hoes gone look on valentines day!! Lol http://t.co/SJmjiysthI
T1342,22540,3,0,3,0,1,This is great RT @AmPowerBlog loser &amp; coward @MikePrysner grabbed my iPhone and threw it in the street. He's a pussy. http://t.co/CVUbLNgXKj
T1343,22563,3,0,3,0,1,This man Wimp gotta be drunk he know damn well he dont fw no hoes!! &#128514;&#128557;
T1344,22579,3,2,1,0,0,This nigga over here telling me he dont fuck with this bitch . When he do &#128553;&#128514;&#128514;. Or maybe she lying lol
T1345,22601,3,0,2,1,1,This pussy dryer than yours... RT @LoyalLamb85: Drier vs. Dryer :(
T1346,22617,3,1,2,0,1,This subway worker is being a major bitch to a soldier. come on show some respect
T1347,22623,3,0,0,3,2,This waiting thing is for the birds...
T1348,22661,3,0,3,0,1,Time hop makes me realize how much off a faggot I was lol
T1349,22667,3,0,3,0,1,Tired of hoes man
T1350,22669,3,0,3,0,1,Tired of these hoes breathing my air.
T1351,22676,3,0,3,0,1,To many dumb hoes in milwaukee
T1352,22677,3,0,3,0,1,To many niggas and not enough hoes and most of you niggas acting like hoes
T1353,22687,3,0,2,1,1,Told da nicca str8 up to his face whateva he got goin on I Want In..Guess he felt some type of way bout it
T1354,22707,3,0,3,0,1,Too many bad bitches last night
T1355,22710,3,0,3,0,1,Too many pretty bitches got the sore throat voice.Mostly red bones. #TurnOff
T1356,22719,3,0,3,0,1,Top knotch hoes get the most not the lesser
T1357,22749,3,0,3,0,1,Truuuuuuuuuuu facts both then niggaz is pussy nd I'll tag em both @meekmill nd cassidy r/p by my nigga let http://t.co/NhYODSpP
T1358,22750,3,0,0,3,2,Try Rex's NEW water roasted tomato/potato sawdust crackers! Loaded with enough sodium as to make Lots wife look unsavory! Only 22.99 a box!
T1359,22763,3,0,3,0,1,"Turn the entire fuck up, hoes!!!!"
T1360,22785,3,0,3,0,1,Two foreign hoes Iont like the basic
T1361,22795,3,0,2,1,1,Type of nicca owe yu money but still ask you to go n on a blunt
T1362,22808,3,0,3,0,1,U ever seen a bitch talk shit about another bitch then U see them hanging together?
T1363,22829,3,0,3,0,1,U wont see me sober less i got court Mary the best bitch in life
T1364,22883,3,1,2,0,1,VP Joe the Dildo still wants your guns. Hey Joe. FU. Oath breaking prick needs to be routed out. Hows it feel to be honkey whippin boy?
T1365,22889,3,0,3,0,1,Vegas in 4 days bitches.
T1366,22921,3,0,3,0,1,Waddup bitch I gotta get tf outta this town tonite http://t.co/fDc54X3cB0
T1367,22923,3,1,2,0,1,Wait What?! &#128557;&#128557;&#128564;&#128564;&#8220;@TaeCocky: You a faggot if you wear a seat beat&#8221;
T1368,22940,3,1,2,0,1,Walk out that bitch like RT @MKellyRedmen25: Just murdered that test! http://t.co/XYiVSRbsop
T1369,22945,6,0,6,0,1,Wallah does this dumb bitch dream about the fucking lottery to wake up this early and play fuck you hoe.
T1370,22947,3,0,3,0,1,Want some cheese with that whine bitch ?!
T1371,22955,6,0,5,1,1,Wash up hoe
T1372,23018,3,0,1,2,2,We're going to make the school look so redneck tomorrow.
T1373,23025,3,0,3,0,1,Weird ass bitches
T1374,23026,3,0,0,3,2,Weird frosted colored lipgloss is weird...
T1375,23048,3,0,3,0,1,Welp imma hoe again :/ RT @Gladvillian: She a hoe if she likes chocolate.
T1376,23054,3,0,0,3,2,Western Jihadi fanboys use of language: peppering sentences with Arabic words to sound knowledgeable - #Comical http://t.co/G2rca1XGh7
T1377,23067,3,0,3,0,1,"What a pussy so you can sub-tweet about me, then unfollow, but can't even reply and try to understand my point? Yeah and I'm the idiot."
T1378,23093,6,0,6,0,1,What now bitch I've got you're girlfriend @owne1235 http://t.co/cydgooP9YZ
T1379,23109,3,0,2,1,1,What was that knob to get shit back in focus when it started getting fuzzy?
T1380,23119,3,2,1,0,0,What's so good about Prom? All I see is another faggot ass High School dance.
T1381,23134,3,0,3,0,1,"When Chief Keef said ""I aint done turning up bitch!"" http://t.co/bx2mXV2osO"
T1382,23156,3,0,2,1,1,When a hoe go back to her roots
T1383,23158,3,1,2,0,1,When a niggah think he gon come in-between me and my bestf &#128514;&#128514;&#128514;&#128514; I'll fuck you and her up &#128514;&#128076;
T1384,23170,3,1,0,2,2,When did Miley turn ghetto?
T1385,23200,3,1,2,0,1,When niggas say they like Latinas they don't mean you fat bitches that smell like fajitas
T1386,23256,3,0,3,0,1,Where the fair and reasonable women at? Not these self righteous I deserve the world without working for it Cuz I got a pussy bitches.
T1387,23261,3,0,2,1,1,Where this hoe Benga at
T1388,23273,3,0,0,3,2,"Whipped cream &#9829;,&#9829; #endlesslove"
T1389,23315,3,0,0,3,2,"Whoo? A new attraction in Virginia City, birds of prey. Meet this owl famous for his role in Harry Potter. http://t.co/1NFSh5sCcR"
T1390,23331,3,0,3,0,1,"Why beg for nudes when you could fuck that bitch and make a video. Staring yourself and you get some booty, win win."
T1391,23336,3,0,0,3,2,Why can't I have colored eyes like my siblings &#128557;&#128557;
T1392,23397,3,0,3,0,1,Why you let these hoes tear what we had apart you shud be beware beware
T1393,23407,3,0,0,3,2,Will be interesting to watch how Interlagos grips in this weekend. F1 cars basically the guinea pigs for WEC later this month.
T1394,23434,3,0,3,0,1,Wiz lost his bitch to this nigga ain't no weed in the world strong enough to help him get over that http://t.co/L2xzrUqwkP
T1395,23448,3,1,2,0,1,"Women want a Best Man Holiday type of nigga meanwhile you have mad THOT pics on ya gram talking about ""this could be us"" bitch die"
T1396,23450,3,0,0,3,2,"Won't catch me sneak dissing, thats fo the birds."
T1397,23451,3,0,3,0,1,Won't step dad me hoe. Lol
T1398,23457,3,0,3,0,1,Word... But what r Dms? RT @BakeGriffin A twitter crush is some bitch shit. Man up &amp; enter her Dm's bruh
T1399,23474,6,1,5,0,1,Wow fucken Bradley sucks ass. And his coach said this niggah can play for Barcelona hahahahahaha
T1400,23496,3,0,3,0,1,Y u a bitch doe?
T1401,23518,3,0,3,0,1,"Y'all hoes don't need a valentine , Y'all need Jesus"
T1402,23524,3,0,3,0,1,Y'all lonely ass bitches sure do give out a lot of relationship advice....
T1403,23544,3,0,3,0,1,Ya bitch got my dirty pistol in her crib uoeno it
T1404,23547,3,0,3,0,1,Ya bitches dumb as fuck for the felon.
T1405,23563,3,1,2,0,1,Yall bitches only muslim when yall hair fucked up ctfu stop that youngs!!
T1406,23571,3,0,0,3,2,Yall know Skip Bayless is about to slit his wrists over Romo! Lol
T1407,23587,3,0,0,3,2,Yanks won't make the playoffs but we ain't in the AL basement. That's the Red Sox position:http://t.co/f7HXNDz1hy&#8221;
T1408,23596,3,0,3,0,1,Yea I see ya hoe
T1409,23608,3,1,2,0,1,Yeah Chris Brown definitely the realest waffle cone colored nigga of all time for that no bullshit song b that's exactly how I be feelin
T1410,23615,6,0,6,0,1,Yeah hoe
T1411,23653,3,1,2,0,1,Yo @KayciMalynn I miss you. Ya cunt.
T1412,23696,3,0,3,0,1,You a bitch
T1413,23705,3,0,3,0,1,You a hoe if you take a taxi to the club
T1414,23709,3,1,2,0,1,You a pussy hoe until you give me pussy hoe
T1415,23711,3,1,2,0,1,You a shoulda coulda woulda ass niggah Ima wish a niggah would ona hood ass niggah
T1416,23735,3,0,3,0,1,You at the club EVERY week bitch get a life
T1417,23794,6,0,6,0,1,"You girls be 13 talking about ""I hate sleeping alone"" .. Well bitch you better buy a damn teddy bear."
T1418,23810,3,1,2,0,1,You guys are all faggots.
T1419,23812,3,3,0,0,0,You have my word we will RT @JRwrz: @Thotcho beat those fucking faggots pls
T1420,23816,3,0,2,1,1,You hoes are in for a pleasant surprise &#128540;&#128527;
T1421,23842,3,0,3,0,1,You know these hoes wishy washy !
T1422,23849,3,0,0,3,2,"You know you are in the ghetto when you see streets named Martin Luther King Jr &amp; LittleJohn. 
#halp"
T1423,23857,3,1,2,0,1,You little dumb ass bitch I dont fuck with you!
T1424,23867,3,0,3,0,1,You need a muzzle for your horse face bitch.
T1425,23898,3,0,3,0,1,You say you gotta new bitch?
T1426,23900,3,0,3,0,1,You scum bro RT @HURRICANESENSEI: When tha pussy was trash but she still txt yu... http://t.co/5tasiq5YO8 my life ain't shit
T1427,23905,3,0,3,0,1,You selfish bitch... I bet you love running.. I sure do.
T1428,23907,3,1,2,0,1,You should have to be over 6 foot and 220 lbs to buy a truck. We know most of you get em cause you're scrawny country pussies.
T1429,23935,6,0,6,0,1,You will never get a &#128141;&#128142; if you don't know how to cook &#127831;&#127830;&#127837;&#127844;&#127835;&#127829; for ya man fr atleast not from a nigga like me. Slackin ass bitches
T1430,23992,3,0,3,0,1,Your girls pussy smells like sour cream and onions
T1431,23998,3,0,3,0,1,Your pussy hella tight. Took me an hour to slide in that mothafucka &#8220;@flaidfirnruht: &#8220;@07Cannon: Quote and I'll compliment you&#8221;&#8221;
T1432,24010,3,0,3,0,1,"Yup, I officially do not like you. You are a needy greedy bitch who needs to have it your way."
T1433,24020,3,0,3,0,1,"a bitch can have two black eyes, bloody lip, scalp bleeding, bruises, and a broken arm and still be like ""but i love him!"" lmao"
T1434,24025,3,0,3,0,1,add me on snapchat bitches @ erinblair
T1435,24027,3,0,0,3,2,"after the steelers lost the superbowl i loaded up the black and yellow gmix on my moms computer, i think the youtube page is still open"
T1436,24030,3,0,3,0,1,ahaha pussy is king
T1437,24039,6,0,4,2,1,aint nuthin retarded bout Gucci but this gold rolex
T1438,24048,3,0,3,0,1,"all the money n the pussy I want, I need that there"
T1439,24051,3,0,3,0,1,"all these bad bitches, man they want the ____"
T1440,24061,3,0,3,0,1,"always okay to bring your ho to the barbershop though, they usually cool af"
T1441,24120,4,0,4,0,1,"bitch get out cha, bitch get out cha, bitch get out cha feelings.&#128079;&#127926; RT @bitemy_jordans: In my feelings... wtf"
T1442,24144,3,0,3,0,1,bitch you guessin
T1443,24173,3,0,3,0,1,bitches tryna be down but I ain't for that relationship life right now.
T1444,24181,3,0,3,0,1,"bout to get some twitter bitches, my twitter fame raising dawg #GETWITME"
T1445,24183,3,0,2,1,1,"brb, skipping out of a b-ball game with Obama to whoop @ThatAngryNigga's hoe ass."
T1446,24190,3,0,3,0,1,"but i do know one thing though, bitches they come they go, Saturday through Sunday monday, monday through sunday yooooo #superman"
T1447,24200,3,0,3,0,1,cant hate onna bitch getting paid for what she got
T1448,24232,3,0,1,2,2,damn lol RT @GlobalGrindNews: Janay Rice speaks on the domestic violence costume that mocks her marriage http://t.co/n6ucidNUuU
T1449,24240,3,0,3,0,1,deal with you bitches when I feel like it
T1450,24266,3,0,3,0,1,"don't look at me like I've got a banana in my hand, you fucking monkey."
T1451,24282,3,0,3,0,1,eagles are fucking cunts http://t.co/nK2CO0snNv
T1452,24307,3,0,1,2,2,f u tumblr bc my blog is black &amp; white but there's so many great colored things I could reblog fml
T1453,24362,6,1,5,0,1,"got a death wish against like 675 cunts, I'm just no a happy man #fuckittt"
T1454,24382,3,0,3,0,1,ha fucking twat. go cry about mommy some more
T1455,24394,3,2,1,0,0,harm this pussy instead RT @ABC7: missing 26-yr-old USC medical student last seen Tuesday May harm himself http://t.co/evU04p6SUR
T1456,24399,3,0,3,0,1,having one of those days where a pimp wants to unfollow every bitch in a 30 mile radius on IG that won't let me beat
T1457,24404,3,0,0,3,2,he's making fun of me cause I'm worried about the bird and he saying he's not surprised because I don't like splitting poles lol ugh jerk
T1458,24407,3,0,3,0,1,hell yeah I'm being a pussy cat today.. don't forget a sexy one
T1459,24415,3,0,3,0,1,hey shawnda.. I'm rich bitch!!
T1460,24479,3,2,1,0,0,i hate hoes.
T1461,24510,3,0,2,1,1,i want a dyke clique
T1462,24523,6,0,6,0,1,i'd rather sit alone than fuck w/ iffy bitches.
T1463,24526,3,0,3,0,1,"i'm sorry i called you a gap-toothed bitch, its not your fault you're so gap-toothed"
T1464,24542,3,0,1,2,2,"if ice jj fish gets all these looks , who really trash me or him"
T1465,24611,3,0,3,0,1,its been 5 years and this bitch still thinks im over how she did me over. I dont think so. *decline*
T1466,24667,3,0,1,2,2,"lmaoooo RT @PhillyTheBoss: Everything on BET is trash. RT @MrCOOK_: B-Rad RT @fkinLIVE: White Mike was on BET, he can't be trash"
T1467,24689,3,0,0,3,2,lol they replaced the big yellow chicken with Homer
T1468,24715,3,0,3,0,1,"me: *complains about suburban white girls*
suburban white girl: you're a bitch
me: ok u literally just proved my point"
T1469,24728,3,1,2,0,1,my bitch stay my bitch so don't look she keep that pussy tucked
T1470,24736,3,0,0,3,2,"my girlfriend, I kid you not, eats bacon without dipping it into the tub of creamy butter I've laid out. I'm like ""what are you, a bird?"""
T1471,24754,3,0,3,0,1,"neither have i :-/ RT @DerekIsNormal: I just...why...ok. RT @pieceofshittbh: ""I've never had a nigger cock"" https://t.co/JF9o9vjcBL"
T1472,24782,3,1,2,0,1,no flex zone.... hoe
T1473,24796,3,0,3,0,1,"none of them 3 bitches look like dey ca boil a egg, but working at buds broiler...."
T1474,24819,3,2,1,0,0,omg RT @SaddyBey: Fat bitch. What's her @? http://t.co/ptNszx6nid
T1475,24829,3,0,3,0,1,"one deep in my phantom ghost, bad bitch with me excuse me where my manners go"
T1476,24852,3,0,3,0,1,pimps up hoes down!!! http://t.co/NuI9uJvfA2
T1477,24880,3,0,3,0,1,pussy so good i juss save that shit for lataa
T1478,24897,3,0,0,3,2,respect the birds. peace in pieces.
T1479,24902,6,0,6,0,1,"running the game for 5 years guess that's why my feet hurt , wonder when they bite me do these bitches teeth hurt &#9995;&#128175;"
T1480,24980,3,0,3,0,1,stupid bitch
T1481,24993,3,0,0,3,2,teeth can make or break a person. you could be a 10 and have yellow teeth and immediately drop to a 2.
T1482,25000,3,0,3,0,1,that bitch!!! how can she treat Turtle like that?
T1483,25004,3,0,3,0,1,that hoe that you in love with? that's that hoe I mess around with
T1484,25006,3,1,2,0,1,that lil bitch released the exclusive shower photos between niggas. #trustisbroken
T1485,25010,3,0,2,1,1,"thats top off, pop off, im with my dogs like stewie griffin, bitches hear me they be like ooh he rippin"
T1486,25019,3,0,3,0,1,the craziest hos for no reason on TV hands down are Teirra Marie (however ghetto way she spell it) and Siah's cute ass girl
T1487,25074,3,0,3,0,1,this bitch is winning with popcorn&#8230;&#8230; @mc3Josh #Masterchef
T1488,25081,3,0,3,0,1,"this could be my last breath
I'ma take my time, cause I'ma go out the same way I came in
Right by the pussy with nothin' on my mind"
T1489,25087,3,0,0,3,2,this is why i love birds. http://t.co/Gk2wiNhBkw
T1490,25095,3,0,3,0,1,this shit so trash lol
T1491,25167,6,0,6,0,1,well ain't that a bitch
T1492,25174,3,1,2,0,1,what a retard lol
T1493,25182,3,0,3,0,1,when bitches be tryna wash their shit on the low lol funny af
T1494,25205,3,0,3,0,1,why did the fins sign finnegan? hes a certified bitch
T1495,25216,3,0,3,0,1,"why you act like a little booshie bitch now, that's why you don't have friends hoe"
T1496,25219,3,1,2,0,1,will u love dat nigga even if he lose it all... or will u dip like the groupie hoes searching for another &#11088;&#65039;
T1497,25221,3,0,0,3,2,wish I had a brownie or a dab to knock me out rn
T1498,25263,3,0,3,0,1,you a hoe nigga forreal
T1499,25266,3,1,2,0,1,you ain't gotta be a dyke to like hoes
T1500,25269,3,0,3,0,1,you can masturbate anytime bitch lol &#8220;@greyyygoose: I just want some damn alone time. Fucccckkkkkk! Lol&#8221;
