tweet_id,source_row,annotation_category,tweet_text_raw,text_clean,word_count,count,hate_speech,offensive_language,neither,sentiment_negative,sentiment_neutral,sentiment_positive,sentiment_score,sentiment
T0001,4,Offensive language,!!!!!!!!!!!!! RT @ShenikaRoberts: The shit you hear about me might be true or it might be faker than the bitch who told it to ya ,rt the shit you hear about me might be true or it might be faker than the bitch who told it to ya,23,6,0,6,0,0.6913047,0.2502743,0.058421098,-0.6328836,Negative
T0002,9,Offensive language,""" @rhythmixx_ :hobbies include: fighting Mariam"" bitch",hobbies include fighting mariam bitch,5,3,1,2,0,0.5713117,0.39547157,0.033216722,-0.538095,Negative
T0003,30,Offensive language,""" i txt my old bitch my new bitch pussy wetter """,i txt my old bitch my new bitch pussy wetter,10,3,0,3,0,0.29862753,0.55542856,0.1459438,-0.15268372,Neutral
T0004,35,Offensive language,""" is that ya bitch """,is that ya bitch,4,3,0,3,0,0.82034314,0.16372803,0.015928885,-0.8044143,Negative
T0005,51,Offensive language,""" yall niggas b cuffing hoes cause yall aint never have bitches """,yall niggas b cuffing hoes cause yall aint never have bitches,11,3,0,3,0,0.72324294,0.25837433,0.018382652,-0.70486027,Negative
T0006,57,Offensive language,"""& he's gone always be a hoe""",he s gone always be a hoe,7,3,0,3,0,0.7532052,0.22937723,0.017417584,-0.7357876,Negative
T0007,102,Offensive language,"""@Coley_Cee: @lil_aerii girl you know I was spitting that G shit to you & you was going lbvs""bitch plz",girl you know i was spitting that g shit to you you was going lbvs bitch plz,17,3,0,3,0,0.7456572,0.23365521,0.020687515,-0.7249697,Negative
T0008,158,Offensive language,"""@KelsieBelsi: You're not a man if you refer to every girl as a bitch""",you re not a man if you refer to every girl as a bitch,14,3,0,3,0,0.87911755,0.11299981,0.007882632,-0.8712349,Negative
T0009,166,Neither,"""@KnightfanNeal #UCFPINKPARTY come on stay alive knights nation!!!!"" This is still the early bird special. #ComeAtMeUT",ucfpinkparty come on stay alive knights nation this is still the early bird special comeatmeut,15,3,0,0,3,0.007088285,0.14453562,0.8483761,0.8412878,Positive
T0010,191,Offensive language,"""@MegamindNick: @white_thunduh nah fam I gotta cheat with the hoes"" depends on the female i feel",nah fam i gotta cheat with the hoes depends on the female i feel,14,3,0,3,0,0.43207863,0.5461297,0.021791637,-0.410287,Neutral
T0011,193,Offensive language,"""@Migsmichelen: This new twitter is confusing the shit out of me."" Go back to south america bitch",this new twitter is confusing the shit out of me go back to south america bitch,16,3,1,2,0,0.93689483,0.05671937,0.0063858447,-0.930509,Negative
T0012,202,Offensive language,"""@NewsomeJade: I ain't never seen a bitch so obsessed with they nigga😂"" I'm obsessed with mine 😑",i ain t never seen a bitch so obsessed with they nigga i m obsessed with mine,17,3,1,2,0,0.686312,0.2572478,0.056440193,-0.62987185,Negative
T0013,227,Offensive language,"""@RishaaWilliams: @TRESHON_SCROOGE @_Nevertrustt ol bitch ass"" http://t.co/AmcOinY0wG",ol bitch ass,3,3,0,3,0,0.94067913,0.053807504,0.0055134166,-0.9351657,Negative
T0014,254,Offensive language,"""@ThatniggaTroy: Oomf so fuckin fine tho 😩 dam"" @ her, don't be no bitch.",oomf so fuckin fine tho dam her don t be no bitch,12,3,0,3,0,0.61506,0.22924525,0.1556948,-0.4593652,Negative
T0015,265,Offensive language,"""@Thornton25: “@KantKeepAhBYTCH: I love eating pussy lol I never get full lol” I can eat that shit forever lol"" and ever.",i love eating pussy lol i never get full lol i can eat that shit forever lol and ever,19,3,0,3,0,0.025979893,0.07391834,0.9001017,0.87412184,Positive
T0016,294,Offensive language,"""@_BeeDontCare My pussy still fresh"" <----- something stank girls say.",my pussy still fresh something stank girls say,8,3,0,3,0,0.64915174,0.31476218,0.036086105,-0.61306566,Negative
T0017,308,Offensive language,"""@airmaxlad1: Hot meat http://t.co/BRz8Imk5vK"" sexy as fuck scally lad. I would love to meet him and his trainers.",hot meat sexy as fuck scally lad i would love to meet him and his trainers,16,3,0,3,0,0.015059047,0.040960692,0.9439803,0.9289212,Positive
T0018,313,Offensive language,"""@altosteel115: http://t.co/tM28mh5XG2"" woof woof. Sexy thug boy scally.",woof woof sexy thug boy scally,6,3,0,2,1,0.054491494,0.29100055,0.65450794,0.6000164,Positive
T0019,324,Offensive language,"""@clayton_jenn99: I'm gonna miss that bitch of a bus driver...""no you won't. Don't lie",i m gonna miss that bitch of a bus driver no you won t don t lie,17,3,0,3,0,0.928165,0.063716754,0.008118236,-0.9200468,Negative
T0020,354,Hate speech,"""@jayswaggkillah: Jackies a retard #blondeproblems"" At least I can make a grilled cheese!",jackies a retard blondeproblems at least i can make a grilled cheese,12,3,2,1,0,0.68613327,0.2340571,0.079809725,-0.60632354,Negative
T0021,393,Offensive language,"""@savage_twotone: Next year bitches is gonna be like you gotta promise you won't expose me 😂😂😭""",next year bitches is gonna be like you gotta promise you won t expose me,15,3,0,3,0,0.5649156,0.3813748,0.05370955,-0.51120603,Negative
T0022,405,Offensive language,"""@talibanshawtyy: Niggas whole hoes out here cuz"" Couldn't had said it better..🙌",niggas whole hoes out here cuz couldn t had said it better,12,3,1,2,0,0.15844968,0.29045838,0.55109197,0.3926423,Positive
T0023,417,Offensive language,"""@witmyRUDEass: When a bitch don't want a real job they just become strippers lol"" lol.",when a bitch don t want a real job they just become strippers lol lol,15,3,0,3,0,0.74157965,0.2280555,0.030364946,-0.7112147,Negative
T0024,430,Neither,"""Bae"" sounds like such a ghetto word. Use something else",bae sounds like such a ghetto word use something else,10,6,0,1,5,0.9254534,0.067853376,0.0066931434,-0.9187603,Negative
T0025,448,Offensive language,"""Eff it. Let's go after the cripple."" http://t.co/kSaMx1JPfV",eff it let s go after the cripple,8,3,1,2,0,0.5662889,0.38781172,0.045899387,-0.5203895,Negative
T0026,539,Offensive language,"""Nah girl I ain't gon be able to make it, it's been tight since Russ loss his job"" you in the back like ""damn bitch really""",nah girl i ain t gon be able to make it it s been tight since russ loss his job you in the back like damn bitch really,28,3,0,3,0,0.89043546,0.10038488,0.009179643,-0.8812558,Negative
T0027,540,Hate speech,"""Nah its You @NoMeek_JustMilz: 😂😂😂😂 yo i thought some1 photoshopped my face on that faggot smmfh...i hate yall"" http://t.co/5e2fkQ3Q2T",nah its you yo i thought some photoshopped my face on that faggot smmfh i hate yall,17,3,2,1,0,0.9322961,0.058580063,0.009123885,-0.92317224,Negative
T0028,549,Hate speech,"""Our people"". Now is the time for the Aryan race 2 stand up and say ""no more"". Before the mongerls turn the world into a ghetto slum. 1488",our people now is the time for the aryan race stand up and say no more before the mongerls turn the world into a ghetto slum,26,3,3,0,0,0.8058163,0.18091963,0.01326404,-0.79255223,Negative
T0029,606,Offensive language,"""Y'all forget he has his brand new baby girl at home"" bitch the cookies are burning",y all forget he has his brand new baby girl at home bitch the cookies are burning,17,3,0,3,0,0.5899909,0.36479604,0.045213062,-0.54477787,Negative
T0030,609,Offensive language,"""Yo bitch on the horn. Tryna shoot a porn."" - @KingL That's T shirt worthy Tony",yo bitch on the horn tryna shoot a porn that s t shirt worthy tony,15,3,0,3,0,0.3188502,0.52284443,0.15830544,-0.16054475,Neutral
T0031,610,Offensive language,"""Yo can I sublet your pussy"" #ShitFahdSays",yo can i sublet your pussy shitfahdsays,7,3,0,3,0,0.48862007,0.4605515,0.0508284,-0.43779168,Negative
T0032,623,Neither,"""You look like little birds help you get dressed in the morning""",you look like little birds help you get dressed in the morning,12,3,0,1,2,0.075435005,0.6666951,0.2578698,0.1824348,Neutral
T0033,626,Offensive language,"""You took our land so you could make each other retarded in DIAPERS? Sure....use our image....cool...."" #redskins #NFL #concussion #jokes",you took our land so you could make each other retarded in diapers sure use our image cool redskins nfl concussion jokes,22,3,0,3,0,0.739507,0.22854087,0.031952165,-0.7075549,Negative
T0034,657,Hate speech,"""poor whitey"" http://t.co/3UkKeyznz8",poor whitey,2,3,2,1,0,0.80576754,0.18183559,0.012396847,-0.79337066,Negative
T0035,702,Offensive language,#DearFeministMen there are easier way to get pussy w/out sacrificing your man hood...best of all they dont include losing ur self respect!,dearfeministmen there are easier way to get pussy w out sacrificing your man hood best of all they dont include losing ur self respect,24,6,1,5,0,0.3776608,0.4425323,0.17980686,-0.19785395,Neutral
T0036,717,Offensive language,#Fact females that tweet ALL the dayum day r hoes that need attention #ijs #wontgetme,fact females that tweet all the dayum day r hoes that need attention ijs wontgetme,15,3,1,2,0,0.8694314,0.11992275,0.010645812,-0.85878557,Negative
T0037,718,Neither,"#FemaleLogic is worse than the jig, I'm convinced",femalelogic is worse than the jig i m convinced,9,3,0,0,3,0.9323515,0.06068326,0.0069651953,-0.9253863,Negative
T0038,720,Offensive language,#FreeElChapo is trending?! why cus French Montana's bitch ass?? you fucks that think selling drugs is cool are the LAMEST POSERS!!,freeelchapo is trending why cus french montana s bitch ass you fucks that think selling drugs is cool are the lamest posers,22,3,1,2,0,0.9572926,0.037712485,0.0049948893,-0.95229775,Negative
T0039,732,Offensive language,#IDontHaveTimeFor Ratchet hoes.,idonthavetimefor ratchet hoes,3,6,0,6,0,0.9018783,0.08703626,0.011085461,-0.89079285,Negative
T0040,796,Neither,#THEBOONDOCKS at 10:30 my nicca!,theboondocks at my nicca,4,3,0,1,2,0.0063725603,0.8093543,0.18427306,0.17790051,Neutral
T0041,830,Neither,#Yankees I went to Golds with Cruz in 2010 when he was a Sound. No upper /lower body strength.. Hmm now 40 HR hitter. Won't say the S word.,yankees i went to golds with cruz in when he was a sound no upper lower body strength hmm now hr hitter won t say the s word,28,3,0,0,3,0.36178258,0.5739417,0.06427575,-0.29750684,Neutral
T0042,834,Neither,"#Yankees Primo! Just got home and the Tanks are on MLB. Finally! And they are winning! Even better. Time to get serious, Sept call up time",yankees primo just got home and the tanks are on mlb finally and they are winning even better time to get serious sept call up time,26,3,0,0,3,0.003027212,0.021574609,0.9753982,0.972371,Positive
T0043,859,Neither,#inners Still hanging in. #Yankees we need this win. NFL. It's not SUNDAY!!,inners still hanging in yankees we need this win nfl it s not sunday,14,3,0,0,3,0.02093074,0.22041428,0.75865495,0.7377242,Positive
T0044,884,Offensive language,"#porn,#android,#iphone,#ipad,#sex,#xxx, | #Close Up | Another pussy close up http://t.co/hBjDGvENXa",porn android iphone ipad sex xxx close up another pussy close up,12,3,0,3,0,0.11276512,0.7920764,0.09515855,-0.017606571,Neutral
T0045,900,Offensive language,"#porn,#android,#iphone,#ipad,#sex,#xxx, | #Hairy | Hairy Florence shoves a dildo in her hairy red pussy http://t.co/4DM8Fpcb2d",porn android iphone ipad sex xxx hairy hairy florence shoves a dildo in her hairy red pussy,17,3,0,3,0,0.26110947,0.6433645,0.09552601,-0.16558346,Neutral
T0046,928,Neither,#redneck tow truck. #johndeere #4455 #america https://t.co/iFInqwVRad,redneck tow truck johndeere america,5,3,0,1,2,0.17134306,0.78769547,0.040961456,-0.1303816,Neutral
T0047,930,Neither,#southcarolina has a highschool graduation rate near 50% and that's why they have so many uninformed #teabaggers #morningjoe,southcarolina has a highschool graduation rate near and that s why they have so many uninformed teabaggers morningjoe,18,3,0,1,2,0.807335,0.18046317,0.012201868,-0.7951332,Negative
T0048,948,Offensive language,#xfactorau sick of guys who sing like pussies. Where are the rock type men?,xfactorau sick of guys who sing like pussies where are the rock type men,14,3,0,3,0,0.9201549,0.07265152,0.007193487,-0.9129614,Negative
T0049,950,Offensive language,$100 bid to go on a date with Zack Morris oh that dreamy son of a bitch,bid to go on a date with zack morris oh that dreamy son of a bitch,16,3,0,3,0,0.47658288,0.36414975,0.1592674,-0.3173155,Negative
T0050,953,Neither,"🍅🍅🍅 RT @GottliebShow: ""Killer line?"" @SBNationNBA: Josh Smith dropped a killer trash talk line on Kenneth http://t.co/C8d3sJoUpj”",rt killer line josh smith dropped a killer trash talk line on kenneth,13,3,0,0,3,0.33679795,0.6125083,0.05069379,-0.28610417,Neutral
T0051,989,Offensive language,"😂 Gucci b having me on my rude shit“@AmazinNaNa: Lol that's not nice ""@SMCo71: "" that bitch aint worth a quarter """"”",gucci b having me on my rude shit lol that s not nice that bitch aint worth a quarter,19,3,0,3,0,0.8977974,0.089078024,0.013124586,-0.8846728,Negative
T0052,991,Hate speech,😂 RT @TheOnlyReed: LMFAO RT @Tone314: If you watching porn & beating off & yo homie text u & it show his name in the banner you're a faggot,rt lmfao rt if you watching porn beating off yo homie text u it show his name in the banner you re a faggot,24,3,2,1,0,0.7891489,0.19554494,0.0153060835,-0.7738429,Negative
T0053,993,Offensive language,😂😂 “@Juggs201: SOMEBODY GONNA DIE 😭😭😭 RT @SMCo71: @Juggs201 😂 theres a bitch on NJT setting up a lean as we tweet”,somebody gonna die rt theres a bitch on njt setting up a lean as we tweet,16,3,0,3,0,0.8539626,0.13016511,0.015872277,-0.8380903,Negative
T0054,1020,Offensive language,😂😂😂😂😂 brittany bitch u my dog man 😂😂😂✌️✌️😩😩😩😩😩😩😹😹🙈🙈🙈🙈,brittany bitch u my dog man,6,6,0,6,0,0.34904048,0.4226345,0.228325,-0.120715484,Neutral
T0055,1055,Offensive language,😩😩😂😭😭 RT @Eb_Reloaded: @11wdNICK @KingHov1313 swear to God bitch I'm bouta delete my twitter account http://t.co/YPi52s4dtC,rt swear to god bitch i m bouta delete my twitter account,12,3,0,3,0,0.9184163,0.07074845,0.010835302,-0.90758103,Negative
T0056,1152,Offensive language,“@BarryClerjuste: I cried like a bitch after my first breakup. Never loved again lol”,i cried like a bitch after my first breakup never loved again lol,13,3,0,2,1,0.91147786,0.07788928,0.010632815,-0.90084505,Negative
T0057,1171,Offensive language,“@BlueEyeBeaner: Vienna sausage clit http://t.co/YY1Gj6oeds” I suck dat bitch. Don’t y’all eva believe a colored man don’t eat no pussay,vienna sausage clit i suck dat bitch don t y all eva believe a colored man don t eat no pussay,21,3,0,3,0,0.8883351,0.0978107,0.013854196,-0.8744809,Negative
T0058,1181,Offensive language,"“@BroCulture: When life knocks you down, stand the fuck up and say ""You hit like a little bitch.""”",when life knocks you down stand the fuck up and say you hit like a little bitch,17,3,0,3,0,0.78984475,0.17375755,0.036397625,-0.7534471,Negative
T0059,1190,Offensive language,“@CakeMamaa: Y'all hoes messy on god !”nbs👀,y all hoes messy on god nbs,7,3,1,2,0,0.79460174,0.18606359,0.01933466,-0.77526706,Negative
T0060,1230,Hate speech,"“@Crowdifornia: We agree... do you? http://t.co/4diz5NKYMN” FUCK YES, I DO! Send those illegal, wetbacks home!!!",we agree do you fuck yes i do send those illegal wetbacks home,13,3,2,1,0,0.16247688,0.28850877,0.5490144,0.3865375,Positive
T0061,1266,Offensive language,“@EdgarGuillenjr: Lol good now I got them nasty rednecks off my back I can take care of business” @BlakeAnderson21 @Dalton_ryann he serious,lol good now i got them nasty rednecks off my back i can take care of business he serious,19,3,1,2,0,0.11970705,0.3698677,0.51042527,0.39071822,Positive
T0062,1374,Neither,“@JukeJuke_9: Lance Stevenson gone leave Indiana” he trash anyway,lance stevenson gone leave indiana he trash anyway,8,3,0,1,2,0.7238903,0.2648961,0.011213617,-0.7126767,Negative
T0063,1380,Offensive language,"“@KaayGQ: Sexy bitch, hope she bout it”",sexy bitch hope she bout it,6,6,0,6,0,0.023923658,0.14588946,0.83018684,0.8062632,Positive
T0064,1410,Offensive language,“@LeggsMania: the next time I see this bitch I'm beating her ass. job or not.” lol,the next time i see this bitch i m beating her ass job or not lol,16,3,0,3,0,0.8219783,0.14450073,0.03352102,-0.7884573,Negative
T0065,1415,Offensive language,“@Livefromthe_A: These Niggaz bitches hiding behind gangs they ain't in 💯 🐸☕️” 🙌💯,these niggaz bitches hiding behind gangs they ain t in,10,3,0,3,0,0.33149216,0.54167,0.12683779,-0.20465437,Neutral
T0066,1427,Offensive language,“@MaRAtheeMODEL: @Iam_KiDD_PhilA 😂 Marcus bitch ass @HeartOfAHustlah ain't loyal at all! Team hopping ass !!!” 😂😭😂😭😂🐸☕️,marcus bitch ass ain t loyal at all team hopping ass,11,3,0,3,0,0.94332,0.049762066,0.0069179893,-0.93640196,Negative
T0067,1428,Offensive language,“@MaRAtheeMODEL: Hoe fax = type yo bitch number in google to see if it pops up on back pagE thank @HeartOfAHustlah” 😂😭😂😭,hoe fax type yo bitch number in google to see if it pops up on back page thank,18,3,0,3,0,0.45750725,0.4821192,0.06037351,-0.39713374,Neutral
T0068,1440,Offensive language,“@MattieTrump97: Eat a lot of protein Eat a lot of pussy #MattieTrumpsTipsForABetterLife” Eat the whole ass,eat a lot of protein eat a lot of pussy mattietrumpstipsforabetterlife eat the whole ass,15,3,1,2,0,0.72372234,0.23152064,0.04475701,-0.67896533,Negative
T0069,1452,Neither,“@MomMeMustHaves: MMMH Daily is out! http://t.co/bPtRtXcel0 Stories via @KristinCruz” @ExMoShow #yellow is IN! & @romyraves luv the bling!,mmmh daily is out stories via yellow is in luv the bling,12,3,0,0,3,0.0020158251,0.04404374,0.95394045,0.9519246,Positive
T0070,1457,Offensive language,“@MrDelightfullll: I've sounded like a fag the last few days 🙈😁😁” your emotions are inspiring 💖,i ve sounded like a fag the last few days your emotions are inspiring,14,3,0,3,0,0.068098985,0.13634787,0.7955531,0.7274541,Positive
T0071,1473,Offensive language,"“@NoChillPaz: Mom : Dont call a girl a bitch. That's somebody's daughter,sister,niece... Me : And somebody's bitch too”",mom dont call a girl a bitch that s somebody s daughter sister niece me and somebody s bitch too,20,3,0,2,1,0.74271435,0.23987298,0.01741264,-0.7253017,Negative
T0072,1497,Offensive language,“@PostBadBitches: http://t.co/adhJnGzVPg”these the white girls u should holla at but Nooooo brothas go for the ugliest bad built hoes ever,the white girls u should holla at but nooooo brothas go for the ugliest bad built hoes ever,18,3,0,3,0,0.86919796,0.11481174,0.015990304,-0.85320765,Negative
T0073,1523,Offensive language,“@RoJustDGAF Aren't they all tho bro? RT @landoup: I hate a nosey bitch....”some more than others,aren t they all tho bro rt i hate a nosey bitch some more than others,16,3,0,3,0,0.88135713,0.10738195,0.011260952,-0.8700962,Negative
T0074,1535,Offensive language,“@SAVINGNOHOES: When she ask how imma eat her pussy https://t.co/6wVjrC3m1Q”💀,when she ask how imma eat her pussy,8,3,0,3,0,0.06277475,0.89102954,0.04619566,-0.016579088,Neutral
T0075,1548,Offensive language,“@SexyUnderHere: Females that know they are hoes really the coolest chicks....all sex asides”lmao,females that know they are hoes really the coolest chicks all sex asides lmao,14,3,0,3,0,0.056433737,0.33364177,0.60992455,0.5534908,Positive
T0076,1582,Offensive language,“@TedOfficialPage: Fucked your bitch and left her like... http://t.co/x41Q6LUH37”😩😩😂,fucked your bitch and left her like,7,3,0,3,0,0.7464259,0.23890692,0.014667109,-0.73175883,Negative
T0077,1598,Offensive language,“@TheRealTenski: Miss you @Ex” pussy,miss you pussy,3,3,0,3,0,0.27616072,0.61891705,0.10492221,-0.17123851,Neutral
T0078,1604,Offensive language,“@Tinypinkisboss: can't stand a playin ass nigga✋”bitch*,can t stand a playin ass nigga bitch,8,3,1,2,0,0.93037397,0.060918067,0.008707881,-0.9216661,Negative
T0079,1607,Offensive language,“@ToriJBerman: Lover http://t.co/pJphVGW4F2”my old bitch 😂,lover old bitch,3,3,0,3,0,0.7768125,0.20307234,0.020115228,-0.75669724,Negative
T0080,1622,Offensive language,“@TyLawson3: F**k it!!!!! I'm never wearing my headband again either!!!!!!” but you don't hoop like a lil bitch tho...,f k it i m never wearing my headband again either but you don t hoop like a lil bitch tho,21,3,0,3,0,0.9376647,0.054774273,0.0075610303,-0.93010366,Negative
T0081,1624,Offensive language,“@Tylar____: This single shit so boring 😫😒”suck it bitch,this single shit so boring suck it bitch,8,6,0,6,0,0.9558743,0.038807362,0.005318233,-0.9505561,Negative
T0082,1645,Offensive language,“@WorldStarFunny: we don't love these hoes http://t.co/WeKdL09bq5” @Ilovebamf 👌,we don t love these hoes,6,3,0,3,0,0.87836444,0.10914421,0.012491238,-0.8658732,Negative
T0083,1659,Offensive language,“@_1KANE: LMAOOO I find this shit so funny y'all hoes ain't content with working it out with one nigga http://t.co/dBtcv0fBN1”that's boring,lmaooo i find this shit so funny y all hoes ain t content with working it out with one nigga boring,21,3,0,3,0,0.8505079,0.12576118,0.023730887,-0.82677704,Negative
T0084,1697,Offensive language,“@___Tamm: @VoiceOfDStreetz cuz you a hoe lol” cuz you went on your lil rant on me man!,cuz you a hoe lol cuz you went on your lil rant on me man,15,3,0,3,0,0.78060865,0.19460048,0.024790887,-0.7558178,Negative
T0085,1701,Offensive language,“@__kiante: “@1017_Sqquad: Iont got not type ... Bad bitches is the only thing that I like” ayeee!!” Throw that ass in a sphere 👀😂,iont got not type bad bitches is the only thing that i like ayeee throw that ass in a sphere,20,3,0,3,0,0.5203501,0.2915248,0.18812503,-0.33222508,Negative
T0086,1713,Offensive language,“@_hellMEL: Men hop in they feelings much quicker than women.” Not me 😈 I hop in ya bitch,men hop in they feelings much quicker than women not me i hop in ya bitch,16,3,0,3,0,0.25331908,0.5748872,0.17179361,-0.081525475,Neutral
T0087,1744,Offensive language,"“@briceokc: ""cigarettes are so gross"" -half the bitches that smoke cigarettes 😒” @gfys__",cigarettes are so gross half the bitches that smoke cigarettes,10,3,0,3,0,0.9143129,0.07855494,0.0071321917,-0.9071807,Negative
T0088,1771,Offensive language,“@d6_9b Dora & her table manners 😒”--- she's eating like a sloppy hoe!!?,dora her table manners she s eating like a sloppy hoe,11,3,0,3,0,0.9404691,0.054582283,0.004948669,-0.9355204,Negative
T0089,1773,Offensive language,“@daberellla: just demolishing this huge bitch 🍪 http://t.co/AWYdBJxKs4”sharing is caring 👌,just demolishing this huge bitch is caring,7,3,0,3,0,0.3028596,0.3757827,0.3213576,0.018498003,Neutral
T0090,1791,Offensive language,“@eminoelle: Why you let these hoes tear what we had right apart”,why you let these hoes tear what we had right apart,11,3,1,2,0,0.8260164,0.16574253,0.008241004,-0.8177754,Negative
T0091,1801,Offensive language,“@flvshy5: Might go to plaq hc”bitch who you gone go with,might go to plaq hc bitch who you gone go with,11,3,0,3,0,0.33522084,0.6441642,0.020614885,-0.31460595,Neutral
T0092,1808,Offensive language,“@gmail_candy: It don't matter where we at this nigga always tryna holla at a bitch 😂😂 @tranSactionRAP” where. y'all. at?,it don t matter where we at this nigga always tryna holla at a bitch where y all at,19,3,0,3,0,0.6902397,0.27918705,0.0305733,-0.6596664,Negative
T0093,1824,Offensive language,“@iamSHIRAQ: @WhereYoHussleAt u got hoes tho” WERD 👂 WHERE 👀,u got hoes tho werd where,6,3,0,3,0,0.10742636,0.86525124,0.02732242,-0.08010394,Neutral
T0094,1833,Offensive language,"“@itsDeSha__: I don't take people niggas bitches don't play about they niggas , specially they baby daddies 😭😂😂😂”No BS",i don t take people niggas bitches don t play about they niggas specially they baby daddies no bs,19,6,1,5,0,0.7214895,0.24752592,0.03098467,-0.6905048,Negative
T0095,1835,Offensive language,“@itsdaniellef: 😉” hoe,hoe,1,3,0,3,0,0.3869793,0.4820395,0.13098118,-0.25599813,Neutral
T0096,1854,Offensive language,"“@keyna__: “@cosmeticJUNKiee: ""need to get laid 😂😂😂😂 sike im celibate"" bitches be like 👆👆👆👆👆👆👆”👀”👀",need to get laid sike im celibate bitches be like,10,3,0,3,0,0.537229,0.42148766,0.041283388,-0.4959456,Negative
T0097,1896,Offensive language,“@missyf922: It's my birthday!!!!! Yesssss!!!!!” Obviously nobody cares bitch,it s my birthday yesssss obviously nobody cares bitch,9,3,0,3,0,0.27566582,0.250422,0.4739122,0.19824639,Positive
T0098,1900,Offensive language,“@nerfgunirwin: “@1DAlerts: Just saw Ashton. Hardly anyone cared. Waiting for Harry 😜” wtf” bitch I'd be all up in Ashton's grill you feel?,just saw ashton hardly anyone cared waiting for harry wtf bitch i d be all up in ashton s grill you feel,22,3,0,3,0,0.5860017,0.3709565,0.04304183,-0.54295987,Negative
T0099,1933,Offensive language,“@scoop82294: If you don't have your read receipts on you a bitch” the bitchyest bitch ever,if you don t have your read receipts on you a bitch the bitchyest bitch ever,16,3,0,3,0,0.93279755,0.06006249,0.0071400255,-0.9256575,Negative
T0100,1935,Offensive language,“@skinnysowhat: @PAPER_CHAYSIN aye and when the hoes start coming don't forget who put you on 😌” I won't !!! 😁😁😁,aye and when the hoes start coming don t forget who put you on i won t,17,3,0,3,0,0.04755462,0.32523352,0.6272119,0.5796573,Positive
T0101,1944,Offensive language,“@souljaboy: @kmichelle shitty pussy 💩”✌️,shitty pussy,2,3,1,2,0,0.9425415,0.051046073,0.0064125243,-0.936129,Negative
T0102,1946,Offensive language,“@souljaboy: @kmichelle you mean the niggaz i shot? Ill give you 100k if u let any nigga smell your pussy and it don't smell like shit.” 😩,you mean the niggaz i shot ill give you k if u let any nigga smell your pussy and it don t smell like shit,25,3,0,3,0,0.771529,0.19637991,0.032091096,-0.73943794,Negative
T0103,1974,Offensive language,“@trillasfvck: all these bitches getting mommy money” niggas too.,all these bitches getting mommy money niggas too,8,3,0,3,0,0.48508134,0.4617783,0.053140312,-0.43194103,Negative
T0104,1997,Offensive language,“@yeyo478: @Helenbabeey_ look at my benz bitch I've been the shit http://t.co/H0iXjZH0tZ”LMAOOO,look at my benz bitch i ve been the shit,10,3,0,3,0,0.8782528,0.111477174,0.010270018,-0.8679828,Negative
T0105,2000,Neither,“@yungtfti: I feel sorry for anyone who paid for LIC because edc is trash music”,i feel sorry for anyone who paid for lic because edc is trash music,14,3,0,0,3,0.95287997,0.042220857,0.0048991754,-0.94798076,Negative
T0106,2029,Neither,★@★@★@★@★ GRAND OPENING ! ★@★@★@★@★ TOP CLASS ★ Oriental Massage ★ PERFECT !★ http://t.co/zibllnm1ZS,grand opening top class oriental massage perfect,7,3,0,0,3,0.0032458745,0.051539313,0.94521487,0.941969,Positive
T0107,2037,Offensive language,& These bitches bound to get hurt cause a lot of these niggas be playing,these bitches bound to get hurt cause a lot of these niggas be playing,14,6,1,5,0,0.8738612,0.11565265,0.010486139,-0.86337507,Negative
T0108,2050,Neither,<<<when it's yellow outside,when it s yellow outside,5,3,0,0,3,0.029085737,0.84759855,0.12331571,0.09422997,Neutral
T0109,2057,Offensive language,' August Alsina Deserved that 󾭻󾭻󾮞 My niggah .,august alsina deserved that my niggah,6,6,0,6,0,0.046861093,0.35829553,0.5948433,0.5479822,Positive
T0110,2062,Offensive language,' Bitch caught a body about a week ago ! Fuck with us and we get to tweekin hoe ! Run up on that niggah get to... http://t.co/av9YPjtwxn,bitch caught a body about a week ago fuck with us and we get to tweekin hoe run up on that niggah get to,24,6,1,5,0,0.8767486,0.10891894,0.014332504,-0.8624161,Negative
T0111,2081,Offensive language,"' Hoes on my mind , I fuck hoes all the time . #FatTrel",hoes on my mind i fuck hoes all the time fattrel,11,6,0,6,0,0.63313514,0.31502795,0.051836953,-0.5812982,Negative
T0112,2094,Offensive language,"' I told this niggah Maya Angelo died.... This niggah gon ask me "" is that the Red Ninja Turtle ? 󾌴󾰑󾮝 Wtf .",i told this niggah maya angelo died this niggah gon ask me is that the red ninja turtle wtf,19,6,0,5,1,0.6184815,0.36571068,0.015807854,-0.60267365,Negative
T0113,2101,Offensive language,' I'm that niggah you can show out in public babbbbbbyyyy 󾌧󾬏 lol,i m that niggah you can show out in public babbbbbbyyyy lol,12,3,0,2,1,0.044199027,0.5401479,0.41565308,0.37145406,Neutral
T0114,2148,Offensive language,"' That fb profile checker thing fake then a mf , I just added some bitch yesterday and it had me on the top . Fuck fr ?",that fb profile checker thing fake then a mf i just added some bitch yesterday and it had me on the top fuck fr,24,3,0,3,0,0.90911436,0.083867006,0.0070186555,-0.9020957,Negative
T0115,2157,Offensive language,' Waaaaittt niggah holllll'up ✋ these niggahs come to town start wife'n my old sluts 󾌴󾌴󾌴󾌺󾌺 .,waaaaittt niggah holllll up these niggahs come to town start wife n my old sluts,15,6,1,5,0,0.43519756,0.4672661,0.0975364,-0.33766115,Neutral
T0116,2179,Neither,(U-turns on yellow) ¡NO ACEPTAR ESTE LUZ ROJO! (♫ Lights taking too long make me bilingual ♫),u turns on yellow no aceptar este luz rojo lights taking too long make me bilingual,16,3,0,0,3,0.54829514,0.4054907,0.046214186,-0.502081,Negative
T0117,2249,Offensive language,"1, 2, 3, 4, 5 I’m too drunk to walk, let’s drive. I got bitches with me all night And the party don’t start 'til the drugs arrive #Loaded",i m too drunk to walk let s drive i got bitches with me all night and the party don t start til the drugs arrive loaded,27,3,0,3,0,0.13453421,0.60236216,0.2631037,0.12856948,Neutral
T0118,2258,Offensive language,11/19 w/ @anjahlamarie - the depot 12/19 - a pussyfootin xxxmas (hoe hoe hoe motherfucker santa claws is coming to town),w the depot a pussyfootin xxxmas hoe hoe hoe motherfucker santa claws is coming to town,16,3,0,3,0,0.70957357,0.24526367,0.045162745,-0.6644108,Negative
T0119,2284,Neither,22 talented drivers RT @garrisonstudio: I am really glad there haven't been any yellows. But why haven't there been any yellows??,talented drivers rt i am really glad there haven t been any yellows but why haven t there been any yellows,21,3,0,0,3,0.042743813,0.117314614,0.83994156,0.79719776,Positive
T0120,2295,Offensive language,"300 bitch we hot, we done took flight !",bitch we hot we done took flight,7,3,0,3,0,0.34004596,0.45334715,0.2066069,-0.13343906,Neutral
T0121,2301,Neither,4⃣2⃣0⃣ moke up,moke up,2,3,0,0,3,0.08053219,0.77132666,0.14814107,0.06760888,Neutral
T0122,2306,Neither,"5 bags of chips, 3 Rice Krispies, 3 seeds, 3 gummies, a pop tart, some crackers, 3 powerades, and a water yuhhh I'm good lol",bags of chips rice krispies seeds gummies a pop tart some crackers powerades and a water yuhhh i m good lol,21,3,0,0,3,0.0061018053,0.18224259,0.81165564,0.80555385,Positive
T0123,2308,Neither,5:40 A.M. and still awake! YAY!!! Time to chug coffee and red bull for the foreseeable future and hopefully not pass out behind the wheel!!!,a m and still awake yay time to chug coffee and red bull for the foreseeable future and hopefully not pass out behind the wheel,25,3,0,0,3,0.0034915702,0.042357963,0.9541505,0.9506589,Positive
T0124,2339,Neither,@05235fd083ad408 hick yes,hick yes,2,3,0,1,2,0.03598084,0.6893323,0.27468687,0.23870604,Neutral
T0125,2341,Neither,"@05proFESSOR Charlie Sheen could coach better than Crusty Dusty. Yeah they hired Bryan Price, the pitching coach",charlie sheen could coach better than crusty dusty yeah they hired bryan price the pitching coach,16,3,0,1,2,0.05298888,0.59588337,0.3511277,0.29813883,Neutral
T0126,2374,Neither,@2ANow She looks like a plastic monkey doll!,she looks like a plastic monkey doll,7,6,1,2,3,0.88304704,0.10284683,0.014106194,-0.86894083,Negative
T0127,2421,Neither,@ActaBunniFooFoo I like my gross yellow heat lamps. Why?,i like my gross yellow heat lamps why,8,3,0,0,3,0.719098,0.25458217,0.02631987,-0.6927781,Negative
T0128,2434,Neither,"@AjKFAN Big congrats to all! I expect him to be blogging on rube chat in a few days! Now get some sleep, you will need it!",big congrats to all i expect him to be blogging on rube chat in a few days now get some sleep you will need it,25,3,0,0,3,0.0018962612,0.011966821,0.9861369,0.98424065,Positive
T0129,2437,Offensive language,@Alan_Casillas haha shit niggah i wish,haha shit niggah i wish,5,3,0,3,0,0.6210831,0.24550395,0.13341299,-0.4876701,Negative
T0130,2457,Hate speech,@AlfieHeydrich but I live in the South. Lot more here. My pop lives in Rhode Island. Hardly no niggers there.,but i live in the south lot more here my pop lives in rhode island hardly no niggers there,19,3,2,1,0,0.17280096,0.6566503,0.17054868,-0.0022522807,Neutral
T0131,2470,Offensive language,@AmPowerBlog but can we all at least agree that you whining like a little bitch because someone threw your phone is absolutely hilarious?,but can we all at least agree that you whining like a little bitch because someone threw your phone is absolutely hilarious,22,3,0,3,0,0.770346,0.17111032,0.058543716,-0.71180224,Negative
T0132,2472,Offensive language,"@AmPowerBlog so a man who is a pussy and a coward overpowered you and easily took what was yours? You are clearly much less than a man, then",so a man who is a pussy and a coward overpowered you and easily took what was yours you are clearly much less than a man then,27,3,1,2,0,0.92258817,0.07187311,0.0055387737,-0.9170494,Negative
T0133,2484,Offensive language,@American_Pye bitch would rather fuck a poster? damn... thats cold.,bitch would rather fuck a poster damn thats cold,9,3,0,3,0,0.93428594,0.06022325,0.0054908674,-0.9287951,Negative
T0134,2488,Neither,@AmosPOrr Congrats Amos! :),congrats amos,2,3,0,0,3,0.0039817486,0.013172706,0.9828455,0.9788637,Positive
T0135,2491,Hate speech,@AndreBerto can't wait for more PEDS is that it? Roid munching faggot,can t wait for more peds is that it roid munching faggot,12,3,2,1,0,0.82954043,0.12308143,0.04737816,-0.78216225,Negative
T0136,2498,Offensive language,@AndyHerren @AarynElizaGries cry baby bitch,cry baby bitch,3,3,0,2,1,0.90829927,0.08151078,0.010189873,-0.8981094,Negative
T0137,2514,Offensive language,@AnthonyCumia pussy,pussy,1,3,0,3,0,0.29418114,0.59195536,0.11386351,-0.18031763,Neutral
T0138,2520,Offensive language,@AppleciderPapi @OGBEARD @godIevel nah u just a fag,nah u just a fag,5,3,1,2,0,0.85285693,0.13911605,0.008027045,-0.8448299,Negative
T0139,2540,Offensive language,@AsapTwelvyy bruh bruh that bitch ain't loyal !,bruh bruh that bitch ain t loyal,7,3,0,3,0,0.9217267,0.07216283,0.00611043,-0.9156163,Negative
T0140,2566,Offensive language,@AyDontJudgeMe Just come stop in this bitch cause im bout to get off,just come stop in this bitch cause im bout to get off,12,3,0,3,0,0.45499897,0.4736255,0.07137555,-0.38362342,Neutral
T0141,2575,Hate speech,"@BGALLY17 so ur faggot teammate @BrandonPrust8 hits someone late like that and U say he's yapping and yelling, u guys def 69 in the room",so ur faggot teammate hits someone late like that and u say he s yapping and yelling u guys def in the room,23,3,2,1,0,0.89518553,0.09759405,0.0072203786,-0.88796514,Negative
T0142,2587,Offensive language,@BUKPSYCHODRAMA just followed me. On Vice Lord dats rns. I been listening to this nigga since 'Magic.' Almighty on you hoes!,just followed me on vice lord dats rns i been listening to this nigga since magic almighty on you hoes,20,3,0,3,0,0.06437767,0.27307373,0.66254854,0.5981709,Positive
T0143,2668,Offensive language,@Bitcheslovestar The only one of Mary's friends I like so you other bitches don't exist 😂😂😴😴😴😴💤✋✌️,the only one of mary s friends i like so you other bitches don t exist,16,3,0,3,0,0.26623508,0.37705144,0.3567134,0.09047833,Neutral
T0144,2675,Offensive language,@BittyTang yes. Why protest about sexism then go right home and beg for a guy to beat your pussy up? Im lost at times,yes why protest about sexism then go right home and beg for a guy to beat your pussy up im lost at times,23,3,0,3,0,0.8746282,0.118817404,0.0065544555,-0.8680737,Negative
T0145,2707,Offensive language,@BodyByMalone Lesson 12 don't pass out at before 12 like a lil bitch,lesson don t pass out at before like a lil bitch,11,3,0,3,0,0.76154464,0.22109893,0.01735641,-0.74418825,Negative
T0146,2708,Offensive language,@Bojieasx slap a taco in thT hoe face 😂😂😂✌️👐👊💯😘🙈💁,slap a taco in tht hoe face,7,3,0,3,0,0.30651888,0.30308947,0.39039162,0.083872736,Positive
T0147,2736,Neither,"@Brelston I realized it's the one on Link's Awakening too, so you killed two birds with one stone. Unless you're getting the Wind Fish too.",i realized it s the one on link s awakening too so you killed two birds with one stone unless you re getting the wind fish too,27,3,0,0,3,0.38825893,0.55800325,0.05373784,-0.33452109,Neutral
T0148,2745,Offensive language,"@BretVonDehl Damn you bitch you never answer me anymore... LMAO JK ILY! Anyway glad of your first show, be safe when going to the next one",damn you bitch you never answer me anymore lmao jk ily anyway glad of your first show be safe when going to the next one,25,3,1,2,0,0.4016845,0.19206049,0.40625498,0.004570484,Positive
T0149,2766,Hate speech,@Buckm00se @letsargueboxing sand nigger ran over some Kidd,sand nigger ran over some kidd,6,3,3,0,0,0.59922045,0.36487085,0.035908792,-0.56331164,Negative
T0150,2791,Offensive language,"@CHARLESBARRKLEY you need your ass whipped with a whip Mr house nigger, remember u will always b a nigger to them!",you need your ass whipped with a whip mr house nigger remember u will always b a nigger to them,20,3,1,2,0,0.9362122,0.057517536,0.006270278,-0.9299419,Negative
T0151,2816,Offensive language,@CallMeRenee_ wussup bitch,wussup bitch,2,6,0,5,1,0.7525928,0.22141178,0.025995364,-0.7265974,Negative
T0152,2837,Offensive language,@CapoDaAssHole I fuck with Takeoff nigga get on the bitch and just snap,i fuck with takeoff nigga get on the bitch and just snap,12,6,1,5,0,0.28511092,0.4685222,0.24636683,-0.038744092,Neutral
T0153,2857,Offensive language,@CassiusClay_232 who all in that hoe,who all in that hoe,5,3,0,3,0,0.55516106,0.40821716,0.03662178,-0.5185393,Negative
T0154,2858,Neither,@CatholicMomVA @Neal_Dewing that would cripple our military :),that would cripple our military,5,3,0,0,3,0.76454604,0.1963412,0.03911281,-0.72543323,Negative
T0155,2888,Hate speech,@ChandailBailey @SteeZeyFLOW @HunturPls you need to accept the fact that you're both hipster faggots.,you need to accept the fact that you re both hipster faggots,12,3,2,1,0,0.8487053,0.14136289,0.009931846,-0.8387734,Negative
T0156,2914,Offensive language,@Chokmah_Makob you said good bye dumb bitch snd i said ok..what is it with you white devils...i have nothing for you vampire lover of blood,you said good bye dumb bitch snd i said ok what is it with you white devils i have nothing for you vampire lover of blood,26,3,1,2,0,0.9504504,0.044453032,0.0050966158,-0.9453538,Negative
T0157,2932,Neither,"@Claudialena8 she wasn't saying she did, but yes me and Kannon have both been in the ghetto and know what it's like so u look dumb.",she wasn t saying she did but yes me and kannon have both been in the ghetto and know what it s like so u look dumb,27,3,0,0,3,0.7149001,0.26900658,0.016093388,-0.6988067,Negative
T0158,2946,Offensive language,@Coley_Cee bitch dats yo sahara desert ass,bitch dats yo sahara desert ass,6,3,0,3,0,0.8524098,0.13795747,0.009632804,-0.84277695,Negative
T0159,2960,Neither,@ConanOBrien dat is one ugly animal but da monkey is adorable.,dat is one ugly animal but da monkey is adorable,10,3,0,0,3,0.621405,0.24902062,0.12957439,-0.49183062,Negative
T0160,2973,Hate speech,@CrackerJhak Because you're a fag,because you re a fag,5,3,2,1,0,0.8663288,0.12046252,0.013208707,-0.8531201,Negative
T0161,3018,Hate speech,"@DaRealAlexInLA @Woody_AFC @Rodriguez5_ the nig is fun to watch got to admit, ebola boy can speak broken Spanish too lol",the nig is fun to watch got to admit ebola boy can speak broken spanish too lol,17,3,3,0,0,0.018946003,0.12082691,0.8602271,0.8412811,Positive
T0162,3038,Neither,"@Danny_Cavanagh....available online soon? I didn't have enough to get it after my Anathema merch. It's a cracker, I need it. Can u.....",available online soon i didn t have enough to get it after my anathema merch it s a cracker i need it can u,24,3,0,0,3,0.09101065,0.32615888,0.5828305,0.49181983,Positive
T0163,3042,Offensive language,@Darienbaby_xoxo ya but you can't because its a real account dumb bitch I go to wams fucking bitch,ya but you can t because its a real account dumb bitch i go to wams fucking bitch,18,3,0,3,0,0.87996566,0.11034481,0.009689523,-0.87027615,Negative
T0164,3044,Neither,@Darknight420 It's showing Fairy blocked me @hajihuntingpat @PaulSmitheringa @JoeDouglas1 @JewJitsuGrl @blackorchidm16 @taxman206,it s showing fairy blocked me,6,3,0,0,3,0.62155795,0.36558273,0.012859309,-0.60869867,Negative
T0165,3045,Neither,"@DarthMaverick7 @Xcntrik @religulous @chrispyosh Rather than believe that there was a man who was the very definition of good, u mock it.",rather than believe that there was a man who was the very definition of good u mock it,18,3,0,1,2,0.70982796,0.2558145,0.034357518,-0.6754705,Negative
T0166,3079,Offensive language,@DeezNutsDoe shut your mouth you little fuckin bitch,shut your mouth you little fuckin bitch,7,3,0,3,0,0.9475638,0.04527859,0.007157588,-0.94040626,Negative
T0167,3084,Offensive language,@DeliaParedez @rikki_lovee @GabrielaAngela4 @StephyRae7 @TheOneMiss_Luu @Ramona_Pilar I'm coming bitches.,i m coming bitches,4,3,0,3,0,0.060356285,0.6572631,0.28238055,0.22202426,Neutral
T0168,3095,Neither,@DevilGrimz ironic that he's a trashcan because he holds trash everytime you two cuddle! Burn.,ironic that he s a trashcan because he holds trash everytime you two cuddle burn,15,3,1,0,2,0.8715711,0.11627371,0.012155239,-0.8594159,Negative
T0169,3125,Hate speech,@DolanGang beans u beaner?,beans u beaner,3,3,2,1,0,0.20667815,0.77659553,0.016726308,-0.18995184,Neutral
T0170,3127,Neither,@DolfyAdolf Y'all gots betta machinery fo dat. Hanger be ghetto,y all gots betta machinery fo dat hanger be ghetto,10,3,0,1,2,0.82041144,0.16112474,0.0184638,-0.80194765,Negative
T0171,3146,Offensive language,@Dre_Day200 nig nog,nig nog,2,3,0,2,1,0.090598896,0.7751859,0.1342153,0.0436164,Neutral
T0172,3175,Offensive language,"@EaTMyTweetZz text me, we don't noisy hoes watching",text me we don t noisy hoes watching,8,3,0,3,0,0.28989717,0.6647857,0.04531711,-0.24458006,Neutral
T0173,3177,Neither,@EakaErick I wouldn't share a wave with those trash cans,i wouldn t share a wave with those trash cans,10,3,0,0,3,0.768169,0.21287829,0.01895271,-0.74921626,Negative
T0174,3180,Offensive language,@EcliptiK @zFearless @prihncess @SSickStory mine pussy,mine pussy,2,3,0,3,0,0.096594125,0.77260524,0.13080066,0.03420654,Neutral
T0175,3183,Offensive language,@EdgarGuillenjr @imthatsubieguy @blakeanderson21 @joshhandsomee87 you ain't 6 feet under its not over pussy,you ain t feet under its not over pussy,9,3,1,2,0,0.68862784,0.2894187,0.021953506,-0.6666743,Negative
T0176,3199,Neither,@EmmaLouisaSuttl @timmyn90 Anyone bring in a monkey.,anyone bring in a monkey,5,3,0,1,2,0.27321473,0.6941717,0.03261349,-0.24060124,Neutral
T0177,3239,Neither,@Fabulousjonna_ I need some red green & yellow pants & helly shirts express,i need some red green yellow pants helly shirts express,10,3,0,0,3,0.2204472,0.66568196,0.11387083,-0.10657637,Neutral
T0178,3265,Neither,@FloralElephants THE WASP OF ANGRY LEGEND. BEAT IT INTO A SQUISHY PULP!!!,the wasp of angry legend beat it into a squishy pulp,11,3,0,0,3,0.5342741,0.2444164,0.22130947,-0.31296462,Negative
T0179,3269,Offensive language,@FlyoutChase @Harold_Major LMFAOOOO if that bitch didn't change his @ so much I could find more,lmfaoooo if that bitch didn t change his so much i could find more,14,3,0,3,0,0.88556635,0.10161491,0.012818802,-0.87274754,Negative
T0180,3302,Offensive language,@FvckMike_ I was bout to smack a bitch.,i was bout to smack a bitch,7,3,0,3,0,0.80571526,0.15319997,0.041084737,-0.76463056,Negative
T0181,3304,Offensive language,@FzRodl exception for Gilda Radner that bitch was funny,exception for gilda radner that bitch was funny,8,3,0,3,0,0.12170574,0.26845995,0.6098343,0.48812857,Positive
T0182,3375,Offensive language,@GorgeousCamry_ ight bitch ima see u,ight bitch ima see u,5,3,0,3,0,0.16209753,0.6227513,0.21515122,0.053053692,Neutral
T0183,3388,Offensive language,"@Great_White12 get it? Bc you called yourself a tool, I called you a hoe. Bc hoes are tools hahahaha I'm so funny",get it bc you called yourself a tool i called you a hoe bc hoes are tools hahahaha i m so funny,22,3,0,2,1,0.66810423,0.22094476,0.11095099,-0.5571532,Negative
T0184,3394,Offensive language,@GrizzboAdams @wyattnuckels bitch I make the plans not you pussy fart I'm in charge follow me or deny me I'm doin Friday and were fighting!!,bitch i make the plans not you pussy fart i m in charge follow me or deny me i m doin friday and were fighting,25,3,0,3,0,0.8187111,0.16380711,0.017481858,-0.80122924,Negative
T0185,3397,Offensive language,@GrizzboAdams @wyattnuckels haha you playin nigga I fuck bitches make money and smoke that straight og kush,haha you playin nigga i fuck bitches make money and smoke that straight og kush,15,3,1,2,0,0.69142497,0.24880236,0.05977268,-0.6316523,Negative
T0186,3407,Neither,@GroteSmurf0 @illMartino @SvensTweet @KangUcup3 goh d AnoniemeAso meeting heeft weer pauze.Nog steeds niet bij hoofdstuk:hoe haal ik m'n ID?,goh d anoniemeaso meeting heeft weer pauze nog steeds niet bij hoofdstuk hoe haal ik m n id,18,3,0,0,3,0.034931235,0.8702725,0.09479629,0.059865057,Neutral
T0187,3419,Neither,@HBergHattie @snkscoyote I wonder if the progs didn't relegate young black men to the ghettos to keep them away from harry reid's friends...,i wonder if the progs didn t relegate young black men to the ghettos to keep them away from harry reid s friends,23,3,1,0,2,0.499551,0.4887806,0.011668413,-0.48788258,Negative
T0188,3437,Offensive language,@HazelEyedBarbi She walks away!? What a pussy.,she walks away what a pussy,6,3,0,3,0,0.9290736,0.0637757,0.0071507785,-0.9219228,Negative
T0189,3461,Offensive language,@HighOffTatianna lol fuck these lil bitches ain't shit to peep 😎 wassup w/ you tho,lol fuck these lil bitches ain t shit to peep wassup w you tho,14,3,0,3,0,0.58784485,0.26856866,0.1435865,-0.44425833,Negative
T0190,3475,Offensive language,@Honey_GotBunns bitch you know you won't this 😎💃🙌😂,bitch you know you won t this,7,9,1,7,1,0.20887974,0.29852113,0.4925991,0.28371936,Positive
T0191,3487,Offensive language,@Hovaa_ cracker....,cracker,1,3,0,3,0,0.033533715,0.88790727,0.078559004,0.04502529,Neutral
T0192,3559,Neither,@I_GotOne you look like flappy bird,you look like flappy bird,5,6,0,1,5,0.027999396,0.54368055,0.42832,0.4003206,Neutral
T0193,3563,Offensive language,@IbePocahontas bitch we shot a music video,bitch we shot a music video,6,3,0,3,0,0.5648772,0.4012575,0.03386534,-0.5310119,Negative
T0194,3575,Offensive language,@Ilovebamf is my big long lost brother I swear. I don't know what I'd do without this wetback.,is my big long lost brother i swear i don t know what i d do without this wetback,19,3,0,3,0,0.49158016,0.27394876,0.23447111,-0.25710905,Negative
T0195,3582,Neither,@ImSooooMad guess who's eating cracker b without you,guess who s eating cracker b without you,8,3,0,0,3,0.28620175,0.66189814,0.051900063,-0.23430169,Neutral
T0196,3590,Neither,@ImTooMuch bread in general aint too good for ya...but honky bread the worst...😂😂,bread in general aint too good for ya but honky bread the worst,13,3,0,1,2,0.9426203,0.05226222,0.0051175235,-0.93750274,Negative
T0197,3620,Neither,@ItsKiaraaaa looks like you took a red marker and colored on your leg,looks like you took a red marker and colored on your leg,12,3,0,0,3,0.20487294,0.75597006,0.039156962,-0.16571598,Neutral
T0198,3642,Offensive language,@JAYREIDOFFICIAL my nicca!,my nicca,2,3,0,2,1,0.0049433643,0.21451192,0.78054476,0.7756014,Positive
T0199,3670,Offensive language,@JTrevorHowerton @HollyRFisher because it's hilarious how it makes teabaggers freak out. I'll do it again too.,because it s hilarious how it makes teabaggers freak out i ll do it again too,16,3,0,2,1,0.052744187,0.16442612,0.7828297,0.7300855,Positive
T0200,3676,Offensive language,@JZolly23 also is search of dirty white trash hookers for the weekends,also is search of dirty white trash hookers for the weekends,11,3,1,2,0,0.73029166,0.2532272,0.016481124,-0.71381056,Negative
T0201,3697,Offensive language,@JalenDGAF @CourtniClark 🔴⚫️🔴⚫️🔴⚫️ no pressure hoe,no pressure hoe,3,6,0,6,0,0.5256363,0.4299641,0.044399668,-0.48123664,Negative
T0202,3708,Offensive language,@JasonAstley I hate that shit. Like bitch don't ask me for shit makin me waste my time and your dumb ass ain't even using it.,i hate that shit like bitch don t ask me for shit makin me waste my time and your dumb ass ain t even using it,26,3,0,3,0,0.94525117,0.048986256,0.0057626194,-0.93948853,Negative
T0203,3716,Offensive language,@JawShoeeAhhh @FabianMleal suck a dick hoe,suck a dick hoe,4,3,0,3,0,0.8982485,0.087364934,0.014386518,-0.88386196,Negative
T0204,3742,Offensive language,@JennaHord12 Feels like it's been a year since I seen ya queer lolol,feels like it s been a year since i seen ya queer lolol,13,3,1,2,0,0.082621634,0.5892353,0.3281431,0.24552146,Neutral
T0205,3758,Hate speech,@JewelsAndDrugs9 @ladygaga @madonna lmao madonnas music sucks? yeah you're fucking stupid if you think gaga is better. retard,lmao madonnas music sucks yeah you re fucking stupid if you think gaga is better retard,16,3,2,1,0,0.9537797,0.040216733,0.0060036066,-0.9477761,Negative
T0206,3821,Offensive language,@JunDishes amen little mama. y does this old southern country bitch like you so much I don't know. but I do!,amen little mama y does this old southern country bitch like you so much i don t know but i do,21,3,0,3,0,0.38139027,0.227587,0.3910227,0.009632438,Positive
T0207,3831,Offensive language,"@JusDahl gross, ill stick with my galaxy, it will still receive those nips",gross ill stick with my galaxy it will still receive those nips,12,3,0,2,1,0.88855237,0.10369536,0.007752249,-0.8808001,Negative
T0208,3845,Offensive language,@Just_this_time we need more opinionated bitches. #MOAR,we need more opinionated bitches moar,6,3,0,3,0,0.8216188,0.16600238,0.012378814,-0.80924,Negative
T0209,3894,Neither,@KellyOsbourne do u still have ur blk. pom?,do u still have ur blk pom,7,3,0,0,3,0.01985466,0.93893945,0.041205954,0.021351295,Neutral
T0210,3900,Neither,@KenSuttling Certainlt not the paddies,certainlt not the paddies,4,3,0,0,3,0.21592933,0.7470352,0.037035383,-0.17889395,Neutral
T0211,3916,Offensive language,"@Kenny__Wright @yoPapi_chulo @Kush_Boy420 ""the stupidest bitch"" brb crying he called me stupid",the stupidest bitch brb crying he called me stupid,9,3,0,3,0,0.9466318,0.0467512,0.0066170683,-0.9400147,Negative
T0212,3921,Offensive language,@KevinKevmooney @LEllerbe when bet now i make sure that bitch is not involved that's 1 thing floyd and pac can agree on she screwed em both,when bet now i make sure that bitch is not involved that s thing floyd and pac can agree on she screwed em both,24,3,0,3,0,0.8550611,0.12821293,0.016725866,-0.8383353,Negative
T0213,3936,Offensive language,@KimberlyyAye speaking of little bitch you didn't even do all your squats you little bitch kept talking to distract everyone else 😒 🙋👀👉🙎 icu,speaking of little bitch you didn t even do all your squats you little bitch kept talking to distract everyone else icu,22,3,0,3,0,0.9374803,0.055921156,0.006598495,-0.9308818,Negative
T0214,3950,Offensive language,@KingUlyssesIV @truebake psh if a (sexy) bitch gotta sexy voice she can easily get shit goin,psh if a sexy bitch gotta sexy voice she can easily get shit goin,14,3,1,2,0,0.6898776,0.27277598,0.037346356,-0.65253127,Negative
T0215,3960,Offensive language,@KoolQueef Inch that bitch out and flick it wit my tongue like a damn pinada,inch that bitch out and flick it wit my tongue like a damn pinada,14,3,1,2,0,0.6525834,0.26348034,0.08393623,-0.5686472,Negative
T0216,3972,Neither,@KurtBusiek well pee is oft yellow.,well pee is oft yellow,5,3,0,1,2,0.25469056,0.6979033,0.047406156,-0.2072844,Neutral
T0217,3976,Offensive language,@KxRxSxB haha alright well you gotta get here and see this bitch haha you'll scare the shit outta him I already have,haha alright well you gotta get here and see this bitch haha you ll scare the shit outta him i already have,22,3,0,3,0,0.665003,0.23065953,0.10433739,-0.5606656,Negative
T0218,4000,Offensive language,@LaneBelgarde @A7XDemery you Sick bitch didnt even invite me,you sick bitch didnt even invite me,7,3,0,3,0,0.9160592,0.07809337,0.0058473893,-0.9102118,Negative
T0219,4026,Hate speech,@LexVan13 go back to nigeria faggot,go back to nigeria faggot,5,3,3,0,0,0.88640094,0.101388514,0.012210455,-0.8741905,Negative
T0220,4040,Offensive language,@LilMrsSpiffy they bout to try and hoe you next,they bout to try and hoe you next,8,3,1,2,0,0.7040278,0.28334826,0.012623882,-0.69140387,Negative
T0221,4041,Offensive language,@LilReese300 what are you doing up right now Tavares. Kickin my bitch to curb for being too dramatic again?,what are you doing up right now tavares kickin my bitch to curb for being too dramatic again,18,3,0,3,0,0.8559952,0.13087668,0.013128181,-0.842867,Negative
T0222,4042,Offensive language,"@LilTunechi reason for why he only rap about pussy... "" What am I supposed to talk about?"" smh How bout you make music that ain't NEGATIVE!",reason for why he only rap about pussy what am i supposed to talk about smh how bout you make music that ain t negative,25,3,0,3,0,0.8610248,0.12895879,0.01001646,-0.85100836,Negative
T0223,4094,Offensive language,@Lvl_7_Eevee fake niggah! They fake!,fake niggah they fake,4,3,1,2,0,0.904049,0.08524867,0.010702318,-0.89334667,Negative
T0224,4115,Offensive language,@MSoltan18 @KoredeB9 the witches took them hoe,the witches took them hoe,5,3,0,3,0,0.7416505,0.24215835,0.01619109,-0.72545946,Negative
T0225,4130,Offensive language,@MadeMyselfHER eeeeeeeee you got the hoes,eeeeeeeee you got the hoes,5,3,0,3,0,0.61189324,0.3601138,0.027993001,-0.5839002,Negative
T0226,4146,Offensive language,@Marco_SharkHoes hoe I'm at work til like 8,hoe i m at work til like,7,6,1,5,0,0.5524206,0.42261058,0.024968732,-0.5274519,Negative
T0227,4166,Neither,@Mathanugg You mean the one I colored with crayons isn't copacetic?,you mean the one i colored with crayons isn t copacetic,11,3,0,0,3,0.23913735,0.72186816,0.03899447,-0.20014289,Neutral
T0228,4186,Offensive language,@McwilliamsBrett ayyy tell that bitch in your avi she needs fix a flat for dat flat ass😏,ayyy tell that bitch in your avi she needs fix a flat for dat flat ass,16,3,0,3,0,0.6520989,0.29342324,0.054477885,-0.597621,Negative
T0229,4214,Neither,@Midnight_Snacka @Nick_504_ u look like that fat kid on Charlie walker the that got stuck it the chocolate tube.,u look like that fat kid on charlie walker the that got stuck it the chocolate tube,17,3,0,1,2,0.83968943,0.14829066,0.012019928,-0.8276695,Negative
T0230,4245,Hate speech,@MillerLite I don't follow you because everything about your company is white trash.,i don t follow you because everything about your company is white trash,13,3,2,1,0,0.94022727,0.053570464,0.006202302,-0.934025,Negative
T0231,4247,Hate speech,@Mimistheone stop trolling me u creepy ass cracker!!!,stop trolling me u creepy ass cracker,7,3,2,1,0,0.9505856,0.04445595,0.0049585383,-0.9456271,Negative
T0232,4292,Offensive language,@MotherOfBraylon you already know they go to fed for me ah bitch be ready to walk out the door 😂😂✌️,you already know they go to fed for me ah bitch be ready to walk out the door,18,7,0,7,0,0.1921625,0.5374178,0.27041966,0.07825716,Neutral
T0233,4298,Offensive language,@MrInfernusHD Squad builders gets you bitches,squad builders gets you bitches,5,3,0,3,0,0.7185717,0.25333747,0.028090792,-0.69048095,Negative
T0234,4336,Offensive language,@Mymangot2JOBS_ lmao yes bitch 😂💀💀💀💀💀,lmao yes bitch,3,3,0,3,0,0.81940997,0.14775473,0.0328353,-0.78657466,Negative
T0235,4357,Neither,@NYRKelsMads @davidortiz @BarackObama I likes da Yankees,i likes da yankees,4,3,0,0,3,0.019803012,0.5561265,0.42407054,0.40426752,Neutral
T0236,4368,Offensive language,@NaramY22 nah that shit gets me heated. I have the smartest mouth and know what I'm doing and get called a retard. I'm done playing games,nah that shit gets me heated i have the smartest mouth and know what i m doing and get called a retard i m done playing games,27,3,0,3,0,0.89831257,0.08535724,0.016330197,-0.8819824,Negative
T0237,4404,Offensive language,@Nikki_Boo22 bitch you hella late I went yesterday lol,bitch you hella late i went yesterday lol,8,3,0,3,0,0.7779457,0.20324183,0.018812412,-0.7591333,Negative
T0238,4412,Neither,@NoMeatballs @mtaraban is so excited about his red velvet brownie.,is so excited about his red velvet brownie,8,3,0,0,3,0.0013595695,0.011449788,0.98719066,0.9858311,Positive
T0239,4424,Offensive language,@NotoriousBM95 @MANIAC3X fucking creepy ass nigguh lmao,fucking creepy ass nigguh lmao,5,3,1,2,0,0.94349706,0.050779596,0.005723341,-0.9377737,Negative
T0240,4427,Neither,@Notsosweetpea SOO when we hanging out and makin brownies!!,soo when we hanging out and makin brownies,8,6,0,1,5,0.0038011728,0.26667565,0.72952324,0.7257221,Positive
T0241,4438,Offensive language,@O3_Millz this bitch not tellin me,this bitch not tellin me,5,3,0,3,0,0.7416169,0.2422312,0.016151877,-0.725465,Negative
T0242,4443,Offensive language,@OLE_VertyBstard @thereal_EMandM @Holt3 lay in it brother I'm a honky,lay in it brother i m a honky,8,3,0,3,0,0.07412501,0.7226388,0.2032362,0.1291112,Neutral
T0243,4448,Offensive language,@OMGitsKariC ima call his retarded ass,ima call his retarded ass,5,3,0,3,0,0.88918597,0.09972369,0.011090344,-0.8780956,Negative
T0244,4452,Offensive language,@OVOmar23 thanks for the invite tho bitch,thanks for the invite tho bitch,6,3,0,3,0,0.5358385,0.3036065,0.16055505,-0.37528342,Negative
T0245,4457,Offensive language,"@Of_Angelis yep, which is messier/more dangerous/more environmentally-unfriendly than their retarded new spouts. @innov82bgr8",yep which is messier more dangerous more environmentally unfriendly than their retarded new spouts,14,3,0,2,1,0.9307022,0.062371105,0.0069266916,-0.9237755,Negative
T0246,4463,Offensive language,@OhhhChad here come the desperate hoes 😂,here come the desperate hoes,5,3,0,2,1,0.7700813,0.20888649,0.021032205,-0.74904907,Negative
T0247,4488,Offensive language,@Oskzilla niggah you gay!,niggah you gay,3,3,1,2,0,0.8420247,0.14435416,0.013621112,-0.8284036,Negative
T0248,4492,Offensive language,@OsvaldoVause text me u nigglet,text me u nigglet,4,3,0,2,1,0.40852305,0.54127735,0.050199553,-0.3583235,Neutral
T0249,4553,Hate speech,@Po0pdogg back up faggot,back up faggot,3,3,2,1,0,0.8253264,0.1516002,0.023073401,-0.802253,Negative
T0250,4564,Offensive language,@PrimoMars nicca u read what i typed u aint slo by a long shot dont play dumb now litebrite lol,nicca u read what i typed u aint slo by a long shot dont play dumb now litebrite lol,19,3,0,3,0,0.64124423,0.3300212,0.028734678,-0.61250955,Negative
T0251,4567,Offensive language,@Prince_WilliamB @MixyArts This nothing to do with my shoes you ignorant twat.,this nothing to do with my shoes you ignorant twat,10,3,1,2,0,0.90979064,0.08328765,0.006921764,-0.90286887,Negative
T0252,4577,Offensive language,@ProtectYourNet I know right? But here I am wasting time thinking '1more hr till I start the day...' I'm retarded! 😝,i know right but here i am wasting time thinking more hr till i start the day i m retarded,20,3,0,2,1,0.6047976,0.3009616,0.09424079,-0.5105568,Negative
T0253,4604,Offensive language,@RFam2550 shut up faggot,shut up faggot,3,3,1,2,0,0.8765934,0.105244815,0.01816174,-0.8584317,Negative
T0254,4620,Offensive language,@Rasheed_Sheen man damn dude come get this bitch lml,man damn dude come get this bitch lml,8,9,0,9,0,0.89276326,0.0969751,0.010261637,-0.8825016,Negative
T0255,4642,Offensive language,@Real_Liam_Payne be a pussy http://t.co/ttzsxBtS74,be a pussy,3,6,0,6,0,0.81170684,0.17497094,0.013322232,-0.7983846,Negative
T0256,4664,Offensive language,"@RichHomieLexx_ tryanna explain sumn to des young boys out here now days,they don't know wat a true pimp is I be pimpin des hoes moma Lmfaoo",tryanna explain sumn to des young boys out here now days they don t know wat a true pimp is i be pimpin des hoes moma lmfaoo,27,3,0,3,0,0.36569953,0.5380598,0.09624066,-0.26945886,Neutral
T0257,4686,Hate speech,@RniSwirvinn @LilKev_J no ur wrong stupid nigger,no ur wrong stupid nigger,5,3,2,1,0,0.91139054,0.081028715,0.0075807483,-0.9038098,Negative
T0258,4703,Neither,"@Ronnie2K not just @Pharrell gave 2k a trash non-basketball soundtrack, y'all still have problems with servers 😒",not just gave k a trash non basketball soundtrack y all still have problems with servers,16,3,0,0,3,0.9486541,0.047144853,0.004201016,-0.9444531,Negative
T0259,4708,Hate speech,"@Roscoedash lmao, soft ass nigga trying to act all tough, you a little bitch. Sit down and watch from the sidelines pussy.",lmao soft ass nigga trying to act all tough you a little bitch sit down and watch from the sidelines pussy,21,3,2,1,0,0.9453904,0.047376886,0.0072327117,-0.9381577,Negative
T0260,4712,Neither,@RottenStench Dat was Charlie,dat was charlie,3,3,0,0,3,0.04145152,0.8229502,0.13559826,0.094146736,Neutral
T0261,4738,Neither,@SBPart01 @melodybrooke11 fuzzy dice might be the nicest thing you could put in your car lol 🎲🎲,fuzzy dice might be the nicest thing you could put in your car lol,14,3,0,0,3,0.0070070485,0.02461841,0.9683745,0.9613674,Positive
T0262,4777,Offensive language,@SandraGuzman_ nigger*,nigger,1,3,1,2,0,0.61086285,0.37012553,0.01901164,-0.59185123,Negative
T0263,4813,Neither,@SenMikeLee just pulled out his pocket Constitution! Bring it man! @tedcruz just mocked McCain's wacko-birds comment! HaHaHa!!!!! #standtall,just pulled out his pocket constitution bring it man just mocked mccain s wacko birds comment hahaha standtall,18,3,0,0,3,0.14174902,0.33493295,0.52331805,0.38156903,Positive
T0264,4830,Neither,@Sheen300 Ok. So for what reason did god make parasitic worms whose sole purpose is to burrow into the eye of a small African child?,ok so for what reason did god make parasitic worms whose sole purpose is to burrow into the eye of a small african child,24,3,0,0,3,0.75919235,0.23234123,0.008466326,-0.75072604,Negative
T0265,4836,Hate speech,@Shmalec13 ya fag,ya fag,2,3,2,1,0,0.80149853,0.180018,0.018483497,-0.783015,Negative
T0266,4871,Offensive language,"@SoopDevilles You DID. You crushed his ""I got me an EXOTIC bitch!"" dreams.",you did you crushed his i got me an exotic bitch dreams,12,3,0,3,0,0.41930386,0.24444546,0.3362507,-0.08305317,Negative
T0267,4887,Offensive language,@Staydelusional I texted u fag,i texted u fag,4,3,1,2,0,0.57325673,0.40359092,0.023152368,-0.5501044,Negative
T0268,4909,Offensive language,@SteveStockmanTX you teabagger dunces want to eliminate education all together so you can groom more teabag voters. Lol.#thedumbestteabagger,you teabagger dunces want to eliminate education all together so you can groom more teabag voters lol thedumbestteabagger,18,3,0,2,1,0.8648036,0.11850443,0.016691964,-0.8481116,Negative
T0269,4914,Offensive language,@SteveWorks4You @tedcruz ted cruz..leader..lol lol lol lol lol OMG lol lol lol lol lol you are a funny ass redneck...lol lol lol lol #lol,ted cruz leader lol lol lol lol lol omg lol lol lol lol lol you are a funny ass redneck lol lol lol lol lol,25,3,0,3,0,0.4988315,0.30978313,0.19138534,-0.30744618,Negative
T0270,4919,Neither,@SteveWorks4You pay your taxes teabaggers,pay your taxes teabaggers,4,3,0,1,2,0.5459293,0.4217151,0.032355584,-0.5135737,Negative
T0271,4931,Neither,"@Strangleme Your mother looks like a tough-as-nails bird...I see where you got 1/2 of that from. Nice food, too!",your mother looks like a tough as nails bird i see where you got of that from nice food too,20,3,1,0,2,0.020062119,0.0670617,0.9128762,0.89281404,Positive
T0272,4940,Neither,@SugarShai2 youtube bear vs monkey bike race!,youtube bear vs monkey bike race,6,3,0,0,3,0.009203548,0.7565079,0.2342886,0.22508505,Neutral
T0273,5014,Neither,@TerryTGood @1DancingCrane The Moors used to give kids free lunch in the Bronx when I was a kid. Glad to see they are still doing good.,the moors used to give kids free lunch in the bronx when i was a kid glad to see they are still doing good,24,3,0,0,3,0.0063463803,0.043848395,0.94980526,0.94345886,Positive
T0274,5046,Offensive language,@ThatSlutAdrian bring bitches,bring bitches,2,3,0,3,0,0.6358724,0.3266775,0.037450083,-0.59842235,Negative
T0275,5069,Offensive language,@TheIslamHeretic @WarMachine_83 @BasimaFaysal @MariamVeiszadeh cause it would their tip hand instead they whine like little bitches=>,cause it would their tip hand instead they whine like little bitches,12,3,0,3,0,0.76388294,0.21309407,0.023023052,-0.74085987,Negative
T0276,5073,Offensive language,@TheJoelBerggren have you looked yourself? This is funny. This is like Obama saying he is good for the economy. Hipster faggot. Funny though,have you looked yourself this is funny this is like obama saying he is good for the economy hipster faggot funny though,22,3,1,2,0,0.5497183,0.28894,0.16134165,-0.38837665,Negative
T0277,5079,Neither,@TheLittleFella_ do yourself a favor and ball that up and throw in the trash.,do yourself a favor and ball that up and throw in the trash,13,3,0,0,3,0.88741153,0.106594846,0.0059936247,-0.88141793,Negative
T0278,5084,Offensive language,"@TheMayorMatt pitch, chip and slide ur dick in tight clam #22 love it #mywife",pitch chip and slide ur dick in tight clam love it mywife,12,3,0,3,0,0.0077098855,0.044599827,0.9476903,0.93998045,Positive
T0279,5102,Hate speech,@TheRealCVL and @CoryHolmes24 are faggots. Kbye.,and are faggots kbye,4,3,2,1,0,0.94124967,0.052029245,0.0067211324,-0.9345285,Negative
T0280,5120,Neither,@TheSeanyV would help for some others can't handle uppers and cripples them plus if moderation isn't taken into consideration it'll be bad,would help for some others can t handle uppers and cripples them plus if moderation isn t taken into consideration it ll be bad,24,3,0,0,3,0.838941,0.14846559,0.0125934305,-0.82634753,Negative
T0281,5139,Neither,@Things4FLppl Yankees like Florida State; not Floridians.,yankees like florida state not floridians,6,3,0,0,3,0.19975458,0.7511029,0.049142543,-0.15061204,Neutral
T0282,5145,Offensive language,@ThugMon3yy @ChandailBailey @SteeZeyFLOW @HunturPls it does. you and all your hipster friends are ugly as fuck... and yo pussies all stank,it does you and all your hipster friends are ugly as fuck and yo pussies all stank,17,3,0,3,0,0.95442593,0.039008863,0.0065652053,-0.9478607,Negative
T0283,5157,Neither,@Titan4Ever2488 some Mets fan tried telling me Rivera isn't of the best Yankees of all time because he is just a closer. WTF,some mets fan tried telling me rivera isn t of the best yankees of all time because he is just a closer wtf,23,3,0,0,3,0.7232068,0.2518814,0.024911806,-0.698295,Negative
T0284,5160,Neither,@ToWherever yay im a whitey :3,yay im a whitey,4,3,0,1,2,0.002459966,0.030712042,0.96682805,0.9643681,Positive
T0285,5167,Neither,"@Tom_Morehart @cjc_is_alive @JoshuaTyl0r 9 of 15 BCS titles, $314 mil in revenue. It's great being in a redneck conference. And not in Ohio.",of bcs titles mil in revenue it s great being in a redneck conference and not in ohio,18,3,0,1,2,0.07152656,0.23877545,0.68969804,0.61817145,Positive
T0286,5174,Offensive language,@TooEffinCool lol I feel like a punk bitch sittin in here with all the lights on! 😂,lol i feel like a punk bitch sittin in here with all the lights on,15,3,0,3,0,0.5544076,0.29299057,0.1526019,-0.4018057,Negative
T0287,5179,Offensive language,@TreThreat @HotDoc87 @duckydynamo yeah the internet def taught me a bitch can't twerk if she talkin bout voting.,yeah the internet def taught me a bitch can t twerk if she talkin bout voting,16,3,0,3,0,0.70847917,0.27695644,0.014564394,-0.6939148,Negative
T0288,5209,Offensive language,@TweetsAndFreaks I told u ugly niggas get bitches young I promise u!! Work ya magic lol,i told u ugly niggas get bitches young i promise u work ya magic lol,15,4,1,3,0,0.24041004,0.4197419,0.3398481,0.09943806,Neutral
T0289,5222,Hate speech,@UberFacts studies show that you're a faggot,studies show that you re a faggot,7,3,2,1,0,0.915133,0.077924274,0.006942717,-0.9081903,Negative
T0290,5235,Offensive language,@VZWSupport Your update for my s3 pretty much broke 4G and made it absolutely annoying and retarded.,your update for my s pretty much broke g and made it absolutely annoying and retarded,16,3,0,2,1,0.9564105,0.03837718,0.005212254,-0.9511983,Negative
T0291,5244,Offensive language,@VictorRico3 No I don't fuck with those hoes ask Paco he does,no i don t fuck with those hoes ask paco he does,12,3,0,2,1,0.8301108,0.15570293,0.014186306,-0.81592447,Negative
T0292,5250,Hate speech,@VinniePolitan kill the coons!!!!!!,kill the coons,3,3,2,0,1,0.7485608,0.2058795,0.04555979,-0.703001,Negative
T0293,5262,Neither,@WHSVGrantCruise birds of a feather. You stand with PETA. I stand with sanity.,birds of a feather you stand with peta i stand with sanity,12,3,0,1,2,0.2949879,0.583587,0.121425174,-0.1735627,Neutral
T0294,5266,Hate speech,@WaTch_Scenario Yeah so you better play with me ya nigger,yeah so you better play with me ya nigger,9,3,2,1,0,0.6077587,0.28965828,0.10258309,-0.5051756,Negative
T0295,5299,Neither,@WilliamFBrasky @TheRandomBoner i feel the warm fuzzies.,i feel the warm fuzzies,5,3,0,1,2,0.0054564476,0.066215605,0.9283279,0.9228715,Positive
T0296,5333,Offensive language,@WyattNuckels sun follow me you 4' bitch you can't do shit so stfu faggot,sun follow me you bitch you can t do shit so stfu faggot,13,3,0,3,0,0.92275256,0.067541055,0.00970636,-0.9130462,Negative
T0297,5349,Offensive language,"@YaBoyBoone ima miss smiley and graham and daniel tho, they were pretty cool to me when i was there, ima beat andrews bitch ass every day",ima miss smiley and graham and daniel tho they were pretty cool to me when i was there ima beat andrews bitch ass every day,25,3,0,3,0,0.7250459,0.18117358,0.0937805,-0.6312654,Negative
T0298,5381,Offensive language,@YoungRecklesss_ nahh bitch yu always playn yu almost got her feelings hurt,nahh bitch yu always playn yu almost got her feelings hurt,11,3,0,3,0,0.9050853,0.088326536,0.0065881624,-0.89849716,Negative
T0299,5405,Offensive language,@Z_MEGA fasho fasho .. Hurry ya ass up nicca,fasho fasho hurry ya ass up nicca,7,3,0,2,1,0.1104434,0.45799693,0.43155962,0.3211162,Neutral
T0300,5472,Offensive language,@_KaeeJones I gotta find them I know Cali got them hoes,i gotta find them i know cali got them hoes,10,3,0,3,0,0.4280469,0.499494,0.07245909,-0.35558784,Neutral
T0301,5476,Offensive language,@_Leeyoo @GoldFlacko niggah I'm not yo lil bro the fuck,niggah i m not yo lil bro the fuck,9,3,1,2,0,0.82415736,0.16577019,0.01007254,-0.8140848,Negative
T0302,5482,Offensive language,@_LrAnderson that hoe over that,that hoe over that,4,3,0,3,0,0.8501575,0.13628742,0.013554974,-0.8366025,Negative
T0303,5510,Offensive language,@_StarrHall_ @Rene_gadeCowboy I am absolutely speechless.That bitch is CRAZY.,i am absolutely speechless that bitch is crazy,8,3,0,3,0,0.93099755,0.05384715,0.0151553685,-0.9158422,Negative
T0304,5515,Hate speech,@_TriggaPlease_ @kanyewest he's a faggot,he s a faggot,4,3,2,1,0,0.90959454,0.08195531,0.008450197,-0.9011443,Negative
T0305,5539,Offensive language,@___kd_ i need 2 of the bitches,i need of the bitches,5,3,0,3,0,0.35587883,0.5879293,0.0561919,-0.29968694,Neutral
T0306,5546,Offensive language,@_asheyk pussy,pussy,1,3,0,3,0,0.29418114,0.59195536,0.11386351,-0.18031763,Neutral
T0307,5561,Neither,@_icantmiss Boys still got birds in the cage? Lol,boys still got birds in the cage lol,8,3,0,0,3,0.11802678,0.82138085,0.060592473,-0.057434306,Neutral
T0308,5570,Offensive language,"@_lostb0y do you, bitch boy?",do you bitch boy,4,3,1,2,0,0.88223,0.10941345,0.0083566215,-0.87387335,Negative
T0309,5582,Neither,@_shegotthis yellow rice black beans and pork chop sis,yellow rice black beans and pork chop sis,8,3,0,0,3,0.036153257,0.8828757,0.08097102,0.04481776,Neutral
T0310,5675,Offensive language,"@amyklobuchar he was 17 not 16 & he tried to beat up a much weaker ""creepy ass cracker"" that is why he is dead. If Zimmerman was a woman...",he was not he tried to beat up a much weaker creepy ass cracker that is why he is dead if zimmerman was a woman,25,3,1,2,0,0.9078894,0.086837955,0.005272632,-0.9026168,Negative
T0311,5684,Offensive language,@anggxo get off my twitter fag,get off my twitter fag,5,3,1,2,0,0.8700572,0.11974276,0.010200005,-0.8598572,Negative
T0312,5753,Offensive language,@bbluedreamm bitch don't reply😌,bitch don t reply,4,3,0,3,0,0.8029015,0.18293132,0.014167201,-0.7887343,Negative
T0313,5767,Offensive language,@big_business_ lmao dog just type them out and let them faggots try to decipher it.,lmao dog just type them out and let them faggots try to decipher it,14,3,1,2,0,0.81848645,0.16763176,0.013881782,-0.80460465,Negative
T0314,5787,Neither,@blackrepublican how long after the name change will al memorabilia w/redskins name be deemed racist and therby illegal?,how long after the name change will al memorabilia w redskins name be deemed racist and therby illegal,18,3,0,0,3,0.6572288,0.3368263,0.005944848,-0.651284,Negative
T0315,5804,Offensive language,@bossliyah_ DM me your number hoe,dm me your number hoe,5,3,0,3,0,0.62445956,0.34388673,0.03165372,-0.59280586,Negative
T0316,5811,Offensive language,@brandon_even Them aint the bitches im talkin bout  aint no jungle fever over there LOL,them aint the bitches im talkin bout aint no jungle fever over there lol,14,3,0,3,0,0.56611323,0.37994865,0.053938136,-0.5121751,Negative
T0317,5825,Neither,@brittbritt_naay 😂 I'm a wexican,i m a wexican,4,3,0,0,3,0.035916194,0.7871255,0.17695817,0.14104198,Neutral
T0318,5869,Offensive language,@ccass357 @Liveitupjersey real Serious in CT! Bunch of whiney cunts!,real serious in ct bunch of whiney cunts,8,6,0,6,0,0.94306475,0.047979932,0.008955347,-0.9341094,Negative
T0319,5895,Neither,"@chris2x @NevadaPR Camels, ostriches and zebras! See you at the races! #VCCamelRaces",camels ostriches and zebras see you at the races vccamelraces,10,3,0,0,3,0.002684235,0.20776996,0.7895458,0.78686154,Positive
T0320,5897,Neither,@chrisbickert i want it! I love her gooks! she is awesome where did you get it?,i want it i love her gooks she is awesome where did you get it,15,3,0,0,3,0.0034675125,0.007971457,0.9885611,0.9850936,Positive
T0321,5910,Neither,@cleggzta Ho ho ho.,ho ho ho,3,3,1,0,2,0.04731415,0.8196147,0.13307117,0.08575702,Neutral
T0322,5967,Neither,@danifreshh some weird local ghetto school haha,some weird local ghetto school haha,6,3,0,1,2,0.8008313,0.18706241,0.012106326,-0.788725,Negative
T0323,5973,Hate speech,@dantoomey2 fuck you faggot,fuck you faggot,3,3,2,1,0,0.9051537,0.07968889,0.015157458,-0.88999623,Negative
T0324,5976,Offensive language,@dappermuke I stick up for my fam. don't disrespect the pouch my nigguh. and awe ily2 http://t.co/tuQ0uAd8bK,i stick up for my fam don t disrespect the pouch my nigguh and awe ily,16,3,0,3,0,0.059301887,0.25247446,0.68822366,0.62892175,Positive
T0325,6006,Hate speech,@denytheprophecy thanks for ignoring my texts fag,thanks for ignoring my texts fag,6,3,3,0,0,0.87032443,0.11840732,0.011268281,-0.8590562,Negative
T0326,6014,Offensive language,@dexfrost23 you can be a bad bitch too dex its okay,you can be a bad bitch too dex its okay,10,3,0,3,0,0.3202723,0.5368741,0.1428535,-0.1774188,Neutral
T0327,6027,Offensive language,@djceeloss awwww don't be a pussy ill show u was good with that turbo lol,awwww don t be a pussy ill show u was good with that turbo lol,15,3,0,3,0,0.11765915,0.28271535,0.59962547,0.48196632,Positive
T0328,6065,Neither,"@eHarmoniee first second an third mistake...😂😂 i been hearing it wus trash tho...kinda wan give it a listen, kinda dont",first second an third mistake i been hearing it wus trash tho kinda wan give it a listen kinda dont,20,3,0,0,3,0.8683475,0.12348793,0.008164576,-0.86018294,Negative
T0329,6119,Offensive language,@etellurian @vcortesusmc too many little whiney bitches in AMERICA. Someone to CRY about ANYTHING! IE: Kids MUST WEAR Bicycle Helmets!,too many little whiney bitches in america someone to cry about anything ie kids must wear bicycle helmets,18,3,1,2,0,0.9282637,0.059782274,0.011954032,-0.9163097,Negative
T0330,6123,Offensive language,@fabbymichelle bitch no ✋😂,bitch no,2,3,0,3,0,0.7357818,0.24358869,0.020629548,-0.71515226,Negative
T0331,6135,Hate speech,@femalejokerhoee yeah he sucks just like the other fags who are... oh nevermind there are NO fags in the #NFL,yeah he sucks just like the other fags who are oh nevermind there are no fags in the nfl,19,3,2,1,0,0.93505096,0.05781603,0.007133023,-0.92791796,Negative
T0332,6179,Offensive language,@gellebeaux_ thats thot pussy? 😂,thats thot pussy,3,3,0,3,0,0.6588738,0.3164007,0.024725528,-0.63414824,Negative
T0333,6224,Offensive language,@grrizzIy pudding it right in her pussy,pudding it right in her pussy,6,6,0,6,0,0.23409669,0.6536174,0.112285964,-0.12181073,Neutral
T0334,6271,Offensive language,@hidalgoparadise lol its #hoe bitch ass,lol its hoe bitch ass,5,3,0,3,0,0.9127393,0.0740802,0.013180548,-0.8995587,Negative
T0335,6272,Offensive language,"@hiyathanda_alps ""that hoe over there""",that hoe over there,4,4,0,3,1,0.6489268,0.33190528,0.019167984,-0.62975883,Negative
T0336,6277,Hate speech,@holyh00ker he looks like a pretty dyke💁✨,he looks like a pretty dyke,6,3,2,1,0,0.0041054334,0.022479631,0.97341496,0.9693095,Positive
T0337,6279,Hate speech,@hunterbuch66 @kieffer_jason @sbsylvester all u can pull is the fucking retard,all u can pull is the fucking retard,8,3,2,1,0,0.9520308,0.043061715,0.004907411,-0.94712335,Negative
T0338,6283,Neither,@hxhsharingan666 did you make an animal cracker taco,did you make an animal cracker taco,7,4,0,1,3,0.04800167,0.9080637,0.04393461,-0.0040670596,Neutral
T0339,6298,Offensive language,@iGivePussyCPR monkey & his cigarette. He's dead serious 😂,monkey his cigarette he s dead serious,7,6,0,4,2,0.2984409,0.4925367,0.20902243,-0.08941847,Neutral
T0340,6309,Offensive language,@iNURSELISA @MailOnline See dis what happens when a colored man move into @Rotten_Soil 's neighborhood. He ain't been sick fo 10 days,see dis what happens when a colored man move into s neighborhood he ain t been sick fo days,19,3,1,2,0,0.31870124,0.6154997,0.06579912,-0.25290212,Neutral
T0341,6342,Neither,@imgooby you're not funny trash,you re not funny trash,5,3,1,0,2,0.91967726,0.072333604,0.007989139,-0.9116881,Negative
T0342,6361,Offensive language,@italian_montana OUUUUUFFFFF you will see pussy,ouuuuufffff you will see pussy,5,3,0,3,0,0.3509727,0.5021655,0.14686185,-0.20411086,Neutral
T0343,6369,Offensive language,@ittybittyber playas fuck up too lmao but that's like on trash FORREAL you a crazy one I see 👀👀😵,playas fuck up too lmao but that s like on trash forreal you a crazy one i see,18,3,0,3,0,0.865422,0.1156981,0.018879967,-0.84654206,Negative
T0344,6378,Offensive language,@j_schlauds do it you pussy,do it you pussy,4,3,0,3,0,0.81629163,0.16216573,0.021542577,-0.7947491,Negative
T0345,6400,Offensive language,@jaspen7 I'm dumb then a hoe haha I already lost that thing ya gave me today 😭,i m dumb then a hoe haha i already lost that thing ya gave me today,16,3,0,3,0,0.87855744,0.09925001,0.022192564,-0.8563649,Negative
T0346,6405,Offensive language,"@jayboogie_16 yeah, SOME NIGGAS are straight bitches.",yeah some niggas are straight bitches,6,3,1,2,0,0.9073287,0.08365604,0.009015144,-0.8983136,Negative
T0347,6407,Hate speech,@jayswaggkillah Is a fag,is a fag,3,3,2,1,0,0.85790384,0.13020281,0.011893272,-0.84601057,Negative
T0348,6423,Offensive language,@jennahnorberg I'm always a call away if ya need me nigs,i m always a call away if ya need me nigs,11,3,0,3,0,0.0107638445,0.33880457,0.6504316,0.63966775,Positive
T0349,6432,Offensive language,@jerseyzbest74 Aye hoe,aye hoe,2,3,0,3,0,0.46233377,0.4552561,0.08241009,-0.37992367,Negative
T0350,6469,Neither,@joshbuddy blue cheese crackers intrigues and repulses me at the same time.,blue cheese crackers intrigues and repulses me at the same time,11,3,0,0,3,0.56974036,0.34695646,0.083303146,-0.4864372,Negative
T0351,6477,Offensive language,@jshcalderon lmfaoooo I'm tryna see how many hoes I can lure in,lmfaoooo i m tryna see how many hoes i can lure in,12,3,0,3,0,0.26314646,0.6174244,0.11942908,-0.14371738,Neutral
T0352,6485,Hate speech,@jumpmastere8 @dmcgowen1776 @visitorvisiting its retarded,its retarded,2,3,3,0,0,0.89963764,0.09216107,0.008201337,-0.8914363,Negative
T0353,6488,Hate speech,@just_joshin7 fag.,fag,1,3,2,0,1,0.74547935,0.23626313,0.018257523,-0.72722185,Negative
T0354,6494,Offensive language,@justezzzee bitch you look like one of the characters off of Sesame Street which yo ugly ass.,bitch you look like one of the characters off of sesame street which yo ugly ass,16,3,0,3,0,0.9255976,0.06539816,0.009004216,-0.9165934,Negative
T0355,6519,Offensive language,@karazopfi Then send them bitches through express mail overnight delivery,then send them bitches through express mail overnight delivery,9,3,0,3,0,0.43150914,0.5146048,0.053886008,-0.37762314,Neutral
T0356,6530,Hate speech,"@karmendanielle_ u gotta slow down these coon hrs all they know is love n hip hop, lebron, & fake love quotes",u gotta slow down these coon hrs all they know is love n hip hop lebron fake love quotes,19,3,2,1,0,0.76047134,0.21412842,0.025400272,-0.73507106,Negative
T0357,6534,Offensive language,@kater_tater_ shine bright like a bad bitch,shine bright like a bad bitch,6,3,0,2,1,0.04808727,0.18659623,0.7653165,0.71722925,Positive
T0358,6547,Offensive language,@kayliefarmer Its funny and it has that blond bitch on it,its funny and it has that blond bitch on it,10,3,0,3,0,0.33309326,0.35772607,0.30918068,-0.023912579,Neutral
T0359,6571,Neither,@kenzieblake2015 its pretty easy actually. I'm just the cashier. Right now I'm eating those animal crackers lolol :),its pretty easy actually i m just the cashier right now i m eating those animal crackers lolol,18,3,0,0,3,0.0044160895,0.04927779,0.9463061,0.94189,Positive
T0360,6588,Offensive language,@kieffer_jason @NathannDevlin @zach_smith98 bitch that's next year come on the weekend,bitch that s next year come on the weekend,9,3,0,3,0,0.6332645,0.33561394,0.031121595,-0.6021429,Negative
T0361,6608,Offensive language,@kieffer_jason am going to hurt more then your bitch ass feelings,am going to hurt more then your bitch ass feelings,10,3,0,3,0,0.9474845,0.045645118,0.0068703485,-0.94061416,Negative
T0362,6621,Offensive language,@kieffer_jason bitch let's fight today where you at or are you going to bitch up again. I think your going to bitch up again,bitch let s fight today where you at or are you going to bitch up again i think your going to bitch up again,24,3,0,3,0,0.9064128,0.08097439,0.012612938,-0.89379984,Negative
T0363,6641,Offensive language,"@kieffer_jason keep talking I'm going to make when u can't talk, u going to be talking like a retard",keep talking i m going to make when u can t talk u going to be talking like a retard,20,3,1,2,0,0.87909126,0.10818887,0.012719881,-0.8663714,Negative
T0364,6655,Offensive language,@kieffer_jason restricton g means your license been revoked stop making excuses you a straight up bitch,restricton g means your license been revoked stop making excuses you a straight up bitch,15,3,0,3,0,0.93402946,0.061497793,0.0044727544,-0.9295567,Negative
T0365,6658,Offensive language,@kieffer_jason u can have a tool bet u want shoot it tho pussy ass nigga but u can't through dem hands tho,u can have a tool bet u want shoot it tho pussy ass nigga but u can t through dem hands tho,22,3,1,2,0,0.89312667,0.09928391,0.0075894445,-0.8855372,Negative
T0366,6693,Offensive language,@kirbys08 @_James_Kirby_ fuck you bitch.,fuck you bitch,3,3,1,2,0,0.94446266,0.047110338,0.008426935,-0.9360357,Negative
T0367,6721,Offensive language,@la_di_daDEE try me pussy,try me pussy,3,3,0,3,0,0.44743982,0.45224375,0.10031646,-0.34712335,Neutral
T0368,6730,Offensive language,@lanaaabanana lady Bligh is my bitch!! I got 10 natty daddy's in my fridge #turnup,lady bligh is my bitch i got natty daddy s in my fridge turnup,14,3,0,3,0,0.18384118,0.2888606,0.52729815,0.34345698,Positive
T0369,6732,Offensive language,@lancejw113 so many hoes 😂😂,so many hoes,3,3,0,3,0,0.7556597,0.21606877,0.028271496,-0.7273882,Negative
T0370,6739,Neither,@lcl03 you've been talking trash since we were 3 and 5.,you ve been talking trash since we were and,9,3,0,0,3,0.9166007,0.07696684,0.0064324513,-0.91016823,Negative
T0371,6751,Offensive language,"@lexhound @discordianslip @87pest Nah, they would probably call you out for being the obsessed faggot you are also. Nice try though.",nah they would probably call you out for being the obsessed faggot you are also nice try though,18,3,1,2,0,0.82186514,0.1596361,0.01849874,-0.8033664,Negative
T0372,6770,Neither,"@littlelouie33 eh, take off hoser.",eh take off hoser,4,3,0,0,3,0.8163887,0.16963191,0.013979384,-0.80240935,Negative
T0373,6775,Neither,@lloyd7121 @jjauthor @petermickley Approximately 1/2 in one crash. There wasn't supposed to be that many members of a seal team on one bird,approximately in one crash there wasn t supposed to be that many members of a seal team on one bird,20,6,0,0,6,0.57255787,0.40673015,0.02071196,-0.5518459,Negative
T0374,6780,Offensive language,@longbongchris same here nigga the minute it dropped I got it. Fuck with our team bitch,same here nigga the minute it dropped i got it fuck with our team bitch,15,3,0,3,0,0.942182,0.04924254,0.008575458,-0.93360656,Negative
T0375,6821,Offensive language,@marissaaxoo @kakestevens @mandaclementine someone needs to give these bitches a gatoraide or ten,someone needs to give these bitches a gatoraide or ten,10,3,0,3,0,0.91430485,0.07857716,0.007117938,-0.9071869,Negative
T0376,6824,Offensive language,"@markoketchuck the black girl is lighter than every other bitch on here! y'all needa stop playin, fuckin up darkskin girls' body image",the black girl is lighter than every other bitch on here y all needa stop playin fuckin up darkskin girls body image,22,3,0,3,0,0.8915553,0.099010676,0.009434062,-0.88212126,Negative
T0377,6833,Offensive language,@maycie32 do you mean you were too distracted by being a bitch ? :)),do you mean you were too distracted by being a bitch,11,3,0,2,1,0.5560149,0.37073112,0.07325404,-0.48276085,Negative
T0378,6838,Offensive language,@mcclearyb0y other than those the university and the white black and red ones .. The rest trash anyway. They just making shit up now,other than those the university and the white black and red ones the rest trash anyway they just making shit up now,22,3,0,3,0,0.91894895,0.07488439,0.006166678,-0.91278225,Negative
T0379,6907,Neither,@monicawarren16 #pumprules is on bravo...quality trash,pumprules is on bravo quality trash,6,3,0,0,3,0.9170967,0.07325917,0.009644171,-0.9074525,Negative
T0380,6910,Offensive language,"@moose_05 ya know gamoot, i considered it, but then I was like wait. I'm no little baby back bitch",ya know gamoot i considered it but then i was like wait i m no little baby back bitch,19,3,0,3,0,0.46338278,0.46778214,0.0688351,-0.39454767,Neutral
T0381,6919,Offensive language,@mrfoolycooly im still where that giant muk shit eats that candy with ceasar clown,im still where that giant muk shit eats that candy with ceasar clown,13,3,0,3,0,0.85560507,0.13039994,0.013995029,-0.84161,Negative
T0382,6945,Offensive language,@negrorayrice @FuckTheMallcops I'll continue dis later. I'll be back bitch.,i ll continue dis later i ll be back bitch,10,3,1,2,0,0.3548296,0.537021,0.108149424,-0.24668019,Neutral
T0383,6946,Offensive language,"@neiltyson Neil, have you heard that scientists have discovered that, in fact, bitches do be trippin?",neil have you heard that scientists have discovered that in fact bitches do be trippin,15,3,0,3,0,0.4342017,0.5285628,0.037235525,-0.39696616,Neutral
T0384,6958,Offensive language,@niggie95 aka the lonely bitches,aka the lonely bitches,4,3,0,3,0,0.71435857,0.27252245,0.013118918,-0.70123965,Negative
T0385,6997,Neither,@osnapitzthorne @AcaciaBrinley trash?,trash,1,3,0,1,2,0.2054591,0.76111114,0.033429753,-0.17202935,Neutral
T0386,7028,Offensive language,@piersmorgan his hillbilly ass would shoot ya piers put ya right next to the buck hangin on his redneck ass wall,his hillbilly ass would shoot ya piers put ya right next to the buck hangin on his redneck ass wall,20,3,0,2,1,0.9056694,0.08585439,0.008476188,-0.8971932,Negative
T0387,7035,Offensive language,@ploppy74 And you a funny ofay! My mammy woulda been happy I made friends wit da folk dat brought us to da new world in chains,and you a funny ofay my mammy woulda been happy i made friends wit da folk dat brought us to da new world in chains,25,3,1,2,0,0.008287998,0.077566534,0.9141454,0.9058574,Positive
T0388,7037,Offensive language,@poak_ he was no more a cunt with a shitty attitude than Apex or Pamaj or Banks.,he was no more a cunt with a shitty attitude than apex or pamaj or banks,16,3,0,3,0,0.92157966,0.071120456,0.007299927,-0.91427976,Negative
T0389,7046,Offensive language,"@popularcritic1 @discordianslip @fredrogers75 And you thought a camera would steal your soul. Shut the fuck up, you stupid twat.",and you thought a camera would steal your soul shut the fuck up you stupid twat,16,3,0,3,0,0.9583529,0.036629252,0.0050178412,-0.9533351,Negative
T0390,7050,Offensive language,@potpwincess bitch was at a gas station puffin. I swear that's so trashy... Her nigga should put her in check..,bitch was at a gas station puffin i swear that s so trashy her nigga should put her in check,20,3,0,3,0,0.9452901,0.049336724,0.005373151,-0.9399169,Negative
T0391,7067,Neither,"@pubsubs @Adessences @tzanchan86 btw, genocide isn't war. The people of Gaza are no more combatants than the people of the Warsaw ghetto.",btw genocide isn t war the people of gaza are no more combatants than the people of the warsaw ghetto,20,3,0,0,3,0.68830234,0.29764536,0.014052294,-0.67425007,Negative
T0392,7070,Offensive language,@pussyjuices drink pussy juice nigga,drink pussy juice nigga,4,3,1,2,0,0.7935912,0.19117144,0.015237437,-0.77835375,Negative
T0393,7072,Offensive language,@quezada_carlos7. Right these hoes on my dick about u dats how,right these hoes on my dick about u dats how,10,3,0,3,0,0.54856414,0.4028886,0.048547212,-0.5000169,Negative
T0394,7089,Offensive language,@ravingrave @TheKevShow504 @eeegggiiiaaaP that's Kevin with the hoes 😂😂,that s kevin with the hoes,6,3,0,3,0,0.29065874,0.6368919,0.072449334,-0.21820942,Neutral
T0395,7113,Offensive language,@reptar_ray nigglet send me the pictures,nigglet send me the pictures,5,3,0,3,0,0.12650216,0.79401636,0.07948148,-0.047020674,Neutral
T0396,7120,Offensive language,@richiechristie1 I should've 😩 that bitches wallet was tigher than her pu$$y,i should ve that bitches wallet was tigher than her pu y,12,3,0,3,0,0.8082223,0.15207525,0.03970244,-0.7685199,Negative
T0397,7144,Offensive language,@ryancommakerry I'll actually kill that bitch,i ll actually kill that bitch,6,3,0,3,0,0.92019033,0.06759063,0.012219063,-0.90797126,Negative
T0398,7147,Neither,"@ryanhoover like we all never gave the camera ""the bird"".",like we all never gave the camera the bird,9,3,0,1,2,0.31155226,0.6602041,0.028243622,-0.28330863,Neutral
T0399,7164,Hate speech,@saraelizabethj4 that's what happens when you date a colored,that s what happens when you date a colored,9,3,2,0,1,0.45806473,0.52332383,0.018611487,-0.43945324,Neutral
T0400,7184,Offensive language,@sbsylvester @kieffer_jason nigga stfu u not funny we all laughing at yo retarded ass just stfu,nigga stfu u not funny we all laughing at yo retarded ass just stfu,14,3,0,3,0,0.9279951,0.06394604,0.008058901,-0.9199362,Negative
T0401,7210,Offensive language,@sguzinski well I don't use it anymore and I'd like a dslr I'm just a broke bitch so yeah,well i don t use it anymore and i d like a dslr i m just a broke bitch so yeah,21,3,1,2,0,0.8298068,0.15503077,0.015162495,-0.81464434,Negative
T0402,7219,Hate speech,@shefeelsD_Payne hell naw he ain't he the star of that team lol but I'm sure that white honkey called him a nigga,hell naw he ain t he the star of that team lol but i m sure that white honkey called him a nigga,23,3,2,1,0,0.7739182,0.20156941,0.024512345,-0.74940586,Negative
T0403,7251,Offensive language,@slings_x_arrows you sub tweeting me nig?,you sub tweeting me nig,5,3,0,2,1,0.033858594,0.9417681,0.024373297,-0.009485297,Neutral
T0404,7254,Offensive language,@sluttyboy_kush I guess you used to getting bitch cause idk anybody that Juss let ppl disrespect them n just sit there. Thts how all this,i guess you used to getting bitch cause idk anybody that juss let ppl disrespect them n just sit there thts how all this,24,3,0,3,0,0.8047299,0.18657407,0.008696036,-0.79603386,Negative
T0405,7264,Offensive language,@sorryimalex wake up you little bitch and follow me,wake up you little bitch and follow me,8,6,1,5,0,0.87204707,0.11130638,0.016646484,-0.85540056,Negative
T0406,7270,Neither,"@spence1reed_ bro , i heard slaughter songs .. they all trash .. they just freestylers",bro i heard slaughter songs they all trash they just freestylers,11,3,0,0,3,0.93598264,0.058397662,0.005619664,-0.930363,Negative
T0407,7282,Offensive language,"@steeloh_supreme yeah I'm down I'm starting to promote for belasco Thursday , so u better go bitch",yeah i m down i m starting to promote for belasco thursday so u better go bitch,17,3,0,3,0,0.14213137,0.39734966,0.4605189,0.3183875,Positive
T0408,7286,Offensive language,"@stevedischiavi Thanks 'Walking Dead' Bro Steve For Mend..USMC ""Come on you son-n-bitches you want to live forever""! DoG",thanks walking dead bro steve for mend usmc come on you son n bitches you want to live forever dog,20,3,0,3,0,0.06343255,0.28152683,0.6550407,0.5916081,Positive
T0409,7315,Offensive language,@tacalifornia slid bitch,slid bitch,2,3,0,3,0,0.6691037,0.28148285,0.0494134,-0.6196903,Negative
T0410,7324,Offensive language,@taylanicolexo you're just a pussy.,you re just a pussy,5,3,0,3,0,0.9391535,0.054497287,0.006349263,-0.9328042,Negative
T0411,7328,Neither,@tayscalf must have run out of brownies,must have run out of brownies,6,6,0,1,5,0.3907055,0.57008296,0.039211553,-0.35149395,Neutral
T0412,7339,Offensive language,@ten_ah_kei superman dat hoe no watch me uuuuuuuuuu😂,superman dat hoe no watch me uuuuuuuuuu,7,3,0,3,0,0.27971384,0.55829024,0.16199589,-0.11771795,Neutral
T0413,7355,Offensive language,@thejokerxo yes!!! I love the hair on her pussy...lol,yes i love the hair on her pussy lol,9,3,0,3,0,0.0047003115,0.015822878,0.97947687,0.97477657,Positive
T0414,7364,Neither,@thereal_EMandM I'm off whenever I feel like it. I'm off til Monday. And you put in your two weeks flip them the bird mannn,i m off whenever i feel like it i m off til monday and you put in your two weeks flip them the bird mannn,25,3,0,0,3,0.15768254,0.61823386,0.22408359,0.06640105,Neutral
T0415,7368,Neither,@therealjuicyj @ProjectPatHcp yea ho,yea ho,2,3,0,1,2,0.036279514,0.8636649,0.100055546,0.06377603,Neutral
T0416,7385,Offensive language,@tkdfighter He gotta be colored,he gotta be colored,4,3,0,3,0,0.13542555,0.7974601,0.06711433,-0.06831122,Neutral
T0417,7389,Offensive language,@tommymanson pussy,pussy,1,3,0,3,0,0.29418114,0.59195536,0.11386351,-0.18031763,Neutral
T0418,7399,Neither,@treagle05 early bird gets the worm tomcat,early bird gets the worm tomcat,6,3,0,0,3,0.20571387,0.727669,0.0666171,-0.13909677,Neutral
T0419,7444,Neither,@urbasicyabish nigor??,nigor,1,3,0,1,2,0.07066774,0.8650008,0.06433147,-0.0063362718,Neutral
T0420,7463,Offensive language,@vhr6190 @NudesForJordy playoffs bitch,playoffs bitch,2,3,0,3,0,0.7455603,0.22523572,0.029204078,-0.7163562,Negative
T0421,7465,Offensive language,@vinnyywright I don't care what they is they can catch them hoes,i don t care what they is they can catch them hoes,12,3,0,3,0,0.85154086,0.12616745,0.022291696,-0.82924914,Negative
T0422,7482,Offensive language,@wednesdaydreams I wanted to see that but I like trash sometimes lol,i wanted to see that but i like trash sometimes lol,11,3,0,2,1,0.64854497,0.30181614,0.049638946,-0.59890604,Negative
T0423,7485,Offensive language,@wellheeledking old raglyscrag. me and that bitch been places.,old raglyscrag me and that bitch been places,8,3,0,3,0,0.8640923,0.1217097,0.014197984,-0.8498943,Negative
T0424,7491,Offensive language,@whiteangelss84 @fields_devante mmm where the fuck is that at honkey? U need to wake up and realize its 2013 and get off of the skin,mmm where the fuck is that at honkey u need to wake up and realize its and get off of the skin,22,3,1,2,0,0.9272463,0.067411795,0.005341842,-0.92190444,Negative
T0425,7507,Offensive language,@wodaeeex3 @myOWNfriend_x3 Shantrell bitch we ainn talkn to you C yo ugly way out,shantrell bitch we ainn talkn to you c yo ugly way out,12,3,1,2,0,0.8463043,0.14174111,0.011954544,-0.83434975,Negative
T0426,7545,Hate speech,@xZimpx @Prophzilla This is Twitter. Not only are you a fag but you're also retarded.,this is twitter not only are you a fag but you re also retarded,14,3,3,0,0,0.94287616,0.051326327,0.0057974686,-0.9370787,Negative
T0427,7562,Hate speech,"@yawlknow @HoskinsTy96 ""all of these rednecks and none of them can keep the fire lit"" 😂😂",all of these rednecks and none of them can keep the fire lit,13,3,2,0,1,0.67381376,0.2926273,0.03355891,-0.64025486,Negative
T0428,7570,Offensive language,@yoPapi_chulo @0beytheLAU @Huntermoore that bitch needs a tittielift,that bitch needs a tittielift,5,3,0,3,0,0.88335943,0.101477735,0.015162837,-0.8681966,Negative
T0429,7581,Offensive language,@youknowmaxwell these hoes don't want no help but they want all the help,these hoes don t want no help but they want all the help,13,3,0,3,0,0.867166,0.1227914,0.010042622,-0.8571234,Negative
T0430,7595,Offensive language,"@zach_smith98 @NathannDevlin bitch I didn't even know you, I was only fucking with real niggas and damn sure wasn't one of them",bitch i didn t even know you i was only fucking with real niggas and damn sure wasn t one of them,22,3,0,3,0,0.84319615,0.14324684,0.013557012,-0.82963914,Negative
T0431,7598,Offensive language,@zach_smith98 @kieffer_jason bitch stfu and get off my page,bitch stfu and get off my page,7,3,0,3,0,0.88525134,0.10641592,0.008332774,-0.87691855,Negative
T0432,7606,Offensive language,@zlarge20 bro once I'm there next year I'll make you look like straight trash so enjoy it the little time you have left,bro once i m there next year i ll make you look like straight trash so enjoy it the little time you have left,24,3,0,2,1,0.6283832,0.24713618,0.12448058,-0.5039026,Negative
T0433,7612,Offensive language,A .4? Jesus take me now RT @_RichHomieJuan_: @ayylmaoanod bitch you go for a .4 and mc Donald's. Fuck out the spot,a jesus take me now rt bitch you go for a and mc donald s fuck out the spot,19,3,0,3,0,0.91518366,0.07643822,0.008378086,-0.9068056,Negative
T0434,7638,Neither,A ghetto girl's best bet is to find work at a call center and try to climb that corporate latter.,a ghetto girl s best bet is to find work at a call center and try to climb that corporate latter,21,3,0,1,2,0.6256854,0.3173375,0.056977082,-0.5687083,Negative
T0435,7645,Offensive language,"A hoe gon be a hoe, that ain't a hunnid.",a hoe gon be a hoe that ain t a hunnid,11,6,0,6,0,0.62861407,0.32637328,0.045012567,-0.5836015,Negative
T0436,7659,Offensive language,A lotta niccas all talk I jus let em do it,a lotta niccas all talk i jus let em do it,11,3,0,3,0,0.3947692,0.5411357,0.06409509,-0.3306741,Neutral
T0437,7660,Offensive language,A lotta u niccas ain't who u say u is!,a lotta u niccas ain t who u say u is,11,3,0,3,0,0.6973806,0.26223758,0.040381756,-0.6569989,Negative
T0438,7675,Offensive language,A nigga will say the worst about a bitch and she'll still feel validated as long as he would fuck her.,a nigga will say the worst about a bitch and she ll still feel validated as long as he would fuck her,22,3,1,2,0,0.858608,0.12617952,0.015212492,-0.84339553,Negative
T0439,7695,Offensive language,ATTENTION! Leggings ain't for everybody. Especially you hippo looking hoes!,attention leggings ain t for everybody especially you hippo looking hoes,11,3,1,2,0,0.81859136,0.15846165,0.022946957,-0.7956444,Negative
T0440,7705,Hate speech,"Accept your flaws and imperfections because that's what makes you, YOU! See I'm a fuck, small dick faggot with parents who don't love me.",accept your flaws and imperfections because that s what makes you you see i m a fuck small dick faggot with parents who don t love me,27,3,2,1,0,0.90566766,0.08106447,0.013267888,-0.8923998,Negative
T0441,7725,Offensive language,After you get good pussy you be feelin like you just found the last dragon ball..,after you get good pussy you be feelin like you just found the last dragon ball,16,3,0,3,0,0.088391416,0.38461232,0.5269963,0.4386049,Positive
T0442,7735,Offensive language,"Ain't like them guys who wine and dine to keep they women.. My bitches only want two things, that's to get high and kick it",ain t like them guys who wine and dine to keep they women my bitches only want two things that s to get high and kick it,27,3,0,3,0,0.7132449,0.25144815,0.035306998,-0.6779379,Negative
T0443,7744,Offensive language,Ain't nothing funnier then watching a woman try to hide her inner hoe 😂😂😂 know she like to get hit from the back and have a finger...nvm,ain t nothing funnier then watching a woman try to hide her inner hoe know she like to get hit from the back and have a finger nvm,28,3,0,3,0,0.8077891,0.16380164,0.028409222,-0.77937984,Negative
T0444,7748,Hate speech,Ain't nuttin but a white trash party.,ain t nuttin but a white trash party,8,3,2,1,0,0.92269075,0.06825565,0.009053561,-0.91363716,Negative
T0445,7753,Offensive language,Ain't this a bitch---> Clock mistake in Alabama-Arkansas - via @ESPN Champ Drive http://t.co/Go1XTsuv6O,ain t this a bitch clock mistake in alabama arkansas via champ drive,13,3,0,3,0,0.73104066,0.25717312,0.011786291,-0.7192544,Negative
T0446,7755,Offensive language,Aint This A Bitch... I just saw my bitch kiss a bitch . You lucky I dont kill yo ass but you can still get pistol whipped - wayne,aint this a bitch i just saw my bitch kiss a bitch you lucky i dont kill yo ass but you can still get pistol whipped wayne,27,3,0,3,0,0.9169411,0.07395696,0.009101933,-0.9078392,Negative
T0447,7758,Offensive language,"Aint no hoe worth loosing your wife, aint no beef worth loosing your life!",aint no hoe worth loosing your wife aint no beef worth loosing your life,14,3,0,3,0,0.8472175,0.13537143,0.017411042,-0.82980645,Negative
T0448,7764,Neither,"Alarm set, early bird n all that. Night all xx",alarm set early bird n all that night all xx,10,3,0,0,3,0.016143547,0.6488659,0.33499053,0.31884697,Neutral
T0449,7800,Offensive language,All deses bitches turnt up I'm fenna turn em down,all deses bitches turnt up i m fenna turn em down,11,3,0,3,0,0.39523873,0.5277291,0.07703224,-0.3182065,Neutral
T0450,7809,Offensive language,All my hoes they so rude,all my hoes they so rude,6,3,0,3,0,0.8792599,0.10720576,0.013534324,-0.8657256,Negative
T0451,7821,Offensive language,All people do in my house is bitch,all people do in my house is bitch,8,3,0,3,0,0.8793976,0.1111656,0.009436808,-0.8699608,Negative
T0452,7827,Offensive language,All the bitches happy maybe one of his female friends can find him a bitvj,all the bitches happy maybe one of his female friends can find him a bitvj,15,3,0,2,1,0.10092691,0.49665758,0.4024155,0.3014886,Neutral
T0453,7839,Offensive language,All the time lol RT @KoolAssK: Lol ima hoe sometimes,all the time lol rt lol ima hoe sometimes,9,3,0,3,0,0.31692845,0.5020866,0.1809849,-0.13594355,Neutral
T0454,7852,Offensive language,All these break ups gon be a crazy hoe free agency this summer #DOYOURGOOGLES,all these break ups gon be a crazy hoe free agency this summer doyourgoogles,14,3,0,3,0,0.73428816,0.23493093,0.030780897,-0.70350724,Negative
T0455,7856,Offensive language,"All these hoes fucking, but they don't want to seem like a hoe so you gotta hit em on the low.",all these hoes fucking but they don t want to seem like a hoe so you gotta hit em on the low,22,3,0,3,0,0.7377301,0.24377693,0.018492883,-0.7192372,Negative
T0456,7862,Offensive language,All these ratchet hoes be on tha same stuff !,all these ratchet hoes be on tha same stuff,9,3,0,3,0,0.7917418,0.1911493,0.017108921,-0.7746329,Negative
T0457,7880,Offensive language,"All you pussies is losers, all my niggas is winnin",all you pussies is losers all my niggas is winnin,10,3,0,3,0,0.5001555,0.35357094,0.14627358,-0.35388193,Negative
T0458,7891,Hate speech,"Almost got to see a white boy get beat around today, but he ran like a bitch.",almost got to see a white boy get beat around today but he ran like a bitch,17,3,2,1,0,0.9160089,0.07575671,0.008234379,-0.9077745,Negative
T0459,7905,Neither,"Also, it’s a hiccup to Jihadi propaganda: they portray themselves as the only ones willing to die for their cause.",also it s a hiccup to jihadi propaganda they portray themselves as the only ones willing to die for their cause,21,3,0,0,3,0.7195562,0.26577923,0.014664597,-0.7048916,Negative
T0460,7920,Neither,Amazing. You know what they say about birds of a feather http://t.co/mefmPB3aW5,amazing you know what they say about birds of a feather,11,3,0,0,3,0.0041492432,0.026396994,0.9694538,0.96530455,Positive
T0461,7927,Neither,Amo hangs http://t.co/h8UQDrjeCb,amo hangs,2,3,0,1,2,0.048424304,0.8407419,0.11083374,0.06240944,Neutral
T0462,7949,Offensive language,And get my self a bad bitch thats loyal and one hunnid,and get my self a bad bitch thats loyal and one hunnid,12,3,0,3,0,0.08609753,0.38417897,0.5297235,0.443626,Positive
T0463,7983,Offensive language,"And you adopted bitch? I don't give a fuck what kind of ""Mental illness"" they claimin imma kill ya",and you adopted bitch i don t give a fuck what kind of mental illness they claimin imma kill ya,20,3,1,2,0,0.94883215,0.045597464,0.0055703847,-0.94326174,Negative
T0464,7989,Hate speech,Ankles 💀😂“@Saina_faal: “@martian_Mulah: Hood bitches with long weave is the worst thing ever” weave that be touching their ashy ankles 😷”,ankles hood bitches with long weave is the worst thing ever weave that be touching their ashy ankles,18,3,2,1,0,0.90266687,0.08338821,0.013944957,-0.8887219,Negative
T0465,8039,Offensive language,As a man ... I feel like you a bitch if you living off a female . Havin her buy all yo shit fucc that never be dependent on someone,as a man i feel like you a bitch if you living off a female havin her buy all yo shit fucc that never be dependent on someone,28,3,0,3,0,0.8972686,0.09660127,0.006130095,-0.8911385,Negative
T0466,8050,Offensive language,Asha my bitch doe 😩👌,asha my bitch doe,4,3,0,3,0,0.022780638,0.1400292,0.8371902,0.81440955,Positive
T0467,8055,Offensive language,Ask your bitch about me she turns into dori. 🐠,ask your bitch about me she turns into dori,9,3,0,3,0,0.7303426,0.23953576,0.030121641,-0.700221,Negative
T0468,8060,Offensive language,At least ima a faithful bitch 😌,at least ima a faithful bitch,6,3,0,3,0,0.08529396,0.3507728,0.5639333,0.47863936,Positive
T0469,8087,Neither,Aye a nicca is tired tho!,aye a nicca is tired tho,6,3,0,1,2,0.1650202,0.61616516,0.21881467,0.053794473,Neutral
T0470,8088,Offensive language,Aye it's a lot of niggas out here that can't fuck a bad bitch unless they get her drunk smh #Preach,aye it s a lot of niggas out here that can t fuck a bad bitch unless they get her drunk smh preach,23,3,0,3,0,0.86232215,0.12428695,0.013390979,-0.8489312,Negative
T0471,8143,Offensive language,Bad bitches is the only thing that I like!!!!!! #BBLU this Saturday #BBLU #SuedeLounge #RICHGIRLS,bad bitches is the only thing that i like bblu this saturday bblu suedelounge richgirls,15,3,0,3,0,0.079787105,0.17405911,0.7461537,0.6663666,Positive
T0472,8148,Offensive language,Bad blood in the camp & if it's bout a bitch just know I don't respect it homie,bad blood in the camp if it s bout a bitch just know i don t respect it homie,19,3,0,3,0,0.9022855,0.0902469,0.0074676145,-0.8948179,Negative
T0473,8180,Offensive language,Be a dog to these bitches bt be a KING TO YA QUEEN ',be a dog to these bitches bt be a king to ya queen,13,3,0,3,0,0.09285696,0.42568892,0.4814541,0.38859713,Positive
T0474,8186,Neither,Beans that were yellow before Friday night are brown now-a few green leaves curled-frost but not freeze-bean size reduced - top end shrinks,beans that were yellow before friday night are brown now a few green leaves curled frost but not freeze bean size reduced top end shrinks,25,3,0,0,3,0.46919522,0.51034725,0.020457525,-0.44873768,Neutral
T0475,8189,Offensive language,Beat the pussy in so well her shit still hurting from a week ago,beat the pussy in so well her shit still hurting from a week ago,14,3,0,3,0,0.77476144,0.16975632,0.055482183,-0.7192792,Negative
T0476,8194,Offensive language,Because a nigguh but don't mean you're pussy is bomb,because a nigguh but don t mean you re pussy is bomb,12,3,1,2,0,0.573138,0.33427104,0.09259102,-0.48054698,Negative
T0477,8195,Offensive language,"Because at your local insurance agency, the customer is ALWAYS our bitch. #itakeshitfromnoone 👏",because at your local insurance agency the customer is always our bitch itakeshitfromnoone,13,3,0,3,0,0.90672165,0.07933118,0.01394708,-0.8927746,Negative
T0478,8217,Offensive language,Being single and not texting no bitches late night almost wacker than coming home after the club drunk and fuckin your girlfriend,being single and not texting no bitches late night almost wacker than coming home after the club drunk and fuckin your girlfriend,22,3,0,3,0,0.67628837,0.29655513,0.027156439,-0.64913195,Negative
T0479,8219,Offensive language,Believe in the heart of the cards bitch.,believe in the heart of the cards bitch,8,3,0,3,0,0.24142851,0.57172424,0.18684725,-0.054581255,Neutral
T0480,8239,Neither,Big Red and fat squaw ...lol my hubby is so funny!! #insidejoke,big red and fat squaw lol my hubby is so funny insidejoke,12,3,0,1,2,0.013667903,0.07707171,0.9092604,0.8955925,Positive
T0481,8249,Neither,Big night of 🏀 #hoosiers #iubb #big10 and #pacers #nba #indiana #hoosierstate #paulgeorge #codyzeller http://t.co/UFmje1gk,big night of hoosiers iubb big and pacers nba indiana hoosierstate paulgeorge codyzeller,13,3,0,0,3,0.003999984,0.4849005,0.5110996,0.50709957,Positive
T0482,8252,Offensive language,Biggest booth I ever seen lastnight bitch had a leopard print jumper on look like an over weight leopard,biggest booth i ever seen lastnight bitch had a leopard print jumper on look like an over weight leopard,19,3,0,3,0,0.82729995,0.1375356,0.03516442,-0.79213554,Negative
T0483,8265,Offensive language,Bitch and who the fuck r u am speak when the fuck I feel like it and stop a pussy ass Nigga and box the fuck up,bitch and who the fuck r u am speak when the fuck i feel like it and stop a pussy ass nigga and box the fuck up,27,3,1,2,0,0.9177862,0.07201907,0.010194711,-0.90759146,Negative
T0484,8297,Offensive language,Bitches be sounding damnear retarded on tbh videos 😂😂😂 nbs,bitches be sounding damnear retarded on tbh videos nbs,9,6,1,5,0,0.89333665,0.09328283,0.013380542,-0.8799561,Negative
T0485,8316,Offensive language,"Bitches swear up and down they pussy the best, but ain't.",bitches swear up and down they pussy the best but ain t,12,3,0,3,0,0.73461807,0.19431433,0.071067624,-0.66355044,Negative
T0486,8327,Offensive language,Blac Chyna's ass should've threw him off first of all. It's wop sided and those cheek piercing trashy as hell.,blac chyna s ass should ve threw him off first of all it s wop sided and those cheek piercing trashy as hell,23,3,0,3,0,0.92931926,0.06404744,0.006633322,-0.9226859,Negative
T0487,8352,Offensive language,"Bomb your house, Then fuck your bitch. All hail Al Qaeda",bomb your house then fuck your bitch all hail al qaeda,11,3,0,3,0,0.8974787,0.08407863,0.018442659,-0.87903607,Negative
T0488,8355,Offensive language,Boosie ran this hoe,boosie ran this hoe,4,3,0,3,0,0.53210044,0.40797764,0.059921872,-0.47217858,Negative
T0489,8357,Offensive language,Bored then a hoe in the auditorium 😭🔫 hmu! http://t.co/V8tgqHEAg8,bored then a hoe in the auditorium hmu,8,3,0,3,0,0.59569806,0.3172494,0.08705254,-0.50864553,Negative
T0490,8378,Offensive language,Bout to unfollow all the bitches I follow currently and follow all new bitches. I need change in my life and I feel like that's a good start,bout to unfollow all the bitches i follow currently and follow all new bitches i need change in my life and i feel like that s a good start,29,3,0,3,0,0.26373228,0.4621686,0.27409905,0.010366768,Neutral
T0491,8408,Neither,Brilliant job by @NelsonCanache to limp it back to the pits without causing a yellow. Wish he didn't need to though. #PLM,brilliant job by to limp it back to the pits without causing a yellow wish he didn t need to though plm,22,3,0,0,3,0.074503474,0.24693052,0.678566,0.6040625,Positive
T0492,8418,Offensive language,Broke bitches make me sick,broke bitches make me sick,5,3,1,2,0,0.9054045,0.08250953,0.012086003,-0.89331853,Negative
T0493,8431,Offensive language,Bruh I'm ready to get this four wheeler that bitch is fast asf,bruh i m ready to get this four wheeler that bitch is fast asf,14,3,0,3,0,0.04597815,0.10533764,0.84868425,0.8027061,Positive
T0494,8436,Offensive language,Bruh went so hard on that bitch he deserves pimp of the year,bruh went so hard on that bitch he deserves pimp of the year,13,3,0,3,0,0.3218381,0.27889216,0.39926967,0.07743156,Positive
T0495,8470,Offensive language,But Carl is a bitch 😎,but carl is a bitch,5,3,0,2,1,0.7333822,0.20526224,0.061355554,-0.6720267,Negative
T0496,8492,Offensive language,But this emotional shit is absolutely for the birds.....,but this emotional shit is absolutely for the birds,9,3,0,3,0,0.91376483,0.07748967,0.008745504,-0.90501934,Negative
T0497,8499,Offensive language,"But you love me, you don't wanna be with nobody else, blah blah.. Bullshit fa the birds..",but you love me you don t wanna be with nobody else blah blah bullshit fa the birds,18,3,0,3,0,0.5836205,0.31239298,0.103986524,-0.47963396,Negative
T0498,8513,Neither,California has gangs because California is trash.,california has gangs because california is trash,7,3,0,1,2,0.9383383,0.0546207,0.007041004,-0.9312973,Negative
T0499,8524,Offensive language,Calling it am early night heartache is a bitch #broken,calling it am early night heartache is a bitch broken,10,3,0,3,0,0.9245037,0.06624795,0.009248326,-0.91525537,Negative
T0500,8525,Neither,"Calling out teabaggers, conservatives on their BS: http://t.co/l8Qx8RMjrG via @YouTube",calling out teabaggers conservatives on their bs via,8,3,0,0,3,0.56909347,0.4075388,0.02336768,-0.54572576,Negative
T0501,8551,Offensive language,Can these birds shut the fuck up,can these birds shut the fuck up,7,3,0,3,0,0.9273199,0.06104115,0.011638997,-0.9156809,Negative
T0502,8613,Neither,Cardinals score 1st. They lead 1-0 in the top 3rd with birds on base. #NLCS #SFvsSTL,cardinals score st they lead in the top rd with birds on base nlcs sfvsstl,15,3,0,0,3,0.0042761723,0.8479153,0.14780855,0.14353238,Neutral
T0503,8631,Offensive language,"Cay said ""well bitch I THOT you was on house arrest so you ain't walking NO WHERE!"" 😂😭😂OMG I hate her",cay said well bitch i thot you was on house arrest so you ain t walking no where omg i hate her,22,3,1,2,0,0.9138113,0.076783195,0.009405395,-0.90440595,Negative
T0504,8643,Offensive language,Change the game on u bitches😎,change the game on u bitches,6,3,0,3,0,0.3953237,0.4338683,0.17080803,-0.22451566,Neutral
T0505,8648,Neither,Charlie Baker for Mass Gov..the most lib newspaper in most lib state supports 'R' for Gov! DoG http://t.co/DRSXOzTRUI via @BostonGlobe,charlie baker for mass gov the most lib newspaper in most lib state supports r for gov dog via,19,3,0,0,3,0.0070546544,0.737969,0.25497636,0.2479217,Neutral
T0506,8675,Offensive language,Charlie not fukin around in Austin.. Every week somebody getting kicked off the team.,charlie not fukin around in austin every week somebody getting kicked off the team,14,3,0,3,0,0.9254584,0.068394944,0.006146765,-0.9193116,Negative
T0507,8683,Offensive language,Check his hoe for I check her 💯💁🙅👏,check his hoe for i check her,7,3,0,3,0,0.4025033,0.4864229,0.111073874,-0.29142943,Neutral
T0508,8697,Hate speech,"Chill RT @PhillyTheBoss If I ever become president Imma ban Henny from America..... For a Day, just to see you negroes panic. ""gotcha bitch""",chill rt if i ever become president imma ban henny from america for a day just to see you negroes panic gotcha bitch,23,3,3,0,0,0.8750978,0.107998446,0.016903725,-0.8581941,Negative
T0509,8717,Offensive language,Citi field bitches http://t.co/gHxXmb3M,citi field bitches,3,3,1,2,0,0.5037205,0.41943267,0.07684681,-0.4268737,Negative
T0510,8722,Offensive language,CleanUp bitch i just got off the phone with em!,cleanup bitch i just got off the phone with em,10,3,0,3,0,0.65932006,0.29133105,0.049348917,-0.60997117,Negative
T0511,8727,Offensive language,Clown ass nigguh,clown ass nigguh,3,3,0,3,0,0.8534692,0.12497786,0.02155296,-0.8319162,Negative
T0512,8743,Offensive language,"Come on Tank, break dem hoes backs!",come on tank break dem hoes backs,7,3,0,2,1,0.20398413,0.40862703,0.3873888,0.18340467,Neutral
T0513,8750,Offensive language,"Completely off topic, idgaf about that pretty hoe tho",completely off topic idgaf about that pretty hoe tho,9,3,0,3,0,0.8168161,0.16270743,0.020476423,-0.7963397,Negative
T0514,8773,Offensive language,Cousins looking for bitches I hope RT @TheOnlyReed: THE FUCK IS THIS? http://t.co/jLrApkDlYs,cousins looking for bitches i hope rt the fuck is this,11,3,0,3,0,0.8399714,0.14858472,0.01144388,-0.82852757,Negative
T0515,8777,Offensive language,Crangrape > good pussy,crangrape good pussy,3,3,0,3,0,0.046102345,0.18264624,0.7712514,0.72514904,Positive
T0516,8786,Offensive language,Cruise's recent comments make him a bigger douchebag than Charlie Sheen & he didn't even have any 'Tiger Blood',cruise s recent comments make him a bigger douchebag than charlie sheen he didn t even have any tiger blood,20,3,1,2,0,0.91718984,0.07677163,0.006038643,-0.9111512,Negative
T0517,8801,Offensive language,"Currently, ‘Sup twat licker’",currently sup twat licker,4,3,0,3,0,0.66814303,0.3072481,0.024608856,-0.6435342,Negative
T0518,8836,Neither,Dad called me a border hopper,dad called me a border hopper,6,3,0,0,3,0.35236663,0.57759637,0.070036955,-0.28232968,Neutral
T0519,8848,Offensive language,Damn I hate a bitch that like to argue and shit,damn i hate a bitch that like to argue and shit,11,3,0,3,0,0.9327613,0.059021376,0.008217353,-0.924544,Negative
T0520,8861,Offensive language,Damn change change niccas,damn change change niccas,4,6,1,5,0,0.6431408,0.32394406,0.032915212,-0.61022556,Negative
T0521,8867,Offensive language,Damn rednecks outside shooting guns keep waking my kids up. No sleep for us tonight. Thanks #2A! Work at 8am is going to be so great...,damn rednecks outside shooting guns keep waking my kids up no sleep for us tonight thanks a work at am is going to be so great,26,3,0,2,1,0.78225964,0.14911516,0.06862524,-0.7136344,Negative
T0522,8876,Offensive language,Damn who knew this whole time that I was the angry negro dude? http://t.co/sp5zRUFvkL,damn who knew this whole time that i was the angry negro dude,13,6,1,3,2,0.7480166,0.22519578,0.026787592,-0.721229,Negative
T0523,8877,Offensive language,Damn you a hoe,damn you a hoe,4,3,1,2,0,0.8389394,0.13673975,0.024320912,-0.8146185,Negative
T0524,8891,Offensive language,Dat bitch mouth made da honor roll,dat bitch mouth made da honor roll,7,3,0,3,0,0.80182946,0.1715989,0.026571676,-0.77525777,Negative
T0525,8903,Offensive language,Dawg ass hoes,dawg ass hoes,3,3,0,2,1,0.8144072,0.1536096,0.031983167,-0.7824241,Negative
T0526,8959,Offensive language,Dick game make a faithful bitch start cheat in,dick game make a faithful bitch start cheat in,9,3,0,3,0,0.5293153,0.38255838,0.0881264,-0.4411889,Negative
T0527,8966,Offensive language,Did la mulatta just refer to herself as a darkie? @thejournalista @huny @gwarbucks @tygress,did la mulatta just refer to herself as a darkie,10,3,0,3,0,0.24855815,0.7363522,0.015089677,-0.23346847,Neutral
T0528,8978,Offensive language,"Difference between ""niggers"" and ""niggas"". #Tupac my OG 💯 https://t.co/L2Fm9cFgFW",difference between niggers and niggas tupac my og,8,3,0,3,0,0.025259992,0.40167105,0.5730689,0.54780895,Positive
T0529,9037,Neither,Don't follow the astros they said. They're trash they said. Well now look at them #astros,don t follow the astros they said they re trash they said well now look at them astros,18,3,0,1,2,0.9143348,0.0785814,0.007083796,-0.907251,Negative
T0530,9046,Offensive language,Don't judge me.. i am vindictive and vengeful when it comes to bitches disrespecting me.,don t judge me i am vindictive and vengeful when it comes to bitches disrespecting me,16,3,0,3,0,0.8865351,0.10378005,0.009684785,-0.8768503,Negative
T0531,9055,Offensive language,"Don't love yo bitch, just fuck yo bitch when I got time to do it",don t love yo bitch just fuck yo bitch when i got time to do it,16,3,0,3,0,0.7515976,0.20743844,0.0409639,-0.7106337,Negative
T0532,9060,Offensive language,Don't no nigga want an artificial bitch ... Let me repeat that.... Not one !!!,don t no nigga want an artificial bitch let me repeat that not one,14,3,0,3,0,0.8845015,0.10139537,0.014103176,-0.87039834,Negative
T0533,9088,Offensive language,Down to catch a body bitch!,down to catch a body bitch,6,3,0,3,0,0.70938915,0.22332871,0.06728215,-0.642107,Negative
T0534,9090,Neither,"Drake T.I“@MsBTxo “@_sirhampton_ 3 Stacks, Kendrick RT @xHollywoodCourt: Name a rapper that alot of people like...but you think is trash””",drake t i stacks kendrick rt name a rapper that alot of people like but you think is trash,19,3,0,1,2,0.35173017,0.6010119,0.04725797,-0.3044722,Neutral
T0535,9091,Offensive language,Drake gets the bitches,drake gets the bitches,4,3,0,3,0,0.33131412,0.5038173,0.16486856,-0.16644555,Neutral
T0536,9098,Offensive language,"Dress like a hoe, I'm goin at you like a hoe just like any other nite. Forget Halloween.",dress like a hoe i m goin at you like a hoe just like any other nite forget halloween,19,3,0,3,0,0.40379113,0.39854178,0.19766715,-0.20612398,Negative
T0537,9107,Offensive language,Drop dead gorgeous a bitch ain't dying for a nigga,drop dead gorgeous a bitch ain t dying for a nigga,11,3,0,3,0,0.1952547,0.18794952,0.6167958,0.4215411,Positive
T0538,9118,Offensive language,Dude said 1:30 bitch I took a whole nap before my 5:30 midterms,dude said bitch i took a whole nap before my midterms,11,4,0,3,1,0.69138396,0.28567427,0.02294175,-0.6684422,Negative
T0539,9134,Offensive language,Dumb ass student gets trapped in a giant #pussy sculpture http://t.co/5IzMLkvZZV #germany #wtf #funny #hornymen,dumb ass student gets trapped in a giant pussy sculpture germany wtf funny hornymen,14,3,0,3,0,0.8706282,0.11111233,0.018259412,-0.8523688,Negative
T0540,9139,Offensive language,Dumb bitches are one thing that'll never become extinct..,dumb bitches are one thing that ll never become extinct,10,3,0,3,0,0.9155655,0.07195907,0.012475485,-0.90309,Negative
T0541,9145,Offensive language,Dwight could've had me instead of that ugly young hoe😩,dwight could ve had me instead of that ugly young hoe,11,3,0,3,0,0.86467063,0.118778765,0.016550625,-0.84812003,Negative
T0542,9151,Offensive language,EJ wanna be Michael Sam bitch so bad.,ej wanna be michael sam bitch so bad,8,4,0,4,0,0.83830416,0.1448782,0.01681767,-0.8214865,Negative
T0543,9163,Neither,Early bird gets the worm!,early bird gets the worm,5,3,0,0,3,0.014821227,0.29928374,0.6858951,0.67107385,Positive
T0544,9168,Offensive language,Easy Congo! RT @80sbaby4life Fuckin faggot RT @HumbltonBanks: All though I eat my lunch on the road frequently,easy congo rt fuckin faggot rt all though i eat my lunch on the road frequently,16,3,1,2,0,0.8369526,0.1385663,0.024481077,-0.81247157,Negative
T0545,9184,Neither,Egypt? R the muzzie Bros still running things? .@PeterClifford1: @TurtleWoman777 Only a tad better. Certainly no respectors of Dem though,egypt r the muzzie bros still running things only a tad better certainly no respectors of dem though,18,3,0,0,3,0.40424407,0.54571754,0.050038412,-0.35420567,Neutral
T0546,9208,Offensive language,Even bitches with bad attitudes bumpin to our tunes.. They high maintenance.,even bitches with bad attitudes bumpin to our tunes they high maintenance,12,3,0,3,0,0.86373055,0.12503442,0.011235085,-0.8524955,Negative
T0547,9220,Offensive language,Ever pop a bag of chips and that bitch bust open on the end facing the fuckin floor,ever pop a bag of chips and that bitch bust open on the end facing the fuckin floor,18,3,0,2,1,0.90422535,0.087002546,0.008772096,-0.8954533,Negative
T0548,9231,Offensive language,Every nigga tryna fuck the next nigga bitch but not knowing his bitch is the next nigga bitch,every nigga tryna fuck the next nigga bitch but not knowing his bitch is the next nigga bitch,18,3,0,3,0,0.67763287,0.29681894,0.025548158,-0.6520847,Negative
T0549,9247,Offensive language,Everybody fucking everybody bitch 🙌💨💨✌️👐👏👎🙅everybody with the shit ....that's LIFE 💥💭,everybody fucking everybody bitch everybody with the shit that s life,11,6,0,6,0,0.92790824,0.061725874,0.010365869,-0.9175424,Negative
T0550,9293,Offensive language,Facebook is for fags,facebook is for fags,4,3,0,3,0,0.8487585,0.13361855,0.017622909,-0.83113563,Negative
T0551,9304,Offensive language,Falls in that pussy like quick sand 😌,falls in that pussy like quick sand,7,3,1,2,0,0.082349665,0.38575202,0.53189826,0.4495486,Positive
T0552,9308,Neither,Fantasy squad doing so trash :/,fantasy squad doing so trash,5,3,0,0,3,0.94299394,0.051472425,0.00553365,-0.9374603,Negative
T0553,9309,Offensive language,Fat Trel that niggah 👌,fat trel that niggah,4,3,1,2,0,0.02466954,0.13498332,0.84034723,0.8156777,Positive
T0554,9357,Neither,Finding cheap 240s on Craigslist but they all need a new tranny 😩😔,finding cheap s on craigslist but they all need a new tranny,12,3,0,1,2,0.82885766,0.15631172,0.014830648,-0.814027,Negative
T0555,9364,Offensive language,Finna favorite my last tweet so niccas will kno I been knew wassup,finna favorite my last tweet so niccas will kno i been knew wassup,13,4,0,4,0,0.031580307,0.72107905,0.24734068,0.21576038,Neutral
T0556,9380,Offensive language,Fizz a whole hoe outchea see would of been walking,fizz a whole hoe outchea see would of been walking,10,3,0,3,0,0.8131972,0.16834633,0.018456416,-0.7947408,Negative
T0557,9383,Hate speech,"Flaming faggots that publicly state how they want everything handed to them... Like fuck you dude, get off your bottom ass and do something",flaming faggots that publicly state how they want everything handed to them like fuck you dude get off your bottom ass and do something,24,3,2,1,0,0.9423638,0.05185181,0.0057842913,-0.9365795,Negative
T0558,9384,Neither,Flappy bird instead of studying? Sounds great.😏 😫#flappybirdisruiningmylife,flappy bird instead of studying sounds great flappybirdisruiningmylife,8,3,0,0,3,0.14763999,0.22512856,0.6272315,0.4795915,Positive
T0559,9387,Neither,Flappy bird stresses me out,flappy bird stresses me out,5,3,0,0,3,0.9283786,0.062270787,0.009350604,-0.919028,Negative
T0560,9413,Offensive language,"For guys ?bros over hoes?. For girls ?chicks over dicks?. For me, it?s ?whoever has my back over the fake ass people, any day?",for guys bros over hoes for girls chicks over dicks for me it s whoever has my back over the fake ass people any day,25,3,0,3,0,0.23723933,0.5987572,0.16400348,-0.073235855,Neutral
T0561,9428,Neither,Four hoûrs to back up this iPhone haha... Jokes 😒,four ho rs to back up this iphone haha jokes,10,3,0,0,3,0.47004193,0.37790263,0.15205543,-0.3179865,Negative
T0562,9430,Offensive language,Freak hoes,freak hoes,2,3,0,3,0,0.77414227,0.19279407,0.03306368,-0.7410786,Negative
T0563,9460,Neither,Friends don't let friends become guidos. #themoreyouknow,friends don t let friends become guidos themoreyouknow,8,3,0,1,2,0.0893713,0.7518523,0.1587765,0.069405206,Neutral
T0564,9498,Hate speech,Fuck ass redskin corners,fuck ass redskin corners,4,3,2,1,0,0.90194684,0.08222181,0.01583129,-0.88611555,Negative
T0565,9530,Hate speech,Fuck that nigga's shit up! Olivia's pussy got Fitz going batshit!!!,fuck that nigga s shit up olivia s pussy got fitz going batshit,13,3,2,1,0,0.94302076,0.046876874,0.010102307,-0.9329184,Negative
T0566,9531,Offensive language,Fuck that niggah he so weak he cant tell that you a freak,fuck that niggah he so weak he cant tell that you a freak,13,6,0,6,0,0.9269243,0.06282476,0.010251011,-0.9166733,Negative
T0567,9547,Offensive language,Fuck this fuckin bitch and her stupid analysis bullshit,fuck this fuckin bitch and her stupid analysis bullshit,9,6,1,5,0,0.9514833,0.04035273,0.008163899,-0.94331944,Negative
T0568,9616,Offensive language,"GIRL! Trying to put dem bitches on, too! RT @CeeisMee: In AutoZone trying to buy the correct wiper blades for my car http://t.co/tifQceESts",girl trying to put dem bitches on too rt in autozone trying to buy the correct wiper blades for my car,21,3,0,3,0,0.25409073,0.6034961,0.14241326,-0.11167747,Neutral
T0569,9618,Offensive language,GOAT RT @DBlockDeuce_215 Nitty had bitches rubbin his beard and stomach at the same time in Jollies.. LEGENDARY,goat rt nitty had bitches rubbin his beard and stomach at the same time in jollies legendary,17,3,0,3,0,0.04190516,0.3218663,0.63622856,0.5943234,Positive
T0570,9623,Neither,"GUYS, I just walked into an office, and the secretary has a bird. Looks like I may just find out for myself. http://t.co/T9U4VGWJWv",guys i just walked into an office and the secretary has a bird looks like i may just find out for myself,22,3,0,0,3,0.09724697,0.7035438,0.19920921,0.101962246,Neutral
T0571,9629,Offensive language,Gabby's a bitch and has three accounts,gabby s a bitch and has three accounts,8,3,0,3,0,0.9222576,0.07097547,0.006766938,-0.9154907,Negative
T0572,9632,Offensive language,"GahDamn I got bitches, damn I got bitches, damn I got bitches, wifey, girlfriend, and mistress!!",gahdamn i got bitches damn i got bitches damn i got bitches wifey girlfriend and mistress,16,3,0,3,0,0.26616183,0.32054245,0.41329578,0.14713395,Positive
T0573,9679,Neither,Getting off twitter jigg trynna stress me out more I don't need this type of heat😩,getting off twitter jigg trynna stress me out more i don t need this type of heat,17,3,0,0,3,0.8867667,0.10460926,0.00862414,-0.87814254,Negative
T0574,9687,Offensive language,Gimme my grade bitch you know wat I'm trying to spell,gimme my grade bitch you know wat i m trying to spell,12,3,0,3,0,0.65792567,0.2884301,0.053644277,-0.60428137,Negative
T0575,9715,Hate speech,God I would sell both my nuts to watch LeBron tear his ACL right now and watch all those pussies kill themselves,god i would sell both my nuts to watch lebron tear his acl right now and watch all those pussies kill themselves,22,3,2,1,0,0.9183721,0.067783706,0.01384423,-0.90452784,Negative
T0576,9752,Neither,"Good day, honkies. ...I said GOOD DAY! ...honkies.",good day honkies i said good day honkies,8,3,0,1,2,0.0030345868,0.016299317,0.9806661,0.9776315,Positive
T0577,9758,Offensive language,Good morning Monday I have my truck money full tank and I didn't do any homework. Your my bitch Monday,good morning monday i have my truck money full tank and i didn t do any homework your my bitch monday,21,3,0,3,0,0.3297063,0.24674098,0.42355275,0.09384644,Positive
T0578,9764,Neither,Good pick birds,good pick birds,3,3,0,0,3,0.03782161,0.1937685,0.7684099,0.7305883,Positive
T0579,9769,Offensive language,"Good weed, bad bitch. Got these hoes on my dick like Brad Pitt.",good weed bad bitch got these hoes on my dick like brad pitt,13,4,0,4,0,0.4139998,0.31152317,0.27447698,-0.13952282,Negative
T0580,9770,Neither,"Good! She's a ghetto thug! “@grasswire: ""So FPD just arrested @SenNasheed for being in the street. #Ferguson” https://t.co/puIwlUnBIz”",good she s a ghetto thug so fpd just arrested for being in the street ferguson,16,3,0,0,3,0.8851142,0.10509898,0.009786852,-0.87532735,Negative
T0581,9791,Neither,Got chunky marmalade today of a greatful customer for my service over the past 2 yrs #PostieTweet #ServiceMatters http://t.co/pSEnGvyxrw,got chunky marmalade today of a greatful customer for my service over the past yrs postietweet servicematters,17,3,0,0,3,0.0054162787,0.03341637,0.96116734,0.95575106,Positive
T0582,9799,Offensive language,"Got my shit changed doe , find the PW now bitches ! Haha",got my shit changed doe find the pw now bitches haha,11,3,0,3,0,0.04953226,0.6099422,0.34052563,0.29099336,Neutral
T0583,9806,Neither,Got to 18 on flappy bird...,got to on flappy bird,5,3,0,0,3,0.023623105,0.6728169,0.30356005,0.27993694,Neutral
T0584,9819,Hate speech,"Gotta love rednecks. Loud, stupid, stubborn, and full o schitt.",gotta love rednecks loud stupid stubborn and full o schitt,10,3,2,0,1,0.87546587,0.09088506,0.033649087,-0.8418168,Negative
T0585,9825,Offensive language,Gotta watch these hoes 👀,gotta watch these hoes,4,6,1,5,0,0.14424919,0.7466527,0.10909812,-0.035151064,Neutral
T0586,9863,Offensive language,"HOT ISIS SOCIAL MEDIA PHOTO: Laughing Jihadis Get Baby To Kick Severed Head – ***warning, graphic*** http://t.co/7Zr8daxNg4 #tcot #pjnet",hot isis social media photo laughing jihadis get baby to kick severed head warning graphic tcot pjnet,17,9,2,4,3,0.6400136,0.34356204,0.01642438,-0.6235892,Negative
T0587,9879,Offensive language,Haha I'll shoot you and that bitch I guess my gun is bi,haha i ll shoot you and that bitch i guess my gun is bi,14,3,1,2,0,0.8026753,0.1600714,0.03725331,-0.765422,Negative
T0588,9891,Offensive language,Hahahaa so people can't parent differently...? Twitter is fuckin trash ahahahha http://t.co/b6koSBMzBz,hahahaa so people can t parent differently twitter is fuckin trash ahahahha,12,3,0,3,0,0.9420589,0.051323786,0.0066173044,-0.9354416,Negative
T0589,9925,Offensive language,Happy birthday fag @collin_geer love ya,happy birthday fag love ya,5,4,1,2,1,0.00561863,0.01329191,0.9810894,0.9754708,Positive
T0590,9932,Offensive language,Happy birthday to the biggest retard out there. Youre my favorite retard though @jennahnorberg happy birthday nigs,happy birthday to the biggest retard out there youre my favorite retard though happy birthday nigs,16,3,1,2,0,0.0859451,0.08752099,0.82653385,0.7405888,Positive
T0591,9984,Offensive language,He called me just to say he was deleting my number.... bitch please.,he called me just to say he was deleting my number bitch please,13,3,0,3,0,0.88851523,0.10492312,0.006561667,-0.88195354,Negative
T0592,10012,Neither,He so trash RT @yusufyuie Cary Williamsc GOT CARRIED lol,he so trash rt cary williamsc got carried lol,9,3,0,0,3,0.886344,0.10437332,0.009282668,-0.87706137,Negative
T0593,10032,Offensive language,Heard you gotta new bitch. See ya postin' up thinkin' that it's making me sick.,heard you gotta new bitch see ya postin up thinkin that it s making me sick,16,3,0,3,0,0.9035534,0.085900724,0.010545913,-0.8930075,Negative
T0594,10041,Offensive language,"Hell yuhh they hit haha s/o ma nigga, gmula! Cheweing one takes a chug, then sniffey",hell yuhh they hit haha s o ma nigga gmula cheweing one takes a chug then sniffey,17,3,0,3,0,0.0479628,0.14377344,0.80826384,0.76030105,Positive
T0595,10050,Offensive language,Her pussy clean but she dance dirty..,her pussy clean but she dance dirty,7,3,0,3,0,0.37238187,0.5622032,0.06541495,-0.3069669,Neutral
T0596,10070,Neither,"Hey if I stir a Spider, Rockstar, and Monster together and chug it, would I /definitely/ be hospitalized or just maybe? Asking for a friend",hey if i stir a spider rockstar and monster together and chug it would i definitely be hospitalized or just maybe asking for a friend,25,3,0,0,3,0.22057381,0.741492,0.037934165,-0.18263964,Neutral
T0597,10080,Neither,"Hi Charlie, eating leftover candy? @Charlie4927 @StacyDmomof5 @RevkahJC @cantUCIMblonde @Kacado @PattiSM74",hi charlie eating leftover candy,5,3,0,0,3,0.019596228,0.78735733,0.1930464,0.17345017,Neutral
T0598,10103,Offensive language,Hit my car with another rock and I'll be all over your ass in no time bitch.,hit my car with another rock and i ll be all over your ass in no time bitch,18,3,1,2,0,0.8851084,0.092685506,0.022206107,-0.8629023,Negative
T0599,10119,Offensive language,Hoes be like my niggas can't have no hoes... but that how he meet yo ass!,hoes be like my niggas can t have no hoes but that how he meet yo ass,17,3,0,3,0,0.6176773,0.34158674,0.040736,-0.57694125,Negative
T0600,10123,Offensive language,Hoes gon always be hoes or have they hoe ways at least.,hoes gon always be hoes or have they hoe ways at least,12,3,0,3,0,0.74138844,0.24215779,0.01645374,-0.7249347,Negative
T0601,10144,Offensive language,"Holy fuck. White bitch with ""4 baby daddy"" straight goes ""who uses condoms anyways"" Bitch maybe you should so you'd stay outta the clinic!",holy fuck white bitch with baby daddy straight goes who uses condoms anyways bitch maybe you should so you d stay outta the clinic,24,3,0,3,0,0.93091273,0.061377928,0.007709284,-0.92320347,Negative
T0602,10152,Offensive language,Honestly at this point I doubt I'd fuck Miley Cyrus anymore that bitch is a mess.,honestly at this point i doubt i d fuck miley cyrus anymore that bitch is a mess,17,3,1,2,0,0.9317632,0.061041463,0.0071953367,-0.9245678,Negative
T0603,10167,Neither,Houston has so many trash drivers,houston has so many trash drivers,6,3,0,1,2,0.9371202,0.054998968,0.007880859,-0.92923933,Negative
T0604,10173,Offensive language,How are you gonna be a cunt to your friends,how are you gonna be a cunt to your friends,10,3,0,3,0,0.85223556,0.13887708,0.008887398,-0.84334815,Negative
T0605,10193,Neither,How is Angry Birds the movie going to work? They're just floating bird heads?,how is angry birds the movie going to work they re just floating bird heads,15,3,0,0,3,0.84452665,0.14578304,0.009690296,-0.83483636,Negative
T0606,10210,Offensive language,How you fucc for cash but u not a hoe ???? And how I'm going to respect u if your poccets broke ??????,how you fucc for cash but u not a hoe and how i m going to respect u if your poccets broke,22,3,0,3,0,0.8171337,0.17112336,0.011742964,-0.8053908,Negative
T0607,10237,Offensive language,I Fucken can't stand little cunts that write a damn Essay on how the feel about something on Facebook. #gross,i fucken can t stand little cunts that write a damn essay on how the feel about something on facebook gross,21,3,1,2,0,0.9478074,0.04600828,0.0061843563,-0.94162303,Negative
T0608,10265,Offensive language,I ain't stressin you hoes. Know dat 💅💁👄,i ain t stressin you hoes know dat,8,3,0,3,0,0.3510949,0.45269927,0.19620585,-0.15488905,Neutral
T0609,10311,Offensive language,I based niggas on how they bitch look 😂😂😂,i based niggas on how they bitch look,8,3,0,3,0,0.5431187,0.38777938,0.0691019,-0.47401682,Negative
T0610,10317,Offensive language,I be like nigga you's a real mark ass bitch for that lol,i be like nigga you s a real mark ass bitch for that lol,14,3,0,3,0,0.7472837,0.20775537,0.044960875,-0.70232284,Negative
T0611,10318,Offensive language,I be like... bitch please. lol http://t.co/PNVmaacWY0,i be like bitch please lol,6,3,0,3,0,0.522222,0.3474665,0.13031153,-0.39191043,Negative
T0612,10324,Offensive language,"I be seein you bitches in the whip wit your boyfriend but he be lookin like your dad so I be eye ballin, then here comes ole salty ass bf",i be seein you bitches in the whip wit your boyfriend but he be lookin like your dad so i be eye ballin then here comes ole salty ass bf,30,3,0,3,0,0.56430393,0.397988,0.03770803,-0.5265959,Negative
T0613,10347,Offensive language,"I been with the same STUD for a year....That bitch, her attitude nasty.",i been with the same stud for a year that bitch her attitude nasty,14,3,0,3,0,0.9192006,0.06873443,0.012064953,-0.90713567,Negative
T0614,10359,Offensive language,I bought a 357 and went back to the neighborhood and busted that bitch!,i bought a and went back to the neighborhood and busted that bitch,13,3,1,2,0,0.32372686,0.42583647,0.25043663,-0.07329023,Neutral
T0615,10363,Offensive language,I called at least 20 times to make my hair appointment and these bitches don't pick -.- guess I have to stop in to make an appointment #Grrr,i called at least times to make my hair appointment and these bitches don t pick guess i have to stop in to make an appointment grrr,27,3,0,3,0,0.8988514,0.09120874,0.009939864,-0.88891155,Negative
T0616,10401,Neither,I can't play flappy bird. It makes me angry.,i can t play flappy bird it makes me angry,10,3,0,0,3,0.9456108,0.047898572,0.0064906576,-0.9391202,Negative
T0617,10410,Offensive language,I can't talk to anyone but you can go answer little.phone calls from your little bitches on the low in the bathroom foh,i can t talk to anyone but you can go answer little phone calls from your little bitches on the low in the bathroom foh,25,3,0,3,0,0.8251334,0.16060355,0.014263084,-0.8108703,Negative
T0618,10419,Offensive language,I can't with this disrespect ass bitches,i can t with this disrespect ass bitches,8,6,0,6,0,0.93579096,0.055214565,0.008994436,-0.9267965,Negative
T0619,10427,Offensive language,I copped a Uzi but I need some bullets for that bitch !,i copped a uzi but i need some bullets for that bitch,12,6,0,6,0,0.3724916,0.5029269,0.12458156,-0.24791004,Neutral
T0620,10428,Offensive language,I could NEVER bring myself to fw a bitch or nigga that wears EVERYBODY else shit like um no YOUR BROKE & bummy ya fuccing boof 😂😭✋😩,i could never bring myself to fw a bitch or nigga that wears everybody else shit like um no your broke bummy ya fuccing boof,25,3,0,3,0,0.9180999,0.07264474,0.009255389,-0.9088445,Negative
T0621,10430,Offensive language,I could blank all you son's of bitches out #getatme #goofy #fuckmongo #naynayismongo,i could blank all you son s of bitches out getatme goofy fuckmongo naynayismongo,14,3,0,3,0,0.9291165,0.05822355,0.012660028,-0.91645646,Negative
T0622,10444,Offensive language,"I despise clichés... you aint original bitch, you are a copy. #deleted",i despise clich s you aint original bitch you are a copy deleted,13,3,0,3,0,0.9399286,0.05314571,0.006925719,-0.9330029,Negative
T0623,10480,Offensive language,I don't fuck with these niggas cause they shady I don't fuck with these bitches all they want is to have my baby,i don t fuck with these niggas cause they shady i don t fuck with these bitches all they want is to have my baby,25,6,2,4,0,0.79157853,0.19190323,0.016518254,-0.7750603,Negative
T0624,10509,Offensive language,I don't love you hoes.,i don t love you hoes,6,6,0,6,0,0.8925063,0.09387019,0.013623503,-0.8788828,Negative
T0625,10518,Offensive language,I don't trust no bitch ... I dog em out,i don t trust no bitch i dog em out,10,3,1,2,0,0.8475058,0.13891867,0.013575626,-0.8339302,Negative
T0626,10527,Offensive language,I don't want no boof hoes or no burnt girls !,i don t want no boof hoes or no burnt girls,11,3,0,3,0,0.8347922,0.14944242,0.015765408,-0.81902677,Negative
T0627,10529,Neither,I don't want to deal with yesterday's trash! There's a reason it got thrown out in the first place,i don t want to deal with yesterday s trash there s a reason it got thrown out in the first place,22,3,0,0,3,0.93960583,0.05469266,0.00570155,-0.9339043,Negative
T0628,10551,Offensive language,"I dress how I feel, if I felt like a bitch id dress like one",i dress how i feel if i felt like a bitch id dress like one,15,3,0,3,0,0.47925106,0.46907717,0.05167188,-0.42757916,Negative
T0629,10553,Offensive language,I eat generic Oreos.. Baller with a budget bitch.,i eat generic oreos baller with a budget bitch,9,3,0,3,0,0.75362724,0.2110349,0.03533791,-0.7182893,Negative
T0630,10564,Offensive language,I feel like a swag fag w this shirt lmao http://t.co/P2x2qbejOh,i feel like a swag fag w this shirt lmao,10,3,0,3,0,0.025168125,0.15120725,0.82362455,0.79845643,Positive
T0631,10569,Offensive language,"I feel like this hoe owe me something ..,",i feel like this hoe owe me something,8,3,0,3,0,0.8907137,0.10029757,0.00898869,-0.881725,Negative
T0632,10581,Offensive language,"I find it hard to believe cee-lo raping hoes, it's too easy to get them panties off when you successful",i find it hard to believe cee lo raping hoes it s too easy to get them panties off when you successful,22,3,0,3,0,0.8554807,0.1339733,0.01054607,-0.8449346,Negative
T0633,10598,Offensive language,"I fucking hate this fucking neighborhood, these fuckin bitches have someone over everyday ya3ne.",i fucking hate this fucking neighborhood these fuckin bitches have someone over everyday ya ne,15,3,1,2,0,0.9617072,0.032752704,0.005540154,-0.95616704,Negative
T0634,10599,Hate speech,I fucking hate you niggers bruh... http://t.co/OeTK4f94BO,i fucking hate you niggers bruh,6,3,2,1,0,0.9524445,0.03892803,0.008627482,-0.943817,Negative
T0635,10612,Offensive language,"I got 2 bitches if them bitches snitching then finger itchin. shot em the kitchen, Makem wash the dishes.",i got bitches if them bitches snitching then finger itchin shot em the kitchen makem wash the dishes,18,3,0,3,0,0.6879082,0.2839902,0.028101668,-0.6598065,Negative
T0636,10633,Offensive language,I got bad bitches on stand by,i got bad bitches on stand by,7,3,0,3,0,0.69038785,0.27080968,0.038802482,-0.65158534,Negative
T0637,10652,Offensive language,"I got my own legacy bitches, fuck yall legacy @ChavoDaGreat @JacobRyanBruhn",i got my own legacy bitches fuck yall legacy,9,3,0,3,0,0.7012358,0.25069264,0.04807154,-0.6531642,Negative
T0638,10673,Offensive language,I gotta admit i used tell bitches everything they wanted to hear Bighead change my ways a lil bit,i gotta admit i used tell bitches everything they wanted to hear bighead change my ways a lil bit,19,3,0,3,0,0.27662274,0.6248748,0.098502405,-0.17812034,Neutral
T0639,10677,Offensive language,I gotta bottle of liq at the crib when I get off I'm hitting dat bitch bare😩... the liq dat is!!!,i gotta bottle of liq at the crib when i get off i m hitting dat bitch bare the liq dat is,22,3,0,3,0,0.100993596,0.24240457,0.65660185,0.5556083,Positive
T0640,10680,Neither,I grew to hate blonde and primary colored weaves but that wouldn't stop me from requesting some good mouthwork.,i grew to hate blonde and primary colored weaves but that wouldn t stop me from requesting some good mouthwork,20,3,0,0,3,0.7051022,0.25294247,0.04195536,-0.66314685,Negative
T0641,10694,Neither,I had froyo with brownies for dinner tonight. Being an adult is making these executive decisions,i had froyo with brownies for dinner tonight being an adult is making these executive decisions,16,3,0,0,3,0.02051516,0.4141666,0.5653182,0.5448031,Positive
T0642,10701,Offensive language,I hardly text back so these hoes love to phone me,i hardly text back so these hoes love to phone me,11,3,0,3,0,0.54652905,0.39805776,0.05541325,-0.4911158,Negative
T0643,10703,Neither,I hate Hashtag activism. No lie. I think 95% of it is trash.,i hate hashtag activism no lie i think of it is trash,12,3,0,0,3,0.94732624,0.044786155,0.007887642,-0.9394386,Negative
T0644,10704,Offensive language,"I hate a "" think she know how to out head type bitch foh """,i hate a think she know how to out head type bitch foh,13,3,0,3,0,0.8974311,0.0928548,0.00971408,-0.887717,Negative
T0645,10709,Offensive language,"I hate a extra ass bitch or an extra ass nigga . you're doing too much , just stop . It's unnecessary .",i hate a extra ass bitch or an extra ass nigga you re doing too much just stop it s unnecessary,21,3,1,2,0,0.9436266,0.049361143,0.0070123165,-0.9366143,Negative
T0646,10739,Offensive language,I hate pulling into stores. Niggas be staring like they never seen a bitch drive a car with rims and a system. .,i hate pulling into stores niggas be staring like they never seen a bitch drive a car with rims and a system,22,3,0,3,0,0.8616591,0.12531494,0.013025984,-0.8486331,Negative
T0647,10746,Offensive language,I hate texting boring bitches,i hate texting boring bitches,5,3,0,3,0,0.912435,0.07604831,0.011516683,-0.9009183,Negative
T0648,10747,Neither,I hate that I wake up early the morning after I drink. But the fact that there was a cold yellow gatorade in the fridge gets me so happy,i hate that i wake up early the morning after i drink but the fact that there was a cold yellow gatorade in the fridge gets me so happy,29,3,0,0,3,0.13502112,0.20189391,0.6630849,0.5280638,Positive
T0649,10768,Offensive language,"I hate when bitches ""been thinking"" smh",i hate when bitches been thinking smh,7,3,0,3,0,0.8984019,0.09392777,0.0076702563,-0.89073163,Negative
T0650,10783,Offensive language,"I hate when girls say ""forever alone"" like shut up your ""forever a hoe"" not forever alone so shut up before I get your dick breath on me",i hate when girls say forever alone like shut up your forever a hoe not forever alone so shut up before i get your dick breath on me,28,3,1,2,0,0.93202305,0.062614344,0.005362647,-0.9266604,Negative
T0651,10785,Offensive language,"I hate when hoes tweet about ""hoes""...? Okay, that aint hypocritical",i hate when hoes tweet about hoes okay that aint hypocritical,11,3,0,3,0,0.8731562,0.11678057,0.010063249,-0.86309296,Negative
T0652,10787,Offensive language,I hate when my best friend gets a new bitch and barely chills with me,i hate when my best friend gets a new bitch and barely chills with me,15,3,0,3,0,0.91800195,0.073583975,0.008414059,-0.9095879,Negative
T0653,10828,Offensive language,"I heard rumors of a vile, hideous, traitorous bitch named Pelosi parading around w/ illegal aliens while Vets get the shaft. #bloodboiling",i heard rumors of a vile hideous traitorous bitch named pelosi parading around w illegal aliens while vets get the shaft bloodboiling,22,3,0,3,0,0.94872206,0.046356793,0.0049211443,-0.9438009,Negative
T0654,10867,Neither,I just need the Yankees to win the pennant!,i just need the yankees to win the pennant,9,3,0,0,3,0.009508897,0.111386396,0.87910473,0.8695958,Positive
T0655,10868,Offensive language,I just need to know what that pussy like so one time is fine with me - drizzy lol,i just need to know what that pussy like so one time is fine with me drizzy lol,18,3,0,3,0,0.13966374,0.5551618,0.30517438,0.16551064,Neutral
T0656,10900,Offensive language,I know I talk a lot of shit but bitch best believe I can back that shit up.,i know i talk a lot of shit but bitch best believe i can back that shit up,18,3,0,3,0,0.66137487,0.26028574,0.07833937,-0.58303547,Negative
T0657,10901,Neither,"I know I'm a hillbilly, but is there anything better than a big pot of beans and cornbread? Little hot sauce on top.",i know i m a hillbilly but is there anything better than a big pot of beans and cornbread little hot sauce on top,24,3,0,1,2,0.019816797,0.09530073,0.88488245,0.86506563,Positive
T0658,10931,Offensive language,I let hoes make it too much,i let hoes make it too much,7,6,0,6,0,0.6877407,0.28086537,0.03139401,-0.6563467,Negative
T0659,10936,Offensive language,I like a hoe that like a hoe just for my amusement,i like a hoe that like a hoe just for my amusement,12,3,0,3,0,0.305342,0.5068537,0.18780436,-0.11753763,Neutral
T0660,10957,Neither,I like the Yankees toinight -107 http://t.co/J4rhaMBu,i like the yankees toinight,5,3,0,0,3,0.003161803,0.090442635,0.9063955,0.9032337,Positive
T0661,10966,Offensive language,I look better on your bitch than her outfit on my floor @justinmiculka01 #myboy,i look better on your bitch than her outfit on my floor myboy,13,3,0,3,0,0.18695973,0.31396785,0.4990725,0.31211275,Positive
T0662,10985,Offensive language,I love bad bitches thats my fuckin problem forreal real shit i cant even help it,i love bad bitches thats my fuckin problem forreal real shit i cant even help it,16,3,0,3,0,0.7812314,0.11421031,0.104558356,-0.67667305,Negative
T0663,10992,Offensive language,I love going to @Walmart and looking at #guns with my wife. We talk about them in Spanish as the rednecks stare at us and reconsider #2A.,i love going to and looking at guns with my wife we talk about them in spanish as the rednecks stare at us and reconsider a,26,3,1,2,0,0.03034642,0.14912221,0.82053137,0.790185,Positive
T0664,10997,Offensive language,I love how people use twitter to just bitch an complain #fuckyou,i love how people use twitter to just bitch an complain fuckyou,12,3,0,3,0,0.8690098,0.091503136,0.039487034,-0.8295227,Negative
T0665,10999,Neither,I love jigg jigg😂,i love jigg jigg,4,3,0,0,3,0.0045566475,0.019017676,0.9764257,0.97186905,Positive
T0666,11009,Offensive language,I love this ho @nerissaloren http://t.co/I5obSnjj,i love this ho,4,3,0,3,0,0.0038818002,0.010677955,0.9854402,0.9815584,Positive
T0667,11010,Offensive language,I love to eat pussy! #love #investment,i love to eat pussy love investment,7,3,0,3,0,0.008027258,0.021362364,0.9706104,0.9625831,Positive
T0668,11029,Offensive language,"I mean if a bitch whilin out, she gone get knocked tf out",i mean if a bitch whilin out she gone get knocked tf out,13,3,0,3,0,0.7438906,0.23091766,0.025191756,-0.7186988,Negative
T0669,11040,Offensive language,"I miss her but I can't bitch I was the one who fucked up, whatever",i miss her but i can t bitch i was the one who fucked up whatever,16,3,0,3,0,0.9149226,0.07772712,0.007350277,-0.9075723,Negative
T0670,11084,Neither,I nicknamed Lux Coach K because without him we would of never heard of Duke lol Charlie,i nicknamed lux coach k because without him we would of never heard of duke lol charlie,17,3,0,0,3,0.2313,0.5971212,0.17157882,-0.05972117,Neutral
T0671,11090,Offensive language,I only wanna see bad bitches on snap chat,i only wanna see bad bitches on snap chat,9,3,0,3,0,0.8254362,0.15845829,0.016105527,-0.80933064,Negative
T0672,11107,Offensive language,I realized Tacal is a bitch,i realized tacal is a bitch,6,3,0,3,0,0.87579995,0.11120552,0.012994588,-0.86280537,Negative
T0673,11110,Offensive language,I really can't stand while people slander shit 90% trash,i really can t stand while people slander shit trash,10,3,0,3,0,0.94742566,0.046187215,0.00638712,-0.94103855,Negative
T0674,11137,Offensive language,"I remember when it was ""watch out for her, she has cooties!"" Now, it's ""stay away from that hoe, she has herpes.""",i remember when it was watch out for her she has cooties now it s stay away from that hoe she has herpes,23,6,0,6,0,0.8393203,0.13572884,0.024950812,-0.8143695,Negative
T0675,11165,Offensive language,"I should probs shave my spic stash soon, its kinda getting out of hand",i should probs shave my spic stash soon its kinda getting out of hand,14,3,0,3,0,0.6909497,0.29113194,0.017918298,-0.6730314,Negative
T0676,11179,Offensive language,I spent my whole 4th lookin for my hoes.. Missed the fireworks and all before I realized I didn't have any hoes.. #AllBad,i spent my whole th lookin for my hoes missed the fireworks and all before i realized i didn t have any hoes allbad,24,3,0,3,0,0.8099942,0.1591946,0.030811142,-0.7791831,Negative
T0677,11197,Offensive language,I swear I worry about me and nothing's but me. I keep no other bitch on my radar.... I'm not gay.... 🆗,i swear i worry about me and nothing s but me i keep no other bitch on my radar i m not gay,23,3,1,2,0,0.3965798,0.48049766,0.1229225,-0.2736573,Neutral
T0678,11268,Neither,"I told her too. I said ""bri don't get in tweef with anyone because you're trash at it"" and then she goes and tweefs with like 6 freshman",i told her too i said bri don t get in tweef with anyone because you re trash at it and then she goes and tweefs with like freshman,29,3,0,1,2,0.7914743,0.19688177,0.011643952,-0.77983034,Negative
T0679,11320,Offensive language,I want to paint but faggot won't paint with me...,i want to paint but faggot won t paint with me,11,3,0,3,0,0.86355495,0.12573281,0.010712236,-0.8528427,Negative
T0680,11327,Offensive language,I was at a red light on decatur & lake mead & some bitch that knew me was too happy to see me😂like bitch was finna get in my passenger seat,i was at a red light on decatur lake mead some bitch that knew me was too happy to see me like bitch was finna get in my passenger seat,30,3,0,3,0,0.2055563,0.3711162,0.4233275,0.2177712,Positive
T0681,11342,Offensive language,"I was kidding guys I don't have hoes, don't let @Lov3Tadaisha lie to y'all.",i was kidding guys i don t have hoes don t let lie to y all,16,3,0,3,0,0.41675332,0.5104854,0.0727612,-0.3439921,Neutral
T0682,11371,Offensive language,I wish I had a reason to buy a suit for a wedding but clearly bitches dont know what those are.,i wish i had a reason to buy a suit for a wedding but clearly bitches dont know what those are,21,3,0,3,0,0.6935548,0.2647372,0.041707966,-0.6518468,Negative
T0683,11378,Offensive language,I wish a bitch COULD,i wish a bitch could,5,3,0,3,0,0.7264162,0.21693927,0.05664454,-0.6697716,Negative
T0684,11388,Offensive language,I wish people could just be straight up with me. Don't be a fake bitch to me because I'm not a fake bitch to you. Or anyone actually.,i wish people could just be straight up with me don t be a fake bitch to me because i m not a fake bitch to you or anyone actually,30,3,0,3,0,0.7319002,0.22175948,0.046340313,-0.6855599,Negative
T0685,11411,Offensive language,"I would call you a bitch, but that's frowned upon.",i would call you a bitch but that s frowned upon,11,3,0,3,0,0.8820869,0.1106741,0.0072390838,-0.87484777,Negative
T0686,11419,Offensive language,I would love to not be hit with the jig for once in my fucking life,i would love to not be hit with the jig for once in my fucking life,16,3,0,3,0,0.8649251,0.091067106,0.04400787,-0.8209172,Negative
T0687,11436,Offensive language,I'd have to go off on a bitch,i d have to go off on a bitch,9,3,0,3,0,0.84302324,0.13068101,0.026295781,-0.81672746,Negative
T0688,11446,Offensive language,I'll NEVER let a broke bitch influence me 😴,i ll never let a broke bitch influence me,9,3,0,3,0,0.8063785,0.16186978,0.031751715,-0.7746268,Negative
T0689,11503,Neither,"I'm a redneck, but without the homophobia and racism",i m a redneck but without the homophobia and racism,10,3,1,0,2,0.5391014,0.40799618,0.052902468,-0.48619896,Negative
T0690,11519,Neither,"I'm an 18 year old gay driving through the back roads of redneck Virginia blasting Cheetah Girls. If that doesn't scream sitcom, what does?",i m an year old gay driving through the back roads of redneck virginia blasting cheetah girls if that doesn t scream sitcom what does,25,3,0,1,2,0.40291148,0.47949874,0.117589705,-0.28532177,Neutral
T0691,11527,Offensive language,I'm bout to be.back on my old shit I miss my hoes texting me saying they wanna come see me,i m bout to be back on my old shit i miss my hoes texting me saying they wanna come see me,22,3,0,3,0,0.16342866,0.5030151,0.33355618,0.17012751,Neutral
T0692,11562,Offensive language,I'm getting tired of you telling what the fuck I'm doing every time I'm doing something lol. -peckerwood guy,i m getting tired of you telling what the fuck i m doing every time i m doing something lol peckerwood guy,22,3,0,3,0,0.8875483,0.100940734,0.011510965,-0.87603736,Negative
T0693,11580,Offensive language,I'm happy I ain't that bitch I use to be,i m happy i ain t that bitch i use to be,12,3,0,3,0,0.2926215,0.25359362,0.45378485,0.16116336,Positive
T0694,11618,Offensive language,I'm not BROKE 👐🙅👎💤 bitch I'm BLESSED 🙌🙏🙏👍👍👌✌️💯,i m not broke bitch i m blessed,8,3,0,3,0,0.017786149,0.039976917,0.9422369,0.92445076,Positive
T0695,11631,Neither,I'm not really a phone kinda guy.. I actually hate talking on the phone & texting kinda trash to me also.,i m not really a phone kinda guy i actually hate talking on the phone texting kinda trash to me also,21,3,0,0,3,0.87508047,0.113503665,0.011415857,-0.8636646,Negative
T0696,11638,Offensive language,"I'm off work, where the naked hoes and alcohol?",i m off work where the naked hoes and alcohol,10,3,0,3,0,0.23367842,0.6558934,0.110428266,-0.12325015,Neutral
T0697,11656,Offensive language,I'm ready to bounce out dis bitch -.-,i m ready to bounce out dis bitch,8,3,0,3,0,0.8373827,0.13048293,0.032134462,-0.8052482,Negative
T0698,11666,Offensive language,I'm serious bruh! She's too pretty I would eat both her pussy & butt 😭,i m serious bruh she s too pretty i would eat both her pussy butt,15,3,0,3,0,0.028559307,0.03559374,0.9358469,0.9072876,Positive
T0699,11673,Offensive language,I'm sick of you hoes for real I got somebody that looks up to me so I ain't bout no pussy shit.,i m sick of you hoes for real i got somebody that looks up to me so i ain t bout no pussy shit,24,4,1,3,0,0.7637092,0.16501974,0.07127108,-0.6924381,Negative
T0700,11676,Offensive language,I'm so excited to hang out with my bitches @CheralynVB @LaurieMcKinley,i m so excited to hang out with my bitches,10,3,0,3,0,0.002143408,0.0076004034,0.99025625,0.98811287,Positive
T0701,11677,Offensive language,I'm so faded my nigga I'm about to disappear in this bitch,i m so faded my nigga i m about to disappear in this bitch,14,3,0,3,0,0.81897944,0.14216058,0.038860064,-0.78011936,Negative
T0702,11687,Offensive language,I'm sorry but why should I care about what bitch my nigga was fucking w before me,i m sorry but why should i care about what bitch my nigga was fucking w before me,18,3,0,3,0,0.88593644,0.108127214,0.005936335,-0.8800001,Negative
T0703,11688,Offensive language,I'm sorry.. I'm sorry.. I can't fuc wit u no mo hoe.. and I'm sorry 😂,i m sorry i m sorry i can t fuc wit u no mo hoe and i m sorry,19,3,0,3,0,0.92143816,0.06981407,0.008747753,-0.9126904,Negative
T0704,11700,Offensive language,I'm talkin bout superb punching. The ref wAs on some hoe shit against Carlton Haywood. Dude took a full minute of unanswered @Royceda59,i m talkin bout superb punching the ref was on some hoe shit against carlton haywood dude took a full minute of unanswered,23,3,0,3,0,0.6368041,0.27966973,0.0835261,-0.553278,Negative
T0705,11734,Neither,I've never had a Twinkie.,i ve never had a twinkie,6,3,0,0,3,0.28035647,0.586334,0.13330959,-0.14704688,Neutral
T0706,11744,Neither,ISIS Jihadis Discuss ‘Buying And Selling’ Yezidi Girls As Slaves http://t.co/UoPgIPOpWS #tcot #pjnet,isis jihadis discuss buying and selling yezidi girls as slaves tcot pjnet,12,3,0,1,2,0.48196834,0.51017904,0.007852617,-0.47411573,Neutral
T0707,11768,Offensive language,Idk how bitches trust other bitches sooo easily. I still have the same friends.,idk how bitches trust other bitches sooo easily i still have the same friends,14,3,0,3,0,0.5691844,0.40046215,0.030353388,-0.53883106,Negative
T0708,11772,Offensive language,"Idk who tf Roro & Sophie are, but I'm glad they got bitches twerkin for the vine in they whips",idk who tf roro sophie are but i m glad they got bitches twerkin for the vine in they whips,20,3,0,3,0,0.5666514,0.3475594,0.085789196,-0.4808622,Negative
T0709,11781,Offensive language,If Dj Khaled eats Nicki Minaj's pussy he finna taste everyone in the rap industry,if dj khaled eats nicki minaj s pussy he finna taste everyone in the rap industry,16,3,0,2,1,0.28447625,0.6179062,0.097617574,-0.18685868,Neutral
T0710,11789,Neither,"If I ever committ a crime, you can cite LVL as being the sole influence.",if i ever committ a crime you can cite lvl as being the sole influence,15,3,0,1,2,0.6403291,0.34179842,0.017872414,-0.6224567,Negative
T0711,11799,Offensive language,If I smoke with ya bitch its over,if i smoke with ya bitch its over,8,3,0,3,0,0.75981534,0.21479028,0.02539446,-0.7344209,Negative
T0712,11802,Neither,If I were a kid today...Michelle Obama's lunch would wind up in the trash can,if i were a kid today michelle obama s lunch would wind up in the trash can,17,3,0,0,3,0.7685942,0.20345968,0.027946126,-0.7406481,Negative
T0713,11806,Offensive language,If I'm sharing my nigga with every other bitch why tf do I want him. He ain't no longer special. The heck.,if i m sharing my nigga with every other bitch why tf do i want him he ain t no longer special the heck,24,3,0,3,0,0.8482694,0.14157617,0.01015446,-0.8381149,Negative
T0714,11808,Offensive language,If Kubiak was a player they'd pump him with painkillers and tell him to stop being a pussy.,if kubiak was a player they d pump him with painkillers and tell him to stop being a pussy,19,3,0,3,0,0.9113652,0.079795144,0.008839676,-0.90252554,Negative
T0715,11812,Offensive language,If a bitch choosin let her choose lmao that is all !,if a bitch choosin let her choose lmao that is all,11,3,0,3,0,0.591354,0.3777077,0.030938286,-0.56041574,Negative
T0716,11827,Offensive language,If anxiety was a person I'd kill that bitch so fuckin fast.,if anxiety was a person i d kill that bitch so fuckin fast,13,3,0,3,0,0.9433816,0.045475364,0.011142938,-0.9322387,Negative
T0717,11861,Offensive language,If she dont appreciate that and say yes. The bitch aint real.,if she dont appreciate that and say yes the bitch aint real,12,3,0,3,0,0.8335842,0.15147302,0.014942775,-0.8186414,Negative
T0718,11883,Offensive language,If this bitch don't turn Crash in 😡👊🔫,if this bitch don t turn crash in,8,3,0,3,0,0.8898806,0.090526626,0.01959281,-0.8702878,Negative
T0719,11888,Offensive language,If u a bitch an i hadddd u i wouldnt give a fuck if Chris brown bagged u bitch i had u already lol,if u a bitch an i hadddd u i wouldnt give a fuck if chris brown bagged u bitch i had u already lol,24,3,0,3,0,0.90200233,0.08909794,0.00889965,-0.8931027,Negative
T0720,11890,Offensive language,If u bad niggas a really play nice to get to the pussy then... that ass gone 😂,if u bad niggas a really play nice to get to the pussy then that ass gone,17,3,1,2,0,0.75577617,0.22157912,0.022644743,-0.7331314,Negative
T0721,11924,Offensive language,If you don't fuck with @ChrisWebby your either A) slackin B) a turd burgular C) a pussy face. or D) all of the above #WhichIsIt ?,if you don t fuck with your either a slackin b a turd burgular c a pussy face or d all of the above whichisit,25,3,0,3,0,0.8762623,0.11259553,0.0111421505,-0.8651202,Negative
T0722,11943,Offensive language,"If you hang with hoes, you're a hoe by association. If you try and debate this, you're a hoe. If you get offended by this, you're a hoe.💯",if you hang with hoes you re a hoe by association if you try and debate this you re a hoe if you get offended by this you re a hoe,31,3,0,3,0,0.9117786,0.081316814,0.0069045746,-0.904874,Negative
T0723,11953,Neither,"If you must call me a cracker, please call me a Cheez-It, not a saltine.",if you must call me a cracker please call me a cheez it not a saltine,16,3,0,0,3,0.5326417,0.4155821,0.051776294,-0.48086542,Negative
T0724,11962,Hate speech,"If you say any of the following words the convo is over: nigger, nigga, swag, yolo, fag, retard.",if you say any of the following words the convo is over nigger nigga swag yolo fag retard,18,3,2,1,0,0.8797603,0.10951422,0.010725429,-0.8690349,Negative
T0725,11972,Neither,"If you think that the term #redskins being offensive is a political issue, you are ignorant.",if you think that the term redskins being offensive is a political issue you are ignorant,16,3,0,0,3,0.8993698,0.09501695,0.0056132507,-0.8937565,Negative
T0726,11976,Offensive language,If you was a bitch nigga in 2013 you still Gona be a bitch nigga in 2014 💯💯,if you was a bitch nigga in you still gona be a bitch nigga in,15,6,1,5,0,0.86893004,0.121183544,0.009886417,-0.8590436,Negative
T0727,12005,Offensive language,Ill fire that nina like its her first day on the job an the bitch over slept,ill fire that nina like its her first day on the job an the bitch over slept,17,3,0,3,0,0.87021065,0.112292476,0.017496876,-0.85271376,Negative
T0728,12007,Offensive language,Illist bitch alive,illist bitch alive,3,3,0,3,0,0.75374943,0.17748307,0.06876743,-0.684982,Negative
T0729,12031,Neither,Im in mickey ds and he gone ask for a double cheese burger wit no cheese!!! #FOH,im in mickey ds and he gone ask for a double cheese burger wit no cheese foh,17,3,0,0,3,0.5930375,0.34060797,0.06635459,-0.5266829,Negative
T0730,12038,Offensive language,"Im married to a retard, must be why we're so good together. Nigga hunching me in his sleep.",im married to a retard must be why we re so good together nigga hunching me in his sleep,19,3,1,2,0,0.8153352,0.14061846,0.04404641,-0.7712888,Negative
T0731,12051,Hate speech,Im soooooo tired of this dick dyke showing up on my fb feed. Real studs dont fucc niggas. Just be bisexual.,im soooooo tired of this dick dyke showing up on my fb feed real studs dont fucc niggas just be bisexual,21,3,2,1,0,0.9478285,0.046547953,0.0056236293,-0.94220483,Negative
T0732,12064,Offensive language,Im tired of these bitches actin like they loyal lol,im tired of these bitches actin like they loyal lol,10,6,0,6,0,0.8211362,0.1603636,0.018500226,-0.80263597,Negative
T0733,12086,Offensive language,Imma knock the pussy out like fight night,imma knock the pussy out like fight night,8,3,1,2,0,0.57516336,0.30869618,0.116140425,-0.45902294,Negative
T0734,12090,Offensive language,"In Hopes of Recruiting More Women, ISIS Opens Jihadi Finishing School http://t.co/nMua12yr2W http://t.co/qi1YqNmemw",in hopes of recruiting more women isis opens jihadi finishing school,11,3,0,2,1,0.14917624,0.8281015,0.022722289,-0.12645395,Neutral
T0735,12109,Offensive language,"In this update you will find lots of hardcore cock sucking, ass pounding and pussy pulsing thrills. I have to… http://t.co/LVODRmiwIh",in this update you will find lots of hardcore cock sucking ass pounding and pussy pulsing thrills i have to,20,3,0,3,0,0.11006605,0.42593226,0.46400172,0.35393566,Positive
T0736,12139,Offensive language,Ion like the ho cause she talk to mf much with ha real butt ugly ass dumb young ass ho 😩👊😊🔫🙏👏😒✌️,ion like the ho cause she talk to mf much with ha real butt ugly ass dumb young ass ho,20,3,0,3,0,0.93561375,0.055555373,0.008830867,-0.9267829,Negative
T0737,12150,Neither,Is Hillary the ‘dodo bird’ candidate? http://t.co/YfUbgwQ4tw via @worldnetdaily,is hillary the dodo bird candidate via,7,3,0,1,2,0.06369679,0.906068,0.030235237,-0.03346155,Neutral
T0738,12152,Offensive language,Is Wayne Brady gonna have to choke a bitch?,is wayne brady gonna have to choke a bitch,9,3,0,3,0,0.811065,0.17517035,0.013764573,-0.79730046,Negative
T0739,12189,Offensive language,"It already Soaked, Sinked, & Melted so dropped that's shit bitch IDGAF linc up or get caught 💯",it already soaked sinked melted so dropped that s shit bitch idgaf linc up or get caught,17,3,0,2,1,0.9322312,0.060527936,0.0072408207,-0.92499036,Negative
T0740,12197,Hate speech,"It happens AGAIN!! Black pack beats ""whitey."" This should make national news. http://t.co/izKoA2Xb",it happens again black pack beats whitey this should make national news,12,3,2,0,1,0.07374993,0.40740728,0.5188428,0.4450929,Positive
T0741,12198,Offensive language,It is fucking retarded how I can't say a single thing in this house without some blowback.,it is fucking retarded how i can t say a single thing in this house without some blowback,18,3,0,3,0,0.9420028,0.052074663,0.0059225787,-0.9360802,Negative
T0742,12203,Offensive language,It opened up with some clouds parting and with SILK----->Can we get a room on the southside of the ghetto!,it opened up with some clouds parting and with silk can we get a room on the southside of the ghetto,21,3,0,2,1,0.7098083,0.2679378,0.022253897,-0.6875544,Negative
T0743,12209,Offensive language,It seem like Cory talked to 75% of all indianapolis hoes 😂😂😂 nbs,it seem like cory talked to of all indianapolis hoes nbs,11,6,0,5,1,0.4282295,0.5159359,0.05583466,-0.37239486,Neutral
T0744,12345,Offensive language,Jax a hoe!,jax a hoe,3,3,0,3,0,0.7288259,0.2201462,0.05102785,-0.6777981,Negative
T0745,12364,Neither,Jihadi John beheader of journalist Foley and Sotloff Was 'Arab Charity Collector' http://t.co/RL7F2qV56F via @BreitbartNews,jihadi john beheader of journalist foley and sotloff was arab charity collector via,13,3,1,0,2,0.08962432,0.8936208,0.016754784,-0.07286954,Neutral
T0746,12389,Offensive language,Joes parties got hoes but it's always hot as hell,joes parties got hoes but it s always hot as hell,11,3,0,3,0,0.5636436,0.37545258,0.060903933,-0.50273967,Negative
T0747,12392,Neither,John McCain trashes Jay Carny live on CNN - #Syria #ISIS #Obama http://t.co/ZT690BkTrI,john mccain trashes jay carny live on cnn syria isis obama,11,3,0,0,3,0.48150977,0.50823075,0.010259491,-0.4712503,Neutral
T0748,12421,Neither,Just as trash as the others. Fixed none of my issues. RT @SheSeauxSaditty: Naw. RT @GlitteryGlossy: Anyone download ios 8.0.2 yet?,just as trash as the others fixed none of my issues rt naw rt anyone download ios yet,18,3,0,0,3,0.89786655,0.090259135,0.011874318,-0.8859922,Negative
T0749,12455,Offensive language,"Just passed my ex's neighborhood and came across the thought that, in the end, I was the side bitch.",just passed my ex s neighborhood and came across the thought that in the end i was the side bitch,20,6,0,6,0,0.6933033,0.29578018,0.010916536,-0.68238676,Negative
T0750,12461,Offensive language,"Just said cunt in front of this old lady, I kinda froze, then she yelled ""YEAH YOU TELL THAT CUNT!"" Is it too late in life to get adopted?",just said cunt in front of this old lady i kinda froze then she yelled yeah you tell that cunt is it too late in life to get adopted,29,3,0,3,0,0.8497978,0.13270976,0.017492408,-0.8323054,Negative
T0751,12475,Offensive language,Just stop being a hoe God dammit bitch it ain't that hard,just stop being a hoe god dammit bitch it ain t that hard,13,3,0,3,0,0.89648813,0.09138143,0.012130409,-0.88435775,Negative
T0752,12506,Offensive language,Karma is a bitch and usually comes around and goes around right? Or do some people just always catch the lucky breaks?,karma is a bitch and usually comes around and goes around right or do some people just always catch the lucky breaks,22,3,0,3,0,0.774755,0.21499814,0.010246832,-0.7645082,Negative
T0753,12530,Offensive language,Kenny lee gotta be da only light skin nicca dat eat Chitlins 😂😂,kenny lee gotta be da only light skin nicca dat eat chitlins,12,3,0,3,0,0.29286593,0.5809111,0.126223,-0.16664293,Neutral
T0754,12536,Hate speech,Kick dem fucc niccas out da spot,kick dem fucc niccas out da spot,7,3,2,1,0,0.80428964,0.16507596,0.03063446,-0.7736552,Negative
T0755,12548,Neither,Killing it at home! 🏀 #NBA #pacers #indiana #paulgeorge #hoosiers #basketball #hashtag #winning http://t.co/2qwEPnUx,killing it at home nba pacers indiana paulgeorge hoosiers basketball hashtag winning,12,3,0,0,3,0.0033970766,0.123566344,0.8730366,0.8696396,Positive
T0756,12565,Hate speech,Know why the ultimate warrior died? God LOVES fag #toosoon ? He was an anti-gay crusader so a little light jokes are necessary,know why the ultimate warrior died god loves fag toosoon he was an anti gay crusader so a little light jokes are necessary,23,3,2,1,0,0.7732932,0.18655491,0.04015193,-0.73314124,Negative
T0757,12589,Offensive language,LMAOO beans RT @ShamarGotHoes: this bitch is so stupid smh http://t.co/otonir2yEX,lmaoo beans rt this bitch is so stupid smh,9,3,0,3,0,0.9364623,0.055108782,0.00842898,-0.9280333,Negative
T0758,12594,Offensive language,"LMFAO, stupid bitch tells me at the door they already started, and to come back.😂😂 UMMMM NAH",lmfao stupid bitch tells me at the door they already started and to come back ummmm nah,17,3,0,3,0,0.9333649,0.058792707,0.0078423275,-0.9255226,Negative
T0759,12602,Neither,"LOL at the Benghazi ""hearings"" that proved nothing other than Republicans only care about taking down PBO. #foxnews #teabaggers",lol at the benghazi hearings that proved nothing other than republicans only care about taking down pbo foxnews teabaggers,19,3,0,1,2,0.875524,0.112795964,0.011680044,-0.8638439,Negative
T0760,12617,Neither,Lakers are a purple and yellow garbage can,lakers are a purple and yellow garbage can,8,3,0,0,3,0.9160537,0.07552364,0.008422639,-0.9076311,Negative
T0761,12647,Offensive language,Leave the bitchen to bitches,leave the bitchen to bitches,5,3,0,3,0,0.46763194,0.48160914,0.050759003,-0.41687292,Neutral
T0762,12657,Offensive language,"Lesbians all be like ""yo-ho and scissor me timbers!""",lesbians all be like yo ho and scissor me timbers,10,3,1,2,0,0.061187208,0.685646,0.25316682,0.19197962,Neutral
T0763,12674,Neither,Let the jig commence http://t.co/pqvJiEvqZa,let the jig commence,4,3,0,0,3,0.068898425,0.662584,0.26851755,0.19961913,Neutral
T0764,12693,Offensive language,Lets go hoes!! Its sing a long time!! You know the words.... trust an believe meeeeee,lets go hoes its sing a long time you know the words trust an believe meeeeee,16,3,0,3,0,0.0076159416,0.07233777,0.9200463,0.9124304,Positive
T0765,12701,Offensive language,Life ain't shit but bitches & money,life ain t shit but bitches money,7,3,0,3,0,0.8703546,0.11630653,0.013338909,-0.85701567,Negative
T0766,12714,Offensive language,Life's a bitch & then you die,life s a bitch then you die,7,3,0,3,0,0.907365,0.085296996,0.0073379674,-0.90002704,Negative
T0767,12724,Offensive language,"Like , hoes ain't gone be satisfied until some more bodies come up missing in Hattiesburg .. Let me be the FIRST to tell you!!!",like hoes ain t gone be satisfied until some more bodies come up missing in hattiesburg let me be the first to tell you,24,3,0,3,0,0.8455791,0.14298883,0.011431997,-0.8341471,Negative
T0768,12736,Offensive language,Like bitch you're a man. That means You don't show fear or pain. You be strong when others can't.,like bitch you re a man that means you don t show fear or pain you be strong when others can t,22,6,0,6,0,0.35163495,0.45238912,0.19597597,-0.15565898,Neutral
T0769,12778,Neither,Literally in the middle of the ghetto and these people look scary,literally in the middle of the ghetto and these people look scary,12,3,0,0,3,0.91973704,0.07091315,0.009349712,-0.91038734,Negative
T0770,12799,Neither,Lmao RT @MoeMartin44 The in soles in Reebok Classics can't even handle the diabetic weight Rick Ross holds,lmao rt the in soles in reebok classics can t even handle the diabetic weight rick ross holds,18,3,0,1,2,0.35989112,0.4632148,0.17689405,-0.18299706,Neutral
T0771,12813,Neither,"Lmao the shovel video is pretty awesome, she went down like a ton of bricks lol. Gotta love honky riff raff savages. That is all.",lmao the shovel video is pretty awesome she went down like a ton of bricks lol gotta love honky riff raff savages that is all,25,3,1,0,2,0.06590077,0.08123082,0.8528684,0.78696764,Positive
T0772,12855,Offensive language,Lmaoooooooo! RT @HeauxmerSimpson D'Angelo prolly nice as shit at Madden now. Lmao. Fat bitch.,lmaoooooooo rt d angelo prolly nice as shit at madden now lmao fat bitch,14,3,0,3,0,0.7685625,0.16784668,0.06359083,-0.7049717,Negative
T0773,12869,Offensive language,"Lmfao u sloth trinidad james with a relaxer lookin ass bitch""@Flowy_Bri: i hate niggers, imma start talking to white boys.""",lmfao u sloth trinidad james with a relaxer lookin ass bitch i hate niggers imma start talking to white boys,20,3,1,2,0,0.94484395,0.048727524,0.0064284713,-0.93841547,Negative
T0774,12880,Offensive language,Load this bitch up with Kool Aid,load this bitch up with kool aid,7,3,0,3,0,0.90136003,0.08347213,0.015167805,-0.8861922,Negative
T0775,12882,Neither,Log off nigger RT @PoloKingBC: #relationshipgoals http://t.co/Ge9koImYGj,log off nigger rt relationshipgoals,5,3,0,1,2,0.42414716,0.53424984,0.041602943,-0.38254422,Neutral
T0776,12891,Offensive language,Lol I never understood retards who use the atm and pay a $2 fee to get $20 and put it in gas so the don't pay the credit price -_-,lol i never understood retards who use the atm and pay a fee to get and put it in gas so the don t pay the credit price,28,6,1,4,1,0.85771096,0.13226086,0.01002824,-0.8476827,Negative
T0777,12899,Offensive language,"Lol RT @HURRICANESENSEI: @viaNAWF ""Just need to know what that pussy like so one time is fine with me""",lol rt just need to know what that pussy like so one time is fine with me,17,3,0,3,0,0.11719163,0.5809116,0.30189687,0.18470524,Neutral
T0778,12993,Offensive language,Love'em and hate 'em... «@my_shit_bit Big booty bitches.»,love em and hate em big booty bitches,8,3,0,3,0,0.5218903,0.3249551,0.15315463,-0.36873567,Negative
T0779,12994,Offensive language,"Lovin hoes but thats same bitch we put the pipe in. She suckin dick, thats the same bitch you give goodnight kiss",lovin hoes but thats same bitch we put the pipe in she suckin dick thats the same bitch you give goodnight kiss,22,3,0,3,0,0.873934,0.11037911,0.015686909,-0.85824704,Negative
T0780,12996,Offensive language,Lowkey got a Fan of my hoop skills at lbcc aha he my niggah now lol,lowkey got a fan of my hoop skills at lbcc aha he my niggah now lol,16,6,0,6,0,0.006697269,0.10644443,0.8868583,0.880161,Positive
T0781,13010,Offensive language,Macc & Cheese Maccin these bitches & Makin my Cheese😂😭😂,macc cheese maccin these bitches makin my cheese,8,3,0,3,0,0.22942969,0.6276221,0.14294817,-0.08648153,Neutral
T0782,13038,Hate speech,Man I swear today's like nation hit tony while he's driving day.... This chink almost smashed into me...,man i swear today s like nation hit tony while he s driving day this chink almost smashed into me,20,3,2,1,0,0.68592405,0.23849359,0.07558244,-0.6103416,Negative
T0783,13076,Offensive language,Mann.. Jada Pickett was a badddddd bitch #Lawd,mann jada pickett was a badddddd bitch lawd,8,3,0,3,0,0.8444148,0.12999688,0.025588391,-0.8188264,Negative
T0784,13092,Neither,"Mata'i ngeli, alu o polosi ho nifo..",mata i ngeli alu o polosi ho nifo,8,6,0,0,6,0.088450596,0.848882,0.062667444,-0.025783151,Neutral
T0785,13116,Offensive language,Me & my next bitch gone turn up on the fashion side. & we ain't wearing nun of that designer shit. That shit basic af,me my next bitch gone turn up on the fashion side we ain t wearing nun of that designer shit that shit basic af,24,3,0,3,0,0.3286755,0.46133763,0.20998694,-0.11868857,Neutral
T0786,13125,Offensive language,Me and my nigguh stay doin it,me and my nigguh stay doin it,7,3,0,3,0,0.019018598,0.3990738,0.5819075,0.5628889,Positive
T0787,13177,Hate speech,Minus all the retarded poor bots.,minus all the retarded poor bots,6,3,2,1,0,0.8995519,0.08985894,0.010589178,-0.88896275,Negative
T0788,13184,Neither,Mitt Romney hates big bird. Fascist.,mitt romney hates big bird fascist,6,3,0,0,3,0.89540684,0.09479126,0.009801952,-0.8856049,Negative
T0789,13188,Offensive language,Modern day singers talk about the same shit rappers talk about lol....hoes,modern day singers talk about the same shit rappers talk about lol hoes,13,6,0,6,0,0.72419107,0.2554486,0.02036028,-0.7038308,Negative
T0790,13221,Offensive language,Moreno be a little bitch. You dumb bitch.,moreno be a little bitch you dumb bitch,8,3,0,3,0,0.9371879,0.05330778,0.009504261,-0.92768365,Negative
T0791,13246,Offensive language,Murda mook #rip to that shit,murda mook rip to that shit,6,3,0,3,0,0.89345074,0.09391771,0.012631575,-0.88081914,Negative
T0792,13297,Offensive language,My bitch cold not average you couldn't fuck my last bitch,my bitch cold not average you couldn t fuck my last bitch,12,3,1,2,0,0.8323239,0.14262852,0.025047531,-0.80727637,Negative
T0793,13301,Offensive language,My bitch get on my nerves,my bitch get on my nerves,6,3,0,3,0,0.80869913,0.16568044,0.025620332,-0.7830788,Negative
T0794,13309,Offensive language,"My bitch work for chic fil and she says this is not real b ""@Dory: RT TO SAVE A LIFE http://t.co/5d42kQVo50""",my bitch work for chic fil and she says this is not real b rt to save a life,19,3,0,3,0,0.87161434,0.11852014,0.009865552,-0.8617488,Negative
T0795,13334,Offensive language,"My dad just said ""Karl was always the biggest pussy of all 3 of the kids, I'm sorry Karl, but... You're just a pussy"" I love my dad LMFAO",my dad just said karl was always the biggest pussy of all of the kids i m sorry karl but you re just a pussy i love my dad lmfao,30,3,0,3,0,0.7197384,0.17825514,0.10200641,-0.617732,Negative
T0796,13364,Offensive language,My hair is one of a kind so dont ever fix your mouth to say our hair is alike cause guess what hoe IT AINT.,my hair is one of a kind so dont ever fix your mouth to say our hair is alike cause guess what hoe it aint,25,3,1,2,0,0.35606954,0.36035123,0.28357917,-0.072490364,Neutral
T0797,13412,Neither,My nephew albino albinos have astigmatisms eye spasms partial blindness its not their faults,my nephew albino albinos have astigmatisms eye spasms partial blindness its not their faults,14,3,1,0,2,0.698627,0.28340352,0.017969538,-0.68065745,Negative
T0798,13422,Offensive language,My niccas was too Real fa these Streets #RIP Ike #Free Nwax http://t.co/0a2dy3vZkm,my niccas was too real fa these streets rip ike free nwax,12,3,1,2,0,0.32004374,0.46762213,0.21233408,-0.10770966,Neutral
T0799,13436,Offensive language,My nigga so stiff but his bitch even stiffer 💯👫💏👊.... Me that is 💯,my nigga so stiff but his bitch even stiffer me that is,12,3,0,3,0,0.13979521,0.42473963,0.4354652,0.29566997,Positive
T0800,13464,Offensive language,My sex game better than yo ex niggah,my sex game better than yo ex niggah,8,6,1,5,0,0.2359577,0.37467533,0.38936698,0.15340929,Positive
T0801,13470,Offensive language,My sister is such a bitch to me when she don't get her way,my sister is such a bitch to me when she don t get her way,15,3,0,3,0,0.92907965,0.063358024,0.0075623584,-0.9215173,Negative
T0802,13481,Offensive language,My teacher talm bout she would make every senior go to da army fa 2yrs 😒 bitch please meat ainnn doin uh damn thang,my teacher talm bout she would make every senior go to da army fa yrs bitch please meat ainnn doin uh damn thang,23,3,0,3,0,0.76442474,0.21739213,0.018183086,-0.7462416,Negative
T0803,13490,Offensive language,N dat bitch sound like a man if dats ya grandma fucc yu too,n dat bitch sound like a man if dats ya grandma fucc yu too,14,3,1,2,0,0.8817703,0.108633116,0.009596643,-0.87217367,Negative
T0804,13494,Neither,"NBA, handle your zebras.",nba handle your zebras,4,3,0,0,3,0.5013356,0.45275626,0.045908105,-0.45542753,Negative
T0805,13498,Offensive language,NEWS FLASH: Obama won the election and increase their numbers in congress. Stop with the bullshit already and compromise bitches!,news flash obama won the election and increase their numbers in congress stop with the bullshit already and compromise bitches,20,3,1,2,0,0.65530485,0.2673465,0.077348635,-0.5779562,Negative
T0806,13499,Neither,NFC South is trash juice,nfc south is trash juice,5,3,0,1,2,0.83455634,0.14872716,0.016716518,-0.8178398,Negative
T0807,13511,Offensive language,"Nah fuck em bitter heat bitches ""@YeIIowbang: Funny seeing heat and bulls fans get along lol""",nah fuck em bitter heat bitches funny seeing heat and bulls fans get along lol,15,3,0,3,0,0.5270672,0.28523454,0.18769829,-0.33936888,Negative
T0808,13523,Offensive language,Nannie bitch don't talk to that hoe with ha extra bs ass @lilmenifee__ 😂😂😂😩✌️💯👏🙅👎,nannie bitch don t talk to that hoe with ha extra bs ass,13,3,0,3,0,0.93570423,0.055392332,0.008903455,-0.9268008,Negative
T0809,13540,Offensive language,Need some Hispanic pussy,need some hispanic pussy,4,3,0,3,0,0.30761418,0.46481642,0.22756936,-0.08004482,Neutral
T0810,13561,Neither,Never seen a tinted yellow tongue before. She just ate a lemon jolly rancher?,never seen a tinted yellow tongue before she just ate a lemon jolly rancher,14,3,0,0,3,0.2401225,0.7020345,0.057842996,-0.1822795,Neutral
T0811,13562,Neither,Never seen purple bird poop until today lol http://t.co/4Psdx11Uu1,never seen purple bird poop until today lol,8,3,0,0,3,0.41140693,0.48661652,0.10197656,-0.30943036,Neutral
T0812,13577,Offensive language,New boss said my buttons on my shirt can't be white. So I colored them hoes with a sharpie 😂 glossy,new boss said my buttons on my shirt can t be white so i colored them hoes with a sharpie glossy,21,3,0,3,0,0.26194412,0.5899285,0.14812739,-0.11381672,Neutral
T0813,13582,Offensive language,New strategy to get bitches: Be Bruno Mars,new strategy to get bitches be bruno mars,8,3,0,3,0,0.19089626,0.6275147,0.18158902,-0.0093072355,Neutral
T0814,13587,Hate speech,Next time u gone call a darky a nicca..call dat coon a jungle bunny#Boondocks P.S. I... http://t.co/ug647wUIE4,next time u gone call a darky a nicca call dat coon a jungle bunny boondocks p s i,19,3,2,1,0,0.540938,0.4186142,0.040447712,-0.5004903,Negative
T0815,13604,Offensive language,Nigga I fire this nina like it's the first day in the job and the bitch over slept.,nigga i fire this nina like it s the first day in the job and the bitch over slept,19,3,0,3,0,0.87274796,0.109290235,0.017961869,-0.8547861,Negative
T0816,13629,Offensive language,"Nigga, this bitch is scaring me. Pass me the blunt 😂😂",nigga this bitch is scaring me pass me the blunt,10,3,1,2,0,0.90789807,0.0739879,0.018114002,-0.88978404,Negative
T0817,13636,Hate speech,Niggas actin like hoes most of em bitches,niggas actin like hoes most of em bitches,8,3,2,1,0,0.78180516,0.19905777,0.019137045,-0.76266813,Negative
T0818,13637,Offensive language,Niggas ain't loyal gott bitches stiffer than you,niggas ain t loyal gott bitches stiffer than you,9,3,1,2,0,0.8012843,0.18198486,0.016730776,-0.7845535,Negative
T0819,13652,Offensive language,Niggas be wanting bitches with money ..but be broke as dirt 😂😂😂👎👎👎✌️,niggas be wanting bitches with money but be broke as dirt,11,6,1,5,0,0.8033056,0.18046169,0.016232722,-0.7870729,Negative
T0820,13655,Offensive language,Niggas cry when they get hit high and cry when they get hit low. NFL full of pussies now,niggas cry when they get hit high and cry when they get hit low nfl full of pussies now,19,3,0,3,0,0.89754903,0.09395506,0.008495911,-0.8890531,Negative
T0821,13670,Offensive language,Niggas put on wigs and act like bitches for retweets 😒that shit fu,niggas put on wigs and act like bitches for retweets that shit fu,13,3,0,3,0,0.8910103,0.101161376,0.0078282785,-0.883182,Negative
T0822,13674,Hate speech,Niggas sleepin with bitches grandmas??? Lmfao maury fake af,niggas sleepin with bitches grandmas lmfao maury fake af,9,3,2,1,0,0.81032246,0.17835467,0.011322964,-0.7989995,Negative
T0823,13704,Neither,Nipple banana monkey!,nipple banana monkey,3,3,0,1,2,0.054597486,0.72925264,0.21614988,0.1615524,Neutral
T0824,13712,Hate speech,"No half-breed spic has any right to say anything to any Anglo ever, and should be killed for doing so.",no half breed spic has any right to say anything to any anglo ever and should be killed for doing so,21,4,3,1,0,0.9406821,0.053537123,0.005780691,-0.9349014,Negative
T0825,13715,Offensive language,No less than 3 bad bitches in my bed at a time...,no less than bad bitches in my bed at a time,11,3,0,3,0,0.7957713,0.18676117,0.017467534,-0.77830374,Negative
T0826,13718,Offensive language,No more hoes n oz,no more hoes n oz,5,3,0,3,0,0.6940335,0.27403158,0.031934895,-0.6620986,Negative
T0827,13744,Hate speech,"No. Its wrong to try to change #faggots> There is no ""therapy"" so #tcot should understand and sympathize like they are #retards>",no its wrong to try to change faggots there is no therapy so tcot should understand and sympathize like they are retards,22,3,2,1,0,0.902926,0.091020755,0.0060532233,-0.8968728,Negative
T0828,13772,Offensive language,Not eating pussy is un-American.,not eating pussy is un american,6,3,1,2,0,0.8374179,0.15007973,0.012502336,-0.8249156,Negative
T0829,13773,Offensive language,Not even 20 and I've already smoked out 2 countries bitch. I do what the fuck I want.,not even and i ve already smoked out countries bitch i do what the fuck i want,17,3,0,3,0,0.6769724,0.2749307,0.048096932,-0.62887543,Negative
T0830,13793,Neither,Note the rocketeer removes cardboard from launcher and carries it to a trash bin before fleeing. #TidyTerrorist http://t.co/sb3U1XpeG4,note the rocketeer removes cardboard from launcher and carries it to a trash bin before fleeing tidyterrorist,17,3,0,0,3,0.64949095,0.3383443,0.012164763,-0.6373262,Negative
T0831,13807,Neither,Now I'm listening to lil spook getting the good kinda sad Imma be single this fall I know you'll getting annoyed with me on your TL but aye,now i m listening to lil spook getting the good kinda sad imma be single this fall i know you ll getting annoyed with me on your tl but aye,30,3,0,0,3,0.6816946,0.27172726,0.046578106,-0.6351165,Negative
T0832,13809,Offensive language,Now a days niqqas would rather be real wit a niqqa or bitch they wanna fuck wit rather than they day one niqqa smfh our generation is fallin,now a days niqqas would rather be real wit a niqqa or bitch they wanna fuck wit rather than they day one niqqa smfh our generation is fallin,28,3,1,2,0,0.77274656,0.2139671,0.013286352,-0.7594602,Negative
T0833,13826,Offensive language,Now when I put this pussy on Vivian she bet not be playing 😂😭😏,now when i put this pussy on vivian she bet not be playing,13,3,0,3,0,0.47337466,0.38284025,0.14378509,-0.32958958,Negative
T0834,13828,Neither,"Now, the Jihadi networks waking up & claiming #Raqqa radio “confirmed” two planes shot down & 1 pilot captured. #ISIS #Syria",now the jihadi networks waking up claiming raqqa radio confirmed two planes shot down pilot captured isis syria,18,3,0,0,3,0.53409034,0.45626864,0.009640926,-0.5244494,Negative
T0835,13862,Offensive language,"Offensively, Joe Johnson just as good as LeBron. If not better. Don't @ me pussies",offensively joe johnson just as good as lebron if not better don t me pussies,15,3,0,3,0,0.07011925,0.3180801,0.6118007,0.5416814,Positive
T0836,13869,Offensive language,Oh bitch you lurkin !? Well bitch I'm TWERKIN 😂🙌,oh bitch you lurkin well bitch i m twerkin,9,3,0,3,0,0.58927894,0.25221622,0.15850484,-0.4307741,Negative
T0837,13877,Neither,Oh my. There was an Oreo baked into that chocolate chip cookie. #surprise,oh my there was an oreo baked into that chocolate chip cookie surprise,13,3,0,0,3,0.004905221,0.06306136,0.93203336,0.92712814,Positive
T0838,13896,Offensive language,"Oh, no. Not Whitney! It can't b true! >sob, sob, weep, sob< Oh, the crack industry has lost their champion! #RIPWhitney, ya dumb bitch.",oh no not whitney it can t b true sob sob weep sob oh the crack industry has lost their champion ripwhitney ya dumb bitch,25,3,0,3,0,0.94805825,0.043383107,0.008558713,-0.93949956,Negative
T0839,13903,Neither,Ok so not all the shows on Cartoon Network are complete trash. Stevm Universe is awwwwwesomeeeeee,ok so not all the shows on cartoon network are complete trash stevm universe is awwwwwesomeeeeee,16,3,0,0,3,0.38977972,0.2857799,0.32444045,-0.06533927,Negative
T0840,13926,Offensive language,Ole girl really told me she doesn't care if her boyfriend has hoes. This is what's wrong with our generation.,ole girl really told me she doesn t care if her boyfriend has hoes this is what s wrong with our generation,22,3,0,2,1,0.89645875,0.09712728,0.006413958,-0.8900448,Negative
T0841,13946,Hate speech,Omg!!! You won't say it to my face! Stupid ass hoes talkin shit!!! Imma whoop her ass!!! *over dramatic teenage girls*,omg you won t say it to my face stupid ass hoes talkin shit imma whoop her ass over dramatic teenage girls,22,3,2,1,0,0.94861126,0.041330285,0.010058497,-0.93855274,Negative
T0842,13949,Neither,"Omoide Yokocho : Shinjuku, Tokyo, Japan / Japón by Lost in Japan, by Miguel Michán http://t.co/7J2uXi5501",omoide yokocho shinjuku tokyo japan jap n by lost in japan by miguel mich n,15,3,0,0,3,0.014452113,0.9468008,0.038747065,0.024294952,Neutral
T0843,13950,Offensive language,On GC I l8v3 dis bitch http://t.co/DmxSOT02Qg,on gc i l v dis bitch,7,3,0,3,0,0.6168362,0.26310316,0.12006056,-0.49677563,Negative
T0844,13982,Neither,One of the world's most prominent Jihadi forums just got shut down → http://t.co/9vafK90DOU,one of the world s most prominent jihadi forums just got shut down,13,3,0,0,3,0.7655938,0.22646119,0.007944969,-0.7576489,Negative
T0845,14072,Neither,Our female guinea pig is pregnant 🎊🎉🎁😍😍😍,our female guinea pig is pregnant,6,3,1,0,2,0.0024117446,0.015944915,0.9816434,0.97923166,Positive
T0846,14094,Offensive language,Pappadeaux bread with the scampi butter RT @_ChickenGeorge Her pussy tastes like? http://t.co/QFqYC7G7px,pappadeaux bread with the scampi butter rt her pussy tastes like,11,3,0,3,0,0.077929966,0.8437853,0.078284636,0.00035467,Neutral
T0847,14120,Offensive language,People are such bitches!!! Complaining over stupid things!,people are such bitches complaining over stupid things,8,3,0,3,0,0.9463272,0.046316557,0.0073561277,-0.9389711,Negative
T0848,14129,Offensive language,"People love to touch my hair ""ooo is this real?"" Yes bitch is yours?",people love to touch my hair ooo is this real yes bitch is yours,14,3,0,3,0,0.09743341,0.21477535,0.6877912,0.59035784,Positive
T0849,14130,Hate speech,People on this site are fucking retarded sometimes,people on this site are fucking retarded sometimes,8,3,3,0,0,0.9118471,0.07075302,0.017399851,-0.89444727,Negative
T0850,14142,Hate speech,People who play #roleplayinggames are human filth and don't deserve the same respect you'd give a mosquito. They're soulless gutter trash.,people who play roleplayinggames are human filth and don t deserve the same respect you d give a mosquito they re soulless gutter trash,24,3,2,0,1,0.9524435,0.0418702,0.0056862854,-0.9467572,Negative
T0851,14147,Neither,"Perhaps Ezra Miller is the first crack toward changing that, regardless of whether he identifies as queer over gay.",perhaps ezra miller is the first crack toward changing that regardless of whether he identifies as queer over gay,19,6,1,2,3,0.036696263,0.89047384,0.07282987,0.03613361,Neutral
T0852,14167,Offensive language,Photo: Me and my bitch http://t.co/0jeLcx0nKU,photo me and my bitch,5,3,0,3,0,0.063698314,0.8419761,0.09432556,0.030627243,Neutral
T0853,14200,Hate speech,"Playing to white guilt lasted one last time, whitey felt 'absolved', it ends today. It ends in the fields/suburbs of Pennsylvania.",playing to white guilt lasted one last time whitey felt absolved it ends today it ends in the fields suburbs of pennsylvania,22,3,3,0,0,0.62412816,0.35196453,0.023907224,-0.6002209,Negative
T0854,14201,Offensive language,Playing with my money is like playing with my emotions niggas don't believe I guess we going to find out then hoe ass niggas,playing with my money is like playing with my emotions niggas don t believe i guess we going to find out then hoe ass niggas,25,3,1,2,0,0.85892504,0.13135578,0.009719181,-0.84920585,Negative
T0855,14208,Offensive language,"Plot twist, bitch",plot twist bitch,3,3,0,3,0,0.6710239,0.28458852,0.044387538,-0.6266364,Negative
T0856,14223,Offensive language,Poppy give me discou.. bitch i get it for the lowwwww!!!,poppy give me discou bitch i get it for the lowwwww,11,3,0,3,0,0.13334551,0.36148772,0.50516677,0.37182125,Positive
T0857,14238,Offensive language,Precisely RT @BrandNewAndrew: “@Harold: Soon as y'all break up is when she starts doing the shit she swore she'd never do” like being a hoe,precisely rt soon as y all break up is when she starts doing the shit she swore she d never do like being a hoe,25,3,1,2,0,0.7866044,0.2000357,0.013359921,-0.7732445,Negative
T0858,14272,Offensive language,Pumpkin spice Marlboro's for da hoes,pumpkin spice marlboro s for da hoes,7,3,0,3,0,0.27942932,0.5837927,0.13677795,-0.14265136,Neutral
T0859,14279,Offensive language,"Pussy ass hoe niggas, I can't fuck wit y'all",pussy ass hoe niggas i can t fuck wit y all,11,3,1,2,0,0.9368297,0.052374892,0.010795447,-0.9260342,Negative
T0860,14290,Offensive language,Put her in her place cause pussies don't get pussy..,put her in her place cause pussies don t get pussy,11,3,0,3,0,0.7313343,0.24278004,0.025885679,-0.7054486,Negative
T0861,14323,Offensive language,"RT @07Cannon: ""Fuck you mean Macklemore trash nigger?"" http://t.co/NXPjPrhsbu",rt fuck you mean macklemore trash nigger,7,3,1,2,0,0.9052564,0.088593066,0.0061506284,-0.8991058,Negative
T0862,14361,Offensive language,RT @3Much4TheseHoez: RT @iDntWearCondoms: If I DM u don't announce it to the timeline bitch I'm tryna fuck on the low,rt rt if i dm u don t announce it to the timeline bitch i m tryna fuck on the low,21,3,0,3,0,0.7369938,0.2520069,0.010999254,-0.7259945,Negative
T0863,14373,Neither,RT @490xl: why get attached to people when you can jump in a trash can and feel the same way,rt why get attached to people when you can jump in a trash can and feel the same way,19,3,0,0,3,0.58579654,0.3959453,0.018258156,-0.5675384,Negative
T0864,14385,Offensive language,"RT @6THGRADER: It doesn't matter who I make out with in ""Spin the Bottle"" because I only invite the hottest bitches to play. #ladykiller",rt it doesn t matter who i make out with in spin the bottle because i only invite the hottest bitches to play ladykiller,24,3,0,3,0,0.23652424,0.53773475,0.225741,-0.01078324,Neutral
T0865,14404,Neither,RT @AChosenWord: Of rain showers & weepy fog of soft light & cool touch of wild wind that carry music of birds who cease to soar; this feel…,rt of rain showers weepy fog of soft light cool touch of wild wind that carry music of birds who cease to soar this feel,25,3,0,0,3,0.12184545,0.80557877,0.072575726,-0.04926972,Neutral
T0866,14412,Offensive language,"RT @AIanHangover: Be smart because you won't be pretty forever, bitch.",rt be smart because you won t be pretty forever bitch,11,9,2,7,0,0.84900975,0.13300474,0.017985469,-0.8310243,Negative
T0867,14433,Offensive language,RT @ATypicalFemaIe: when a bitch gets smart and I look too cute to be ratchet http://t.co/OoTtkUxKRA,rt when a bitch gets smart and i look too cute to be ratchet,14,3,0,3,0,0.5570777,0.3718798,0.071042426,-0.4860353,Negative
T0868,14444,Offensive language,RT @AbbeyGoldd: Fuck Joo musts broke this niggas heart stealin his bitch if he that hurt with her 😂😂👏,rt fuck joo musts broke this niggas heart stealin his bitch if he that hurt with her,17,3,0,3,0,0.9103644,0.07809926,0.011536434,-0.89882797,Negative
T0869,14450,Neither,RT @AdamSchein: I think it is flat out wrong to blame Brian Cashman for the 2014 Yankees. @SNYtv,rt i think it is flat out wrong to blame brian cashman for the yankees,15,3,0,0,3,0.8503676,0.14366715,0.0059651933,-0.84440243,Negative
T0870,14458,Offensive language,"RT @AdoreeLenaa: ""@_KudaBrazyy: Hella bored doing laundry like a bitch""😂😂😂 I sincerely hate your soul !",rt hella bored doing laundry like a bitch i sincerely hate your soul,13,3,0,3,0,0.9588384,0.035102062,0.00605947,-0.95277894,Negative
T0871,14464,Neither,RT @AidanGee1: How I feel playing flappy bird http://t.co/w3PrpiAhZQ,rt how i feel playing flappy bird,7,3,0,0,3,0.021864127,0.8859356,0.09220024,0.07033612,Neutral
T0872,14481,Hate speech,RT @AlfanoLisa: @Chris_1791 @MariaChappelleN Gee isn't cracker a racist term? So tired of these race baiters.,rt gee isn t cracker a racist term so tired of these race baiters,14,3,2,0,1,0.9398077,0.056121223,0.0040711393,-0.9357366,Negative
T0873,14496,Offensive language,"RT @AlmightyVinny_: ""I'm a soft more""😂😂😭 hoes dumb man",rt i m a soft more hoes dumb man,9,3,0,3,0,0.85648346,0.12860794,0.014908567,-0.8415749,Negative
T0874,14519,Offensive language,RT @AnAbsurdBird: I just realised my library books are overdue if anyone's looking for a bad bitch,rt i just realised my library books are overdue if anyone s looking for a bad bitch,17,3,0,3,0,0.72825795,0.24641474,0.025327327,-0.7029306,Negative
T0875,14532,Offensive language,RT @AngelHaze: bye bitch. im blocking u RT @onikallah: @AngelHaze i drew you 💞 http://t.co/60HiEbFWic,rt bye bitch im blocking u rt i drew you,10,3,0,3,0,0.6500356,0.30703646,0.04292787,-0.60710776,Negative
T0876,14554,Neither,"RT @ArcticFox2016: 150 Christians MASSACRED By Jihadi Muslims While They Slept! Including Pastor, His Wife & Kids http://t.co/VnR60MjFo6",rt christians massacred by jihadi muslims while they slept including pastor his wife kids,14,6,1,0,5,0.78312784,0.21022849,0.0066437083,-0.77648413,Negative
T0877,14567,Offensive language,RT @AshlynnFullmer: This is my beach bitch @tonydecola http://t.co/uEqoEylafP,rt this is my beach bitch,6,3,0,3,0,0.0789921,0.7988073,0.12220059,0.043208495,Neutral
T0878,14575,Hate speech,RT @AssholeOfDaYear: Rudy Gay a faggot for not changing his last name once he got money.,rt rudy gay a faggot for not changing his last name once he got money,15,3,2,1,0,0.8350132,0.1561755,0.008811313,-0.8262019,Negative
T0879,14595,Offensive language,RT @AyyyeThatsChubb: Mama said no pussy cats inside my dog house,rt mama said no pussy cats inside my dog house,10,3,0,2,1,0.24528013,0.7049215,0.049798436,-0.19548169,Neutral
T0880,14643,Offensive language,RT @BamberDelver: Lees hoe een gepeste jongen zich probeert te verdedigen. Ingezonden brief Volkskrant. #pesten @AcademieMm http://t.co/aoD…,rt lees hoe een gepeste jongen zich probeert te verdedigen ingezonden brief volkskrant pesten,14,3,0,2,1,0.029905671,0.8977175,0.072376795,0.042471126,Neutral
T0881,14683,Offensive language,"RT @BeautysRaj: ""Ariana is probably the next Beyonce"" bitch if you don't back the fuck up http://t.co/g6XGmAqk52",rt ariana is probably the next beyonce bitch if you don t back the fuck up,16,3,0,3,0,0.8898268,0.10135292,0.008820319,-0.8810065,Negative
T0882,14711,Neither,"RT @BiertempfelTrib: One more from @JimBowdenESPNxm: ""Yankees wouldn't be letting Polanco sit in minor leagues, because they're all about w…",rt one more from yankees wouldn t be letting polanco sit in minor leagues because they re all about w,20,3,0,1,2,0.15256171,0.82143635,0.026001941,-0.12655976,Neutral
T0883,14724,Offensive language,RT @BigSean: Suck my dick bitch RT @MaizeNBlue23: @bigsean not only are you terrible. You are why hip hop is dead,rt suck my dick bitch rt not only are you terrible you are why hip hop is dead,18,3,0,3,0,0.95807254,0.037397254,0.00453023,-0.9535423,Negative
T0884,14747,Offensive language,RT @BittyTang: “@Weed_Cloudz: Us calling females hoes for dressing as bunnies and cats for Halloween didn't discourage them one bit...lol”G…,rt us calling females hoes for dressing as bunnies and cats for halloween didn t discourage them one bit lol g,21,3,0,3,0,0.23543794,0.5560132,0.20854878,-0.02688916,Neutral
T0885,14752,Offensive language,"RT @BlackNerdJade: #rapeyass RT @FireinFreetown: Uh..not rape her, bitch nigga? RT @latry: You see her passed out drunk, what do you do? ht…",rt rapeyass rt uh not rape her bitch nigga rt you see her passed out drunk what do you do ht,21,6,1,5,0,0.87710696,0.11727096,0.005622088,-0.8714849,Negative
T0886,14763,Offensive language,RT @BlazeTheGreat_: I hate when niggas get mad cuz you fucked they girl when really he should be happy you showed him that bitch unloyal,rt i hate when niggas get mad cuz you fucked they girl when really he should be happy you showed him that bitch unloyal,24,3,0,3,0,0.9210148,0.073479876,0.0055053737,-0.9155094,Negative
T0887,14776,Offensive language,RT @BmorePocahontas: Asking his kids if they brought an apple for the teacher 😂😂😂 he's such a queer,rt asking his kids if they brought an apple for the teacher he s such a queer,17,3,0,3,0,0.28715745,0.5221052,0.19073729,-0.096420154,Neutral
T0888,14786,Offensive language,"RT @Bombfantasyyy: If you aint fucking me , feeding me , or supporting me YOUR OPINION is irrelevant bitch.",rt if you aint fucking me feeding me or supporting me your opinion is irrelevant bitch,16,6,1,5,0,0.9059367,0.08487166,0.009191699,-0.896745,Negative
T0889,14828,Neither,RT @BriannaLovesA: I'm so sick head colds suuuck. And on top of that @justusabbott had to challange me to a beer chug 😷😷,rt i m so sick head colds suuuck and on top of that had to challange me to a beer chug,21,3,0,1,2,0.95325667,0.041020278,0.0057231053,-0.94753355,Negative
T0890,14838,Offensive language,RT @BrodyBolerjack: @Tonyjohns000 johns.... be honest.... you got hoes in different area codes,rt johns be honest you got hoes in different area codes,11,3,0,3,0,0.40563455,0.5747732,0.019592335,-0.3860422,Neutral
T0891,14847,Offensive language,"RT @BrosConfessions: ""People congratulate on losing weight for my health, but in reality I lost all the weight so I could fuck hot bitches""…",rt people congratulate on losing weight for my health but in reality i lost all the weight so i could fuck hot bitches,23,3,0,3,0,0.52802557,0.3882719,0.08370246,-0.44432312,Negative
T0892,14848,Offensive language,"RT @BrosConfessions: ""Unlike a lot of these bros, I actually care about my girl and I love her. It's not called being a pussy, it's called …",rt unlike a lot of these bros i actually care about my girl and i love her it s not called being a pussy it s called,27,3,0,3,0,0.077744514,0.21620569,0.7060498,0.6283053,Positive
T0893,14869,Offensive language,RT @Bubzayy: Just this one eye can take your bitch http://t.co/x1r34fMeAE,rt just this one eye can take your bitch,9,3,0,3,0,0.30922616,0.6126849,0.07808898,-0.23113719,Neutral
T0894,14879,Offensive language,RT @Bucky_Montana: If this was high school ER body catch A's hoe lmao 😭😂😂😂 http://t.co/bPfz7sl2mp,rt if this was high school er body catch a s hoe lmao,13,3,0,3,0,0.62070346,0.31993893,0.059357625,-0.5613458,Negative
T0895,14900,Offensive language,"RT @CHlLDHOODRUINER: ""And if you aint a hoe, GET UP OUT MY TRAPHOUSEEEE"" http://t.co/GfOHPUTVhP",rt and if you aint a hoe get up out my traphouseeee,12,3,0,2,1,0.43850142,0.49815777,0.06334086,-0.37516057,Neutral
T0896,14927,Offensive language,RT @CallMeRenee_: “@1inkkofrosess: @CallMeRenee_ 😂😂😂😩✌️ my bad bitch im logged in on everybody shit”hell yeaa me too seen tiff just tweet f…,rt my bad bitch im logged in on everybody shit hell yeaa me too seen tiff just tweet f,19,3,0,3,0,0.36493868,0.39554292,0.23951845,-0.12542023,Neutral
T0897,14929,Offensive language,RT @CallMeRenee_: “@1inkkofrosess: @CallMeRenee_ wussup bitch”nun finna take it in,rt wussup bitch nun finna take it in,8,6,0,6,0,0.7422839,0.24016516,0.017550945,-0.72473294,Negative
T0898,14965,Offensive language,RT @CauseWereGuys: If these 3 drop a song together bitches will never run out of quotes http://t.co/wITDIIgcye,rt if these drop a song together bitches will never run out of quotes,14,3,0,3,0,0.06693585,0.62138206,0.31168208,0.24474622,Neutral
T0899,14967,Offensive language,"RT @CauseWereGuys: It's bros before hoes, not bros before your girlfriend. If you find a good girl, she needs to be put above everything. T…",rt it s bros before hoes not bros before your girlfriend if you find a good girl she needs to be put above everything t,25,3,0,3,0,0.15729897,0.51929283,0.32340822,0.16610925,Neutral
T0900,14994,Offensive language,"RT @ChadRuhlig: ""Suicide Girl Hopeful"" how about getting a job hopeful, or going to school hopeful you silly bitches!",rt suicide girl hopeful how about getting a job hopeful or going to school hopeful you silly bitches,18,3,0,3,0,0.8044497,0.15720694,0.038343437,-0.76610625,Negative
T0901,15017,Offensive language,RT @Chello_Sosa: These niggas in gangs jus be tryna fit in or jus be tryna get somebody to ride fa em or wit most of u niggas bitches,rt these niggas in gangs jus be tryna fit in or jus be tryna get somebody to ride fa em or wit most of u niggas bitches,27,3,1,2,0,0.53778595,0.44113776,0.02107627,-0.5167097,Negative
T0902,15034,Neither,RT @ChildishGarbino: Part of my cousin Danny's Yankee Swap. Pretty hilarious. Very clever. And very Danny. @danvii http://t.co/FKdEYzqT,rt part of my cousin danny s yankee swap pretty hilarious very clever and very danny,16,3,0,0,3,0.003442202,0.032180447,0.9643773,0.96093506,Positive
T0903,15040,Offensive language,RT @ChippewaSkylark: i love when celeb nudes leak and all the girls with trash bodies try and critique them,rt i love when celeb nudes leak and all the girls with trash bodies try and critique them,18,3,0,2,1,0.64893705,0.2579498,0.09311313,-0.5558239,Negative
T0904,15061,Hate speech,RT @ClassicBray: Lmaoo RT @PacDaGoat: That's a legal tackle faggot RT @PP_Rich_Hill: Seriously? http://t.co/guMZewrpy3,rt lmaoo rt that s a legal tackle faggot rt seriously,11,3,2,1,0,0.74753517,0.2328234,0.019641452,-0.7278937,Negative
T0905,15075,Offensive language,RT @ClintSwiftness: “@GodHimseIf: Is that fire works 💥 or pussy poppin” @00sexilexi00 nigga wtf sounds like something you'd say,rt is that fire works or pussy poppin nigga wtf sounds like something you d say,16,3,0,3,0,0.6554385,0.3259543,0.018607248,-0.6368312,Negative
T0906,15078,Offensive language,RT @CloudProjection: Females are more thirsty for attention than males are for pussy.,rt females are more thirsty for attention than males are for pussy,12,3,0,3,0,0.57684886,0.39577684,0.02737433,-0.54947454,Negative
T0907,15109,Offensive language,"RT @ComedyPosts: When you make a joke and someone you hate laughs and you're thinking: ""No bitch you aren't allowed to laugh"".",rt when you make a joke and someone you hate laughs and you re thinking no bitch you aren t allowed to laugh,23,3,0,3,0,0.903264,0.0899058,0.006830208,-0.8964338,Negative
T0908,15115,Neither,RT @Comp10Tx: Rihanna really is trash,rt rihanna really is trash,5,3,0,1,2,0.90560436,0.08807901,0.006316674,-0.8992877,Negative
T0909,15138,Offensive language,"RT @CourtneyyKay: Cruising down the street in my 64, jockin the bitches, slappin the hoes",rt cruising down the street in my jockin the bitches slappin the hoes,13,3,0,3,0,0.09275691,0.8170845,0.09015856,-0.0025983527,Neutral
T0910,15154,Offensive language,"RT @CrittaMo: I'm getting tired of these same ol no hope broke bitches! No job, all they wanna do is twerk and smoke Swishers",rt i m getting tired of these same ol no hope broke bitches no job all they wanna do is twerk and smoke swishers,24,3,0,3,0,0.9361679,0.055821545,0.008010691,-0.9281572,Negative
T0911,15180,Offensive language,RT @CurrenSy_Spitta: All that high fashion leather gear u wearin to impress a bitch..I got at her wit a dickie shirt and some Adidas slides…,rt all that high fashion leather gear u wearin to impress a bitch i got at her wit a dickie shirt and some adidas slides,25,3,0,3,0,0.69363886,0.2778992,0.028462037,-0.6651768,Negative
T0912,15200,Offensive language,"RT @D0PESHIT0NLY: Bitches be having No job No future No education & have the nerve to say ""all these niggas want is pussy"" Bitch cause that…",rt bitches be having no job no future no education have the nerve to say all these niggas want is pussy bitch cause that,24,6,0,6,0,0.899322,0.09346661,0.007211433,-0.8921105,Negative
T0913,15227,Offensive language,RT @DJZeeti: i couldnt host 106 and park .. i'd fuck too many young bitches,rt i couldnt host and park i d fuck too many young bitches,13,9,0,9,0,0.8978995,0.093558185,0.008542385,-0.88935715,Negative
T0914,15245,Neither,RT @DaCoolestLame: Yo BCU band made UCF band look like trash,rt yo bcu band made ucf band look like trash,10,3,0,0,3,0.78269297,0.20269357,0.014613497,-0.76807946,Negative
T0915,15265,Neither,RT @Dalilaaaaaa__: Flappy birds cheat codes http://t.co/nu6GjYQDJJ,rt flappy birds cheat codes,5,3,0,0,3,0.1470119,0.82785356,0.025134483,-0.121877424,Neutral
T0916,15266,Neither,RT @DameStr8Cash: @JaeTips I know that's trash,rt i know that s trash,6,3,0,1,2,0.82983035,0.16082323,0.009346374,-0.820484,Negative
T0917,15281,Offensive language,RT @Dan_OSU_Hashtag: You ever look at a bitch and just be like... Bitch,rt you ever look at a bitch and just be like bitch,12,3,0,3,0,0.80167556,0.18833314,0.009991215,-0.7916843,Negative
T0918,15300,Offensive language,"RT @DatDudeTorey: Aw damn, Haven't hug a bitch in a while.",rt aw damn haven t hug a bitch in a while,11,3,0,3,0,0.8293967,0.14846203,0.02214126,-0.80725545,Negative
T0919,15301,Offensive language,RT @DatNigPriest: @1BookieG not all of us my nig! I'm light skin with a dark skin mentality lol. We all black,rt not all of us my nig i m light skin with a dark skin mentality lol we all black,20,6,0,6,0,0.25257397,0.6322663,0.11515975,-0.13741422,Neutral
T0920,15303,Offensive language,RT @Dathighyellaguy: Dem hoes who swear their pussy priceless but u sell ass all day 😕,rt dem hoes who swear their pussy priceless but u sell ass all day,14,3,0,3,0,0.80082476,0.18352471,0.01565055,-0.7851742,Negative
T0921,15307,Offensive language,RT @DawnGoodspeed: Honestly I kind of get offended when people ask me if my eyelashes are fake. Fake eyelashes aren't this long bitches. ✋💁,rt honestly i kind of get offended when people ask me if my eyelashes are fake fake eyelashes aren t this long bitches,23,3,0,3,0,0.8786179,0.11249854,0.008883611,-0.8697343,Negative
T0922,15316,Neither,RT @Deadspin: Colombia supporter reminds us the double bird is a universal language http://t.co/JeUT1IsQ1f,rt colombia supporter reminds us the double bird is a universal language,12,3,0,1,2,0.012463369,0.7921437,0.1953929,0.18292953,Neutral
T0923,15336,Offensive language,RT @Derekisom: Making this first day my bitch,rt making this first day my bitch,7,3,0,3,0,0.61606014,0.31614625,0.06779367,-0.5482665,Negative
T0924,15367,Offensive language,RT @DjXvX: Karma is a bitch .... 😌,rt karma is a bitch,5,3,0,3,0,0.7625672,0.22493291,0.012499793,-0.7500674,Negative
T0925,15399,Offensive language,RT @DragonflyJonez: His jeans bluer denabitch. Dont let him lie to you. He's SICK RT @YolieTheJew how you know the pussy was't overrated ht…,rt his jeans bluer denabitch dont let him lie to you he s sick rt how you know the pussy was t overrated ht,24,4,0,4,0,0.86585104,0.12362161,0.0105273165,-0.85532373,Negative
T0926,15400,Offensive language,RT @DragonflyJonez: I never knew it was possible to look like you were about to buy some pussy and still look cool while doing it until tha…,rt i never knew it was possible to look like you were about to buy some pussy and still look cool while doing it until tha,26,3,0,3,0,0.16842619,0.52276695,0.3088068,0.14038062,Neutral
T0927,15417,Offensive language,RT @DrugsForSteph: A loyal girl really truly does come with a smart mouth and arguments. Only a hoe will let you do as you please cause she…,rt a loyal girl really truly does come with a smart mouth and arguments only a hoe will let you do as you please cause she,26,3,0,3,0,0.18404008,0.4787782,0.33718172,0.15314163,Neutral
T0928,15419,Offensive language,RT @DrummerKid0328: @WB_Pooh_3x that fat bitch ruined everything 😂😂 fuck it though I was super burnt,rt that fat bitch ruined everything fuck it though i was super burnt,13,3,0,3,0,0.9413649,0.05059111,0.008043962,-0.93332094,Negative
T0929,15426,Offensive language,"RT @Drvglordkush: *Hits Blunt* If cats are afraid of water, why does pussy get wet?' http://t.co/XffUo73q3a",rt hits blunt if cats are afraid of water why does pussy get wet,14,3,0,3,0,0.28003907,0.695638,0.024322968,-0.25571612,Neutral
T0930,15479,Neither,RT @ErikaWCVB: @marthacoakley called Charlie Baker to concede around 8:15 this morning. She plans to address supporters at 11am. #wcvb,rt called charlie baker to concede around this morning she plans to address supporters at am wcvb,17,3,0,0,3,0.0040744175,0.9338272,0.06209835,0.058023933,Neutral
T0931,15480,Offensive language,RT @Erikaj00: “@Treslyon: “@Erikaj00: I saw a girl scratch her private today.. What that mean?” Don't fuck her right in the pussy” lmaoooo,rt i saw a girl scratch her private today what that mean don t fuck her right in the pussy lmaoooo,21,3,0,3,0,0.76618606,0.22003709,0.013776829,-0.7524092,Negative
T0932,15488,Offensive language,RT @Estellleeee: Lol bitches act hard when they stay getting they ass beat 😂😭😂,rt lol bitches act hard when they stay getting they ass beat,12,3,0,3,0,0.7893777,0.18525374,0.025368504,-0.7640092,Negative
T0933,15505,Offensive language,RT @FREDOSANTANA300: I smashed her an dat pussy was wet 🙏,rt i smashed her an dat pussy was wet,9,3,0,3,0,0.24357535,0.39635104,0.3600736,0.11649825,Neutral
T0934,15514,Offensive language,RT @Faceyspace: *pours out 40 for the bitches that do hair and makeup every single day*,rt pours out for the bitches that do hair and makeup every single day,14,3,0,3,0,0.331166,0.604627,0.064206995,-0.266959,Neutral
T0935,15521,Neither,RT @FallonTonight: Jimmy and @BillyJoel's two-man doo-wop performance just went live on YouTube! https://t.co/NGzhImyvSF #FallonTonight htt…,rt jimmy and s two man doo wop performance just went live on youtube fallontonight htt,16,3,0,0,3,0.0018979042,0.5228254,0.4752767,0.4733788,Neutral
T0936,15544,Offensive language,RT @FenkellPayroll: Ppl quick 2 bitch about what somebody ain't did for em when 9 times outta 10 they ain't did shit for that person,rt ppl quick bitch about what somebody ain t did for em when times outta they ain t did shit for that person,23,3,0,3,0,0.76770836,0.22194283,0.010348853,-0.7573595,Negative
T0937,15573,Neither,RT @FoodPornsx: Oreo Drumstick! http://t.co/AcN8J59r6b,rt oreo drumstick,3,3,0,0,3,0.00438743,0.7028711,0.2927415,0.28835407,Neutral
T0938,15604,Offensive language,RT @FriendlyAssh0le: Hoes will be hoes.,rt hoes will be hoes,5,3,0,3,0,0.62806594,0.35195982,0.019974288,-0.60809165,Negative
T0939,15607,Offensive language,"RT @FriendlyAssh0le: If I had $400 and my girl had $0, I would have $400 & be single bc I dnt fuck with broke bitches. get your money up.",rt if i had and my girl had i would have be single bc i dnt fuck with broke bitches get your money up,24,3,0,3,0,0.7112371,0.2520606,0.036702394,-0.6745347,Negative
T0940,15623,Offensive language,RT @FuckHisTattoos: Niggas! Stop giving these hoes Attention! How About retweeting True beauty instead of retweeting these half naked MF.,rt niggas stop giving these hoes attention how about retweeting true beauty instead of retweeting these half naked mf,19,3,0,3,0,0.8580914,0.12796701,0.013941514,-0.8441499,Negative
T0941,15629,Hate speech,RT @Fucking_Garza: I wanna sleep but I'm outside with this nigger lol trying to hang him,rt i wanna sleep but i m outside with this nigger lol trying to hang him,16,3,3,0,0,0.8823673,0.10855596,0.009076787,-0.87329054,Negative
T0942,15634,Offensive language,RT @FunkyDineva: I have not watched part 2 of the reunion. I'm so over them hoes. I don't even care,rt i have not watched part of the reunion i m so over them hoes i don t even care,20,3,0,3,0,0.928968,0.0625304,0.008501652,-0.92046636,Negative
T0943,15644,Offensive language,RT @FunnyPicsDepot: Lmfao bitch got my phone https://t.co/alUNWj9SCk,rt lmfao bitch got my phone,6,6,0,6,0,0.63016295,0.32267696,0.047159992,-0.583003,Negative
T0944,15675,Neither,"RT @GOPBlackChick: The racists are @msnbc and its crew of anchors. Not ""right wing "" folks. @MHarrisPerry mocks mixed GOP kids. http://t.co…",rt the racists are and its crew of anchors not right wing folks mocks mixed gop kids,17,3,0,0,3,0.8834209,0.11134911,0.0052299863,-0.8781909,Negative
T0945,15694,Offensive language,"RT @Gawker: Congressman's office admits ""Hell yeah Benihana up in this bitch"" tweet was a mistake. http://t.co/LTzwuJC0Vs",rt congressman s office admits hell yeah benihana up in this bitch tweet was a mistake,16,3,0,3,0,0.73856056,0.24394807,0.017491374,-0.72106916,Negative
T0946,15697,Offensive language,RT @GeeZzzus: Don't no woman want a man that acts like a bitch,rt don t no woman want a man that acts like a bitch,13,3,0,3,0,0.8764398,0.11589747,0.0076626507,-0.86877716,Negative
T0947,15702,Offensive language,RT @GetEmKee_iGotEm: hoes? I got several? they 10's or better 👌,rt hoes i got several they s or better,9,3,0,3,0,0.055747584,0.59978324,0.34446916,0.28872156,Neutral
T0948,15703,Offensive language,RT @GetRKOd: Have a seat drunk bitch #RKO https://t.co/6XpNyr1Jbn,rt have a seat drunk bitch rko,7,3,0,3,0,0.60627544,0.3674623,0.026262216,-0.5800132,Negative
T0949,15714,Offensive language,RT @Giselle_Horan13: @1D_NIPPLES_ you slay that bitch,rt you slay that bitch,5,6,0,6,0,0.029991617,0.22803672,0.7419716,0.71198,Positive
T0950,15726,Offensive language,RT @Gook____: Lil stupid ass bitch I don't fuck with YOU!!😴,rt lil stupid ass bitch i don t fuck with you,11,3,0,3,0,0.951591,0.041609455,0.0067994623,-0.94479156,Negative
T0951,15727,Offensive language,"RT @Goons_TXT: Also, just because you suck dick, doesn't mean you have to act like a faggot.",rt also just because you suck dick doesn t mean you have to act like a faggot,17,3,0,3,0,0.8279104,0.15993951,0.012149954,-0.8157605,Negative
T0952,15757,Offensive language,RT @Guwopp1017: Bullying doesn't exist.....BITCH ASS PEOPLE EXIST! If you don't stand the fuck up for yourself & stop being a pussy!,rt bullying doesn t exist bitch ass people exist if you don t stand the fuck up for yourself stop being a pussy,23,3,0,3,0,0.94705147,0.047202837,0.0057456694,-0.9413058,Negative
T0953,15769,Neither,RT @HBCUfessions: I guess my confessions trash because none of them got posted- FAMU,rt i guess my confessions trash because none of them got posted famu,13,3,0,1,2,0.9063396,0.08854354,0.005116874,-0.9012227,Negative
T0954,15778,Offensive language,"RT @HENNERGIZED: 😭😭😭“@StopBeingSober: Yall say ""Why you dating lil girls"" like mature hoes just on a rampage outside.”",rt yall say why you dating lil girls like mature hoes just on a rampage outside,16,3,1,2,0,0.8423675,0.14839707,0.009235433,-0.833132,Negative
T0955,15796,Offensive language,RT @HaloTGMG: @1stName_Bravo we all know this nigga a bitch.... niggas got nerve on twitter.,rt we all know this nigga a bitch niggas got nerve on twitter,13,3,0,3,0,0.9097876,0.08458817,0.0056242184,-0.90416336,Negative
T0956,15808,Offensive language,RT @HawkinsUSA: Party of Racists just elected a black dude in the South. The party of War on Women just elected first ever woman in redneck…,rt party of racists just elected a black dude in the south the party of war on women just elected first ever woman in redneck,25,3,1,2,0,0.83096033,0.16201255,0.0070271194,-0.82393324,Negative
T0957,15821,Offensive language,RT @Heissarcastic: If my tweets offend you: 1. stop being a sensitive pussy 2. Fuck your feelings,rt if my tweets offend you stop being a sensitive pussy fuck your feelings,14,3,1,2,0,0.91129637,0.083251216,0.005452422,-0.905844,Negative
T0958,15847,Neither,RT @HighSchoolSuckz: i am that horrible friend who reads your text then puts the phone down to do something and forgets to reply until 4 ho…,rt i am that horrible friend who reads your text then puts the phone down to do something and forgets to reply until ho,24,3,0,0,3,0.91253597,0.08254666,0.004917431,-0.9076185,Negative
T0959,15867,Neither,RT @Hobson_2: That's for the birds.,rt that s for the birds,6,3,0,0,3,0.5304559,0.44236496,0.027179133,-0.50327677,Negative
T0960,15876,Offensive language,"RT @Hollywoood_ty: RT “@Hotphillyboi: Lawd Jesus, this can't be real😂 http://t.co/zcjlHvSHOZ”shit to ghetto to be real lol",rt rt lawd jesus this can t be real to ghetto to be real lol,15,3,0,2,1,0.76294154,0.21851793,0.01854046,-0.7444011,Negative
T0961,15884,Offensive language,"RT @HoodBibIe: ""Thou shall have no type: bad bitches is thee only thing thou shall like"" - HerAssFat 6:15",rt thou shall have no type bad bitches is thee only thing thou shall like herassfat,16,3,0,3,0,0.24041851,0.65119725,0.10838421,-0.1320343,Neutral
T0962,15900,Offensive language,RT @HtOwNzOuTLaW713: Keshawn Martin is soooooooooo fucking trash!!!,rt keshawn martin is soooooooooo fucking trash,7,3,0,3,0,0.9517448,0.042085808,0.0061694444,-0.94557536,Negative
T0963,15903,Offensive language,"RT @HugMakeEm: I love a bad bitch with a attitude, idk why but a cutie that's a savage is sexy as fuck",rt i love a bad bitch with a attitude idk why but a cutie that s a savage is sexy as fuck,22,3,0,3,0,0.10106193,0.1216159,0.7773222,0.67626023,Positive
T0964,15959,Offensive language,RT @IamTysonBettis: When u love her none of them hoes matter..,rt when u love her none of them hoes matter,10,3,0,3,0,0.054630425,0.42342556,0.5219439,0.4673135,Positive
T0965,15997,Offensive language,RT @ImNeverChillin: pregnant bitches get on the bus and think you suppose to give them your seat like bitch you should of fucked a nigga wi…,rt pregnant bitches get on the bus and think you suppose to give them your seat like bitch you should of fucked a nigga wi,25,3,1,2,0,0.8852721,0.108893156,0.0058347685,-0.8794373,Negative
T0966,16018,Neither,RT @InduZtriouZ_Neo: I am a strong believer that birds of a feather flock together,rt i am a strong believer that birds of a feather flock together,13,3,0,0,3,0.005922622,0.21660803,0.77746934,0.7715467,Positive
T0967,16098,Offensive language,"RT @JadedByPolitics: @Coondawg68 @velvethammer so damn stupid, someone needs to sit that bitch down & explain to her that #Communism is a p…",rt so damn stupid someone needs to sit that bitch down explain to her that communism is a p,19,3,0,3,0,0.94928324,0.04514851,0.005568247,-0.943715,Negative
T0968,16101,Offensive language,RT @JafricanFlow: This is so stupid 😂 RT @WestSideFlee: How you gone wife a bitch that let niggas lick on her head in public?,rt this is so stupid rt how you gone wife a bitch that let niggas lick on her head in public,21,3,0,3,0,0.92648506,0.068742625,0.0047722296,-0.9217128,Negative
T0969,16129,Offensive language,RT @Jawdan__: You're a faggot if you ever had the Kim Possible BBM notification,rt you re a faggot if you ever had the kim possible bbm notification,14,9,4,5,0,0.7942744,0.1926227,0.013102939,-0.78117144,Negative
T0970,16134,Offensive language,RT @JayIIuminati: Nothing will stop a hoe from going to the club. http://t.co/UciCSx5Vus,rt nothing will stop a hoe from going to the club,11,3,0,3,0,0.5815731,0.3803446,0.03808228,-0.5434908,Negative
T0971,16138,Offensive language,RT @JayUcci_: 😂 mfz in this bitch sellin chicken wings & fries,rt mfz in this bitch sellin chicken wings fries,9,3,0,3,0,0.69607836,0.2875741,0.016347518,-0.67973083,Negative
T0972,16148,Offensive language,RT @Jayy_Gee96: Dumb bitches,rt dumb bitches,3,3,1,2,0,0.77235854,0.21398054,0.013660861,-0.7586977,Negative
T0973,16150,Offensive language,RT @Jazsmin__: You always ugly to a bitch that don't like you😴,rt you always ugly to a bitch that don t like you,12,3,0,3,0,0.8816982,0.11064596,0.007655831,-0.87404233,Negative
T0974,16167,Offensive language,"RT @JeromeSantonio: I don't care how much I hate a girl, I'll never call her a hoe, bitch, slut or any of that shit lol",rt i don t care how much i hate a girl i ll never call her a hoe bitch slut or any of that shit lol,26,3,0,3,0,0.8893269,0.09430521,0.016367873,-0.872959,Negative
T0975,16172,Offensive language,RT @JesusMVela: “@Enriquuee_: @JesusMVela @wigga32 fucking pussy that's why” exactly. Let me @ the nigga @RyanMattheww7 were talking about …,rt fucking pussy that s why exactly let me the nigga were talking about,14,3,0,3,0,0.8929271,0.09901264,0.008060202,-0.8848669,Negative
T0976,16191,Offensive language,RT @JoeBudden: Chillin w a couple of hoes that like hoes that like niggas that don’t act like hoes.,rt chillin w a couple of hoes that like hoes that like niggas that don t act like hoes,19,3,0,3,0,0.20087732,0.71594006,0.08318269,-0.11769463,Neutral
T0977,16193,Offensive language,RT @JoeBudden: I only be looking like I’m fucking bitches… I don’t tho,rt i only be looking like i m fucking bitches i don t tho,14,3,0,3,0,0.72033405,0.25147444,0.028191486,-0.69214255,Negative
T0978,16199,Offensive language,"RT @JoeBudden: My definition of ""bad bitch"" has changed drastically over the years.",rt my definition of bad bitch has changed drastically over the years,12,3,0,3,0,0.68902373,0.28333172,0.027644632,-0.6613791,Negative
T0979,16201,Offensive language,"RT @JoeBudden: Ok, I gotta cut this Carl Thomas album off b4 I call my ex & say fuck u u ruthless bitch. Lol",rt ok i gotta cut this carl thomas album off b i call my ex say fuck u u ruthless bitch lol,22,3,1,2,0,0.8859116,0.09963008,0.014458426,-0.87145317,Negative
T0980,16206,Offensive language,RT @JoeBudden: The dating scene so wack out here dog… shit super trash.,rt the dating scene so wack out here dog shit super trash,12,3,0,3,0,0.9497328,0.04557276,0.004694385,-0.9450384,Negative
T0981,16212,Offensive language,"RT @JoeCool_TVC: You can't be a hoe saying that another girls a hoe. Your both hoes, it cancels each other out.",rt you can t be a hoe saying that another girls a hoe your both hoes it cancels each other out,21,3,1,2,0,0.825,0.1653789,0.009621198,-0.8153788,Negative
T0982,16240,Offensive language,"RT @JstKeepScrollin: Me fixing my car :10,000 The fade this hoe gone catch : Pricless http://t.co/qMU2um1nC3",rt me fixing my car the fade this hoe gone catch pricless,12,4,0,4,0,0.3098748,0.50064677,0.1894785,-0.1203963,Neutral
T0983,16241,Offensive language,RT @JuanNDaCut: Explaining to a girl how u don't have hoes http://t.co/eY7lmc5i2W,rt explaining to a girl how u don t have hoes,11,3,1,2,0,0.1413009,0.8191868,0.03951236,-0.10178854,Neutral
T0984,16243,Neither,RT @JuanNDaCut: When twitter rappers dm me their trash links http://t.co/yck16ZiNZZ,rt when twitter rappers dm me their trash links,9,6,1,1,4,0.718694,0.26991472,0.011391367,-0.70730263,Negative
T0985,16265,Offensive language,RT @JustLeShay: “@TheKaosYatti: @JustLeShay Who said you was cute🐣” byeeee mad bitch! 😒 come visit me,rt who said you was cute byeeee mad bitch come visit me,12,3,0,3,0,0.91630507,0.07542376,0.008271214,-0.90803385,Negative
T0986,16299,Offensive language,RT @KINGTUNCHI_: These bitches play both sides but get left in the middle!,rt these bitches play both sides but get left in the middle,12,6,0,6,0,0.8396266,0.14940332,0.01097009,-0.8286565,Negative
T0987,16319,Offensive language,RT @KanyeFaaces: when you let go of all your hoes for one girl but she end up bein a hoe too http://t.co/kn1yKRw4J4,rt when you let go of all your hoes for one girl but she end up bein a hoe too,20,6,0,6,0,0.5938385,0.38822117,0.017940272,-0.57589823,Negative
T0988,16340,Offensive language,RT @KeOs_GunnPlay: U can kill carl but not my nigga glenn whos gonna take care of my hoe maggie,rt u can kill carl but not my nigga glenn whos gonna take care of my hoe maggie,18,3,1,2,0,0.7926533,0.1969905,0.010356161,-0.78229713,Negative
T0989,16366,Offensive language,RT @KeyshBeChillin Have you bitches done your Kegals today?,rt have you bitches done your kegals today,8,3,0,3,0,0.112626486,0.8439237,0.04344988,-0.06917661,Neutral
T0990,16410,Offensive language,RT @KingHorseDick: Nowadays if u have a threesome with these new generation bitches.. that one hoe gonna go tell everybody she fucked both …,rt nowadays if u have a threesome with these new generation bitches that one hoe gonna go tell everybody she fucked both,22,3,0,3,0,0.73621756,0.25332442,0.010458044,-0.7257595,Negative
T0991,16416,Offensive language,"RT @KingRyin: RIP Robin Williams, I'm gonna fuck the baddest bitch tonight for you bruh",rt rip robin williams i m gonna fuck the baddest bitch tonight for you bruh,15,3,0,3,0,0.8677766,0.10696558,0.025257815,-0.84251875,Negative
T0992,16418,Offensive language,"RT @KingTeej_: Thats when you say ""this bitch aint got no job"" #mlrt",rt thats when you say this bitch aint got no job mlrt,12,3,0,3,0,0.79260296,0.19327177,0.014125269,-0.77847767,Negative
T0993,16430,Offensive language,"RT @Kiss_MyBeautyy: I'd rather argue & make up 😘 then fight 👊💥💢 & break up , 🏃💃✌️cause 💦 thirsty bitches 👯 love to see happy 😊🏡 homes FUC…",rt i d rather argue make up then fight break up cause thirsty bitches love to see happy homes fuc,20,3,0,3,0,0.8460516,0.13304807,0.020900298,-0.82515126,Negative
T0994,16452,Offensive language,RT @KushDahGodd: Five things I'll never give a bitch☝️ 1:My Heart 2:My Weed 3:My Money 4:My Twitter 5:My Netflix password 💯💯💯💯💯💯💯,rt five things i ll never give a bitch my heart my weed my money my twitter my netflix password,20,3,0,3,0,0.10315165,0.50029254,0.39655584,0.2934042,Neutral
T0995,16459,Hate speech,"RT @KxRxSxB: We all know that one person that could say anything and you just look at them thinking ""you're retarded, stfu"" #stupidBitches",rt we all know that one person that could say anything and you just look at them thinking you re retarded stfu stupidbitches,23,3,2,1,0,0.9022073,0.08896299,0.00882978,-0.89337754,Negative
T0996,16463,Offensive language,"RT @KyleKallgren: You can't please everyone. And you shouldn't. Nothing good comes from having people who say ""faggot"" as an insult on your…",rt you can t please everyone and you shouldn t nothing good comes from having people who say faggot as an insult on your,24,3,0,2,1,0.9177775,0.07688079,0.0053417003,-0.91243577,Negative
T0997,16472,Neither,RT @L3tsVibe: Keys open doors when them keys is albino,rt keys open doors when them keys is albino,9,3,0,0,3,0.03405012,0.91150767,0.05444221,0.02039209,Neutral
T0998,16573,Offensive language,RT @LifeAs_Meghan: I only wear weave because I like it !! A bitch got hair 😂💁,rt i only wear weave because i like it a bitch got hair,13,3,0,3,0,0.06464537,0.30899784,0.62635684,0.5617115,Positive
T0999,16575,Neither,RT @LifeNewsHQ: BREAKING: Florida Pro-Life Gov. Rick Scott Defeats Pro-Abortion Challenger Charlie Crist http://t.co/GpR1hQlEN2 #tcot http:…,rt breaking florida pro life gov rick scott defeats pro abortion challenger charlie crist tcot http,16,3,0,0,3,0.17332315,0.8110609,0.015615905,-0.15770724,Neutral
T1000,16609,Offensive language,"RT @LissetElisa: Juan likes black girls monday - wednesday, spanish girls thursday & friday, & white bitches on the weekend tbb",rt juan likes black girls monday wednesday spanish girls thursday friday white bitches on the weekend tbb,17,3,0,3,0,0.08689932,0.87151617,0.041584607,-0.04531471,Neutral
T1001,16612,Offensive language,RT @LittleSavage_: oml i never questioned my nigga ab another bitch & if the nigga ever said some shit like that! that nigga lied.,rt oml i never questioned my nigga ab another bitch if the nigga ever said some shit like that that nigga lied,22,3,1,2,0,0.87181723,0.11916322,0.00901956,-0.8627977,Negative
T1002,16627,Neither,RT @Lmao: When I make the paper ball into the trash can. 📰🏀💨 http://t.co/VjeGtjEP3X,rt when i make the paper ball into the trash can,11,3,0,0,3,0.0730407,0.8816165,0.045342866,-0.027697835,Neutral
T1003,16642,Offensive language,"RT @LosBeOnIt: Sex on 1st date dont mean you a hoe, waiting 90 days wont make you a wife, cute pics dont mean y'all happy, having a title d…",rt sex on st date dont mean you a hoe waiting days wont make you a wife cute pics dont mean y all happy having a title d,28,3,0,3,0,0.8283771,0.15728696,0.014335961,-0.81404114,Negative
T1004,16677,Offensive language,RT @Luh_Myra: can't no bitch tell me a nigga NOT mines until she ready to tell me how tf he hers . 😴👋 it's levels to this shit ! 😜,rt can t no bitch tell me a nigga not mines until she ready to tell me how tf he hers it s levels to this shit,27,3,0,3,0,0.67547166,0.28928497,0.035243377,-0.6402283,Negative
T1005,16713,Offensive language,RT @MNYves: I want someone I can call my own without another bitch staking claim on him simultaneously.,rt i want someone i can call my own without another bitch staking claim on him simultaneously,17,3,1,2,0,0.49350566,0.4239834,0.08251091,-0.41099474,Negative
T1006,16755,Offensive language,RT @Marlin_FishyAss: Damn hoes askin niggas do I smoke.... No bitch u not getting smoked out tonight,rt damn hoes askin niggas do i smoke no bitch u not getting smoked out tonight,16,3,0,3,0,0.7825057,0.20286499,0.014629304,-0.7678764,Negative
T1007,16766,Offensive language,RT @MasterChefSweg: Basic bitch starter pack http://t.co/ehE4QBUVuJ,rt basic bitch starter pack,5,3,0,3,0,0.4297269,0.54742557,0.022847475,-0.40687943,Neutral
T1008,16784,Neither,RT @McNarstle: @CzickenShack I go on Drudge Report every day now hoping to see a story about your tranny army,rt i go on drudge report every day now hoping to see a story about your tranny army,18,3,0,1,2,0.24531756,0.6857135,0.068968855,-0.17634872,Neutral
T1009,16797,Offensive language,RT @MelloPsycho: Apparently the current hair trend for Hollywood bitches is to look like you lost a fight with a weed whacker.,rt apparently the current hair trend for hollywood bitches is to look like you lost a fight with a weed whacker,21,3,0,3,0,0.68286055,0.29810676,0.01903263,-0.6638279,Negative
T1010,16831,Offensive language,"RT @MikeDiggEm: ""@_2kkz: She threw me that pussy bt i neva caught it"" gay",rt she threw me that pussy bt i neva caught it gay,12,3,0,3,0,0.6787356,0.29589522,0.025369197,-0.65336645,Negative
T1011,16845,Neither,"RT @Mikey_Hands: Yankees offseason plan: Sign Sandoval, move A-Rod to first base, shoot Teixeira and throw his corpse in the East River. #Y…",rt yankees offseason plan sign sandoval move a rod to first base shoot teixeira and throw his corpse in the east river y,23,3,1,0,2,0.14681202,0.82754946,0.025638595,-0.12117343,Neutral
T1012,16864,Offensive language,RT @MisterrRager: “@ViriDoesItt: I already know you trash if being tatted is on the list of things you want in a nigga..” Off top.,rt i already know you trash if being tatted is on the list of things you want in a nigga off top,22,3,0,3,0,0.8773838,0.11461756,0.007998618,-0.8693852,Negative
T1013,16901,Hate speech,RT @MrHoratioSanz: Vin Scully once called me a camel jockey. #liesaboutvinscully,rt vin scully once called me a camel jockey liesaboutvinscully,10,3,2,1,0,0.2556208,0.70373523,0.040643997,-0.21497682,Neutral
T1014,16920,Offensive language,RT @Mryungone: “@viaNAWF I got some lightskin pussy one time and the bitch damn near had me bout to propose.” had some I had to immediately…,rt i got some lightskin pussy one time and the bitch damn near had me bout to propose had some i had to immediately,24,4,0,4,0,0.625159,0.29840156,0.07643946,-0.5487196,Negative
T1015,16956,Offensive language,RT @My_Bird_Tweets: “@AdrienBroner: Two bad bitches giving me head at the same dam time...... #oldPICS LOL http://t.co/txxidDOHd2”😂😂😂😂😂 aww…,rt two bad bitches giving me head at the same dam time oldpics lol aww,15,3,0,3,0,0.4566108,0.3604742,0.182915,-0.2736958,Negative
T1016,16959,Offensive language,"RT @Mymangot2JOBS_: When a bitch comment on my nigga pic like ""u so fine😻😻"" I @ em thirst buckets back and be like ""thanks😽""",rt when a bitch comment on my nigga pic like u so fine i em thirst buckets back and be like thanks,22,3,0,3,0,0.24734388,0.452002,0.30065414,0.05331026,Neutral
T1017,16978,Offensive language,"RT @NabilAbuAmirah: @SteveWorks4You gave themselves, when the bakers took pay cuts that killed the Twinkie. Tell the fucking truth for once…",rt gave themselves when the bakers took pay cuts that killed the twinkie tell the fucking truth for once,19,3,0,3,0,0.9310608,0.063945636,0.0049935947,-0.9260672,Negative
T1018,16980,Offensive language,RT @NachoPicasso: These fine bitches are prolly poopin and flat ironing they hair to no flex zone right now...,rt these fine bitches are prolly poopin and flat ironing they hair to no flex zone right now,18,3,0,2,1,0.35976928,0.48075905,0.15947162,-0.20029767,Neutral
T1019,17006,Hate speech,RT @NerdAtCoolTable: RT @RealSheemBacc: For every bad bitch there is a nigga who treats them like shit & yet they stay..... I wanna ...,rt rt for every bad bitch there is a nigga who treats them like shit yet they stay i wanna,20,3,2,1,0,0.78707576,0.20009702,0.01282725,-0.7742485,Negative
T1020,17010,Neither,RT @NerdistDotCom: Forget your typical graduation speech. Charlie Day manages to be hilarious AND inspirational in today’s MIFVOTD: http://…,rt forget your typical graduation speech charlie day manages to be hilarious and inspirational in today s mifvotd,18,3,0,0,3,0.0037576202,0.042871073,0.9533713,0.9496137,Positive
T1021,17015,Offensive language,"RT @NewYorkTaughtMe: 😐😐😐😐😐 “@MattieSavage_: WHAT THE FUCK RT @JuanNdaCut: ""Killed two birds with one stone""😭😭 http://t.co/ZPiiwrdFaj”",rt what the fuck rt killed two birds with one stone,11,3,0,2,1,0.9414981,0.054650575,0.003851311,-0.9376468,Negative
T1022,17054,Offensive language,RT @NoBeeetch: Y'all we use to have to take pictures on real cameras and upload them hoes through the computer. Wow,rt y all we use to have to take pictures on real cameras and upload them hoes through the computer wow,21,3,0,3,0,0.34995732,0.51698965,0.13305303,-0.21690428,Neutral
T1023,17107,Offensive language,RT @Null_Hypothesiz: Omg you own a microwave!? Fancy bitch,rt omg you own a microwave fancy bitch,8,3,0,3,0,0.47458658,0.36762753,0.15778588,-0.3168007,Negative
T1024,17110,Offensive language,RT @Nyash_Whisperer: After these shows yall bitches imitate n wonder u I say d things I say,rt after these shows yall bitches imitate n wonder u i say d things i say,16,3,0,3,0,0.50512785,0.4702446,0.024627538,-0.4805003,Negative
T1025,17120,Offensive language,"RT @OGBEARD: And he still wont get no bitches RT ""@willyroast2: Wow wtf http://t.co/h4NUr7ZzB8""""",rt and he still wont get no bitches rt wow wtf,11,3,0,3,0,0.86395526,0.12659131,0.009453529,-0.8545017,Negative
T1026,17142,Offensive language,RT @OPP_YouKnowMe: Tell these hoes that they gotta glo up one day.,rt tell these hoes that they gotta glo up one day,11,3,1,2,0,0.27178246,0.60657007,0.12164749,-0.15013497,Neutral
T1027,17143,Neither,RT @OSAY_it_aint_so: “@fvxkgvld: when a ghetto girl tries to read in class pt1 https://t.co/uW7aBqBToC” LMAOOO,rt when a ghetto girl tries to read in class pt lmaooo,12,3,0,1,2,0.51612717,0.44790992,0.03596289,-0.4801643,Negative
T1028,17201,Neither,"RT @OpWarriorTeam: Hi ho, hi ho, it's off to work we go! It's #MilitaryMonday...support a military organization today. http://t.co/9DV04wk…",rt hi ho hi ho it s off to work we go it s militarymonday support a military organization today,20,3,0,0,3,0.0028441306,0.086416684,0.9107392,0.907895,Positive
T1029,17220,Offensive language,"RT @PABLO_BAAIH: ""Good pussy is pussy that makes you really think bout making her breakfast pussy that makes you think about being a father""",rt good pussy is pussy that makes you really think bout making her breakfast pussy that makes you think about being a father,23,3,0,3,0,0.036125164,0.32445097,0.63942385,0.60329866,Positive
T1030,17238,Offensive language,RT @PRIVALEDGE: Undercover hoes,rt undercover hoes,3,6,1,5,0,0.22178048,0.7475934,0.030626109,-0.19115438,Neutral
T1031,17250,Offensive language,"RT @Papa_Erwin: This beat deserves Hennessey, a bad bitch, & a bag of weed. The Holy Trinity",rt this beat deserves hennessey a bad bitch a bag of weed the holy trinity,15,3,0,3,0,0.27963138,0.37753054,0.3428381,0.06320673,Neutral
T1032,17258,Neither,"RT @ParkerHouk1: If I could be anywhere on earth right now, you know it would be Yankees Stadium",rt if i could be anywhere on earth right now you know it would be yankees stadium,17,3,0,0,3,0.08183029,0.55422294,0.36394677,0.28211647,Neutral
T1033,17281,Offensive language,RT @Phuneas: Going as Candace for Halloween lmao ugly bitch,rt going as candace for halloween lmao ugly bitch,9,3,0,3,0,0.87377745,0.116864026,0.009358507,-0.8644189,Negative
T1034,17297,Hate speech,RT @PlainBlack_D: Get these trash ass niggas outta my stadium!!! 😂😂😂,rt get these trash ass niggas outta my stadium,9,3,2,1,0,0.94545734,0.047937244,0.0066053867,-0.93885195,Negative
T1035,17324,Offensive language,RT @Pouyalilpou: this bitch is no help at all http://t.co/Fk5VZaLC54,rt this bitch is no help at all,8,3,0,3,0,0.94045717,0.05407279,0.005469992,-0.9349872,Negative
T1036,17332,Offensive language,RT @Pretty_N_Purrls: To my EX that bitch can have you. 👐,rt to my ex that bitch can have you,9,3,0,3,0,0.7345132,0.24258004,0.022906775,-0.71160644,Negative
T1037,17347,Neither,RT @Professor_Ryan: I thought it was raining because of the sound on the roof but it was just birds exploding from the heat.,rt i thought it was raining because of the sound on the roof but it was just birds exploding from the heat,22,3,0,0,3,0.27090842,0.682161,0.046930622,-0.22397779,Neutral
T1038,17362,Offensive language,"RT @QuilaTheDiva: After the age of 21 its about credit scores, future plans and creating assets. Not cars, clothes, niggas/bitches, clubs, …",rt after the age of its about credit scores future plans and creating assets not cars clothes niggas bitches clubs,20,3,0,3,0,0.049522016,0.82870406,0.12177392,0.0722519,Neutral
T1039,17369,Offensive language,RT @RAYCHIELOVESU: I just don't understand the grey area of being a hoe but lying about it. Like close your legs OR just be about that life…,rt i just don t understand the grey area of being a hoe but lying about it like close your legs or just be about that life,27,3,0,3,0,0.8664567,0.12752834,0.0060150004,-0.8604417,Negative
T1040,17384,Offensive language,RT @RLE_Raider: Thanks Ravens 4 beating those fags. Now believe I don't give a fuck about you. I'm Raider Nation bitches. Thanks 4 pu ...,rt thanks ravens beating those fags now believe i don t give a fuck about you i m raider nation bitches thanks pu,23,3,0,3,0,0.5166221,0.24961005,0.2337678,-0.28285432,Negative
T1041,17395,Offensive language,RT @RabehChararah1: Wack ass hoes,rt wack ass hoes,4,3,0,3,0,0.87179965,0.11871788,0.00948242,-0.8623172,Negative
T1042,17421,Offensive language,RT @Randall_Jayy: “@_100D: I got hard dick for all dez bitches. I get all they numbers I don't call dez bitches.” LMAO RT,rt i got hard dick for all dez bitches i get all they numbers i don t call dez bitches lmao rt,22,3,0,3,0,0.22192901,0.56943023,0.20864074,-0.013288274,Neutral
T1043,17438,Neither,RT @RayIopez: When you're approaching your high score in flappy bird and die one pipe away http://t.co/bI1RQ6A1ur,rt when you re approaching your high score in flappy bird and die one pipe away,16,3,0,0,3,0.17183803,0.7173489,0.110813156,-0.061024874,Neutral
T1044,17466,Offensive language,"RT @ReallyHighIdeas: Scientists have recently discovered that bitches, do in fact, be trippin'",rt scientists have recently discovered that bitches do in fact be trippin,12,3,1,2,0,0.24119212,0.7026388,0.05616906,-0.18502305,Neutral
T1045,17470,Offensive language,"RT @RedTvvitter: ""Does my Mewtwo make your pussy wet?"" http://t.co/W4zzHr6Kum",rt does my mewtwo make your pussy wet,8,3,0,3,0,0.02278112,0.86277646,0.11444249,0.09166137,Neutral
T1046,17485,Offensive language,RT @RichHomieMeezy: @54OO_Mauri my internet aint get transfered yet pussy,rt my internet aint get transfered yet pussy,8,3,0,3,0,0.84953177,0.14237064,0.008097608,-0.8414342,Negative
T1047,17509,Offensive language,RT @RobIsRandomAF_6: Tyrese a baby back bitch! Hope they kill him before Black History Month. #AMCWalkingDead,rt tyrese a baby back bitch hope they kill him before black history month amcwalkingdead,15,3,0,3,0,0.9547731,0.040010292,0.0052166684,-0.94955647,Negative
T1048,17519,Hate speech,"RT @RollingWithTrin: ""1, 2, 3, 4, how many niggers are in my store? I knowwww you're stealing!"" 😂😂😂",rt how many niggers are in my store i knowwww you re stealing,13,3,3,0,0,0.73056406,0.22332564,0.0461103,-0.6844538,Negative
T1049,17541,Offensive language,RT @SAMMI_boyden: @jizcalifuh it's a metaphor you dumb fucking nigger @savanigga 😂😂😍😍👅👅,rt it s a metaphor you dumb fucking nigger,9,3,1,2,0,0.827956,0.1421341,0.029909886,-0.7980461,Negative
T1050,17551,Offensive language,RT @SF_LaMasterBoy: Im scared of her...her pussy too good!! Lol,rt im scared of her her pussy too good lol,10,3,0,3,0,0.5130191,0.27993387,0.20704703,-0.30597204,Negative
T1051,17552,Offensive language,"RT @SFsneeejayy: Bitch hmu say she need sex right now, bitch nigga hmu saying he upset right now",rt bitch hmu say she need sex right now bitch nigga hmu saying he upset right now,17,3,0,3,0,0.8268778,0.16270137,0.010420908,-0.81645685,Negative
T1052,17554,Offensive language,RT @SKINNY_NiggaDoe: RT @1JohnnyCinco: Let a nigga try me try me I'm a fuck all the hoes in his family,rt rt let a nigga try me try me i m a fuck all the hoes in his family,19,3,1,2,0,0.79283756,0.18219405,0.024968417,-0.7678691,Negative
T1053,17582,Hate speech,RT @Sam_James3: @will123_william @haydenhill13 @aknadnrye @khalilreed I don't care tho cracker,rt i don t care tho cracker,7,3,2,0,1,0.3176242,0.6393047,0.043071043,-0.27455318,Neutral
T1054,17609,Offensive language,RT @Say_Lil_Zack: Why y'all's ain't do nun when the fat bitch jumped on me! Yall a trip‼️,rt why y all s ain t do nun when the fat bitch jumped on me yall a trip,19,3,0,3,0,0.92220044,0.06948204,0.008317573,-0.91388285,Negative
T1055,17627,Offensive language,RT @SenorSteez: I cannot fuck with a broke bitch! 💯,rt i cannot fuck with a broke bitch,8,3,0,3,0,0.91728026,0.07044829,0.012271405,-0.90500885,Negative
T1056,17640,Offensive language,RT @SexualTruth: Eating your womans pussy is good for the soul.,rt eating your womans pussy is good for the soul,10,6,0,6,0,0.022203797,0.3426457,0.6351505,0.6129467,Positive
T1057,17651,Offensive language,"RT @Shaa_Jenkins: If I hit ya nigga , bitch I'm sorry 😈😎",rt if i hit ya nigga bitch i m sorry,10,3,0,3,0,0.6746822,0.2887947,0.036523115,-0.6381591,Negative
T1058,17697,Neither,RT @ShmurdaGang: Free wop,rt free wop,3,3,0,0,3,0.025040312,0.9115694,0.063390285,0.03834997,Neutral
T1059,17698,Offensive language,RT @Shoota1017: I wish sombody get this hoe away from me,rt i wish sombody get this hoe away from me,10,3,0,2,1,0.940668,0.053345934,0.0059860414,-0.93468195,Negative
T1060,17717,Offensive language,RT @SincerelyTumblr: Becoming a cold hearted bitch wasn’t really what I planned to do with my life but here I am,rt becoming a cold hearted bitch wasn t really what i planned to do with my life but here i am,21,3,0,3,0,0.8523378,0.13854831,0.00911389,-0.84322387,Negative
T1061,17769,Offensive language,RT @Sosa_chello: Ian worried bout a bitch who ain't worried bout me 😎💯,rt ian worried bout a bitch who ain t worried bout me,12,3,0,3,0,0.22066696,0.67342067,0.10591239,-0.11475457,Neutral
T1062,17777,Offensive language,"RT @SpaceCatPics: Meow, bitches",rt meow bitches,3,3,0,3,0,0.3311505,0.61128646,0.057563107,-0.2735874,Neutral
T1063,17798,Neither,"RT @SportsCenter: Peyton Manning's remarkable season: • 5,477 Pass yds (NFL record) • 55 Pass TD (NFL record) • 450 completions • likely ho…",rt peyton manning s remarkable season pass yds nfl record pass td nfl record completions likely ho,17,3,0,0,3,0.0047437986,0.35379168,0.64146453,0.6367207,Positive
T1064,17800,Neither,"RT @SportsCenter: Yankees survive 9th-inning scare to beat Rangers, 12-11. • Gardner: 4-5, HR, RBI, 3 R • Teixeira: 1-2, HR, 2 RBI, 3 R htt…",rt yankees survive th inning scare to beat rangers gardner hr rbi r teixeira hr rbi r htt,18,3,0,0,3,0.0067601227,0.8997382,0.0935017,0.08674158,Neutral
T1065,17802,Offensive language,"RT @Sqaud9Rell: she's a hoe, she's ugly, she's a bitch, she's this, she's that .. but you dated her? please, take a seat.",rt she s a hoe she s ugly she s a bitch she s this she s that but you dated her please take a seat,26,3,0,3,0,0.9360458,0.058711577,0.00524263,-0.9308032,Negative
T1066,17803,Offensive language,RT @StLNetworkGuru: Write in Christine LaPorta for #MOSen #Ferguson She represents all ChappelleNadal refer to whites as crackers & KKK ht…,rt write in christine laporta for mosen ferguson she represents all chappellenadal refer to whites as crackers kkk ht,19,3,0,2,1,0.24425742,0.72665286,0.02908974,-0.21516769,Neutral
T1067,17806,Offensive language,"RT @StayTrippyyyy_: I love bad bitches, that's my fucking problem!",rt i love bad bitches that s my fucking problem,10,3,0,3,0,0.85579455,0.10581089,0.038394507,-0.81740004,Negative
T1068,17809,Offensive language,RT @SteadmanTerri: @wheeler_kashhh bitch waaaaaa??,rt bitch waaaaaa,3,3,0,3,0,0.47363275,0.51050013,0.015867094,-0.45776567,Neutral
T1069,17823,Offensive language,"RT @StevStiffler: Element number 35 is Bromine and it comes before number 67 Ho (Holmium). Therefore, its Bros before hoes.",rt element number is bromine and it comes before number ho holmium therefore its bros before hoes,17,6,0,6,0,0.014596011,0.9193526,0.06605134,0.05145533,Neutral
T1070,17829,Offensive language,"RT @StevStiffler: what does ""forever"" mean to some of you bitches? lol 3 months?",rt what does forever mean to some of you bitches lol months,12,6,1,5,0,0.58022684,0.39853716,0.021236053,-0.5589908,Negative
T1071,17845,Offensive language,RT @Steven_ratata: @savanigga warning shots are for pussies I'm just gonna gun you down! And steal your pink boots!,rt warning shots are for pussies i m just gonna gun you down and steal your pink boots,18,3,0,2,1,0.92804396,0.0626361,0.009319872,-0.91872406,Negative
T1072,17859,Neither,RT @Sttbs73: I see the crazy #teabaggers have given up on defunding Obamacare and have moved on to using veterans! #1MVetMarch,rt i see the crazy teabaggers have given up on defunding obamacare and have moved on to using veterans mvetmarch,20,3,0,1,2,0.833589,0.15367036,0.012740636,-0.8208484,Negative
T1073,17868,Offensive language,"RT @Suicide_gawd: Nigga when from "" Can I get a hug"" to ""I got hoes b "" http://t.co/ACLiqHQ5PV",rt nigga when from can i get a hug to i got hoes b,14,3,1,2,0,0.31990713,0.6446635,0.0354293,-0.28447783,Neutral
T1074,17869,Offensive language,RT @SuiradKilam: No respect for a bitch She gonna top me regardless @SD_GBE300,rt no respect for a bitch she gonna top me regardless,11,3,0,3,0,0.7683544,0.20297317,0.028672326,-0.7396821,Negative
T1075,17910,Offensive language,RT @TAXSTONE: These bitches self esteem built off likes and their principles built off Instagram memes,rt these bitches self esteem built off likes and their principles built off instagram memes,15,6,0,6,0,0.68726826,0.29188997,0.020841766,-0.6664265,Negative
T1076,17916,Offensive language,RT @TDill11: These hoes ain't got nothin' on ya 🎶,rt these hoes ain t got nothin on ya,9,3,0,2,1,0.21489152,0.7243218,0.060786698,-0.15410483,Neutral
T1077,17917,Neither,RT @TEL1967: Darn trash man he beat me to the good stuff again. http://t.co/vdDJQ4l0mg,rt darn trash man he beat me to the good stuff again,12,3,0,1,2,0.9193946,0.07237206,0.008233332,-0.9111613,Negative
T1078,17932,Offensive language,RT @TORYRVGXR: I be in yo bitch pussy like http://t.co/GJXThTpjpU,rt i be in yo bitch pussy like,8,3,0,3,0,0.23833723,0.68882245,0.072840355,-0.16549689,Neutral
T1079,17997,Offensive language,RT @ThaReal_Elijah: Real niggah over here💯😈,rt real niggah over here,5,3,0,3,0,0.021994416,0.52900493,0.44900066,0.42700624,Neutral
T1080,18026,Hate speech,RT @TheAfricanSiren: Automatically suspicious of white folk who try too hard to show they like us darkies.,rt automatically suspicious of white folk who try too hard to show they like us darkies,16,3,2,0,1,0.6842135,0.3057215,0.010064963,-0.67414856,Negative
T1081,18046,Neither,RT @TheComedyHumor: When I make a paper ball in the trash can http://t.co/mOxmRsOOv9,rt when i make a paper ball in the trash can,11,3,0,0,3,0.095258564,0.86587775,0.03886374,-0.056394823,Neutral
T1082,18073,Offensive language,RT @TheHolyKuran: Bitches eyebrows be 5% hair and 95% makeup talkin bout “eyebrows on fleek” smh sit down before i lick my thumb hoe,rt bitches eyebrows be hair and makeup talkin bout eyebrows on fleek smh sit down before i lick my thumb hoe,21,3,0,3,0,0.8299466,0.153569,0.016484452,-0.81346214,Negative
T1083,18097,Offensive language,"RT @TheOnlyReed: Lmaooooooo ain't fuckin no bitch with doo Doo in her butt while I'm foreplaying, THE FUCK",rt lmaooooooo ain t fuckin no bitch with doo doo in her butt while i m foreplaying the fuck,19,3,0,3,0,0.922636,0.06865013,0.008713874,-0.9139221,Negative
T1084,18118,Offensive language,RT @TheRealMFast: Niggas cheat on the most loyal most beautiful women with fucking trash,rt niggas cheat on the most loyal most beautiful women with fucking trash,13,3,0,3,0,0.9208445,0.06959525,0.0095603075,-0.9112842,Negative
T1085,18122,Neither,RT @TheRisingStar23: Shy Glizzy Decent Af,rt shy glizzy decent af,5,3,0,1,2,0.023386676,0.65321976,0.32339358,0.3000069,Neutral
T1086,18139,Offensive language,RT @TheVoiceOfMiami: If you got to have every hoe you see you a weak nigga...,rt if you got to have every hoe you see you a weak nigga,14,3,0,3,0,0.8460845,0.14568552,0.00822995,-0.8378545,Negative
T1087,18141,Offensive language,"RT @TheVoiceOfMiami: Twitter hoes just different, bitches want to text or DM all day. Hoe I'm trying to fuck something...",rt twitter hoes just different bitches want to text or dm all day hoe i m trying to fuck something,20,3,0,3,0,0.73352474,0.2461712,0.020304061,-0.71322066,Negative
T1088,18159,Offensive language,"RT @Therealalonig: $10,000 dinner dates with yo man bitch. #pow @karrueche http://t.co/LOP1LY4HvS",rt dinner dates with yo man bitch pow,8,3,0,3,0,0.42763692,0.50879276,0.06357026,-0.36406666,Neutral
T1089,18166,Offensive language,RT @Thomas16v: That's my bitch 😉,rt that s my bitch,5,3,0,3,0,0.15410338,0.580188,0.26570868,0.1116053,Neutral
T1090,18182,Offensive language,RT @TimRaw: Was crazy about her. Got to know her. She was a bitch. Felt betrayed by my judgment.,rt was crazy about her got to know her she was a bitch felt betrayed by my judgment,18,3,1,2,0,0.9360239,0.057277977,0.006698123,-0.92932576,Negative
T1091,18198,Offensive language,RT @Todd__Kincannon: Feminism (noun): The perverted political ideology of hateful bitches too fat to get in airplane seats --> http://t.co/…,rt feminism noun the perverted political ideology of hateful bitches too fat to get in airplane seats,17,6,0,6,0,0.81668365,0.17520194,0.008114347,-0.8085693,Negative
T1092,18209,Offensive language,"RT @TooRacist: A black man asked me ""Hey white boy, do you like niggers?"" ""Well I wouldn't use that word personally"" I said, ""Like is a st…",rt a black man asked me hey white boy do you like niggers well i wouldn t use that word personally i said like is a st,27,3,0,3,0,0.32447976,0.65275615,0.022764022,-0.30171573,Neutral
T1093,18252,Offensive language,RT @TrillZo_QMG: Girls with good pussy are possessed by demons its a fact,rt girls with good pussy are possessed by demons its a fact,12,3,0,3,0,0.6119665,0.34299013,0.045043457,-0.566923,Negative
T1094,18267,Offensive language,RT @TrxllLegend: One good girl is worth a thousand bitches 👰 = 👭👭👭👭👭👭👭👭👭👭👭👭👭👭👭👭👭👭👭👭👭👭👭👭👭👭👭👭👭👭👭👭👭👭👭👭👭👭👭👭👭👭👭👭👭👭👭👭👭👭👭👭👭👭👭👭👭👭👭👭👭👭👭👭👭👭👭👭👭👭👭👭👭👭👭…,rt one good girl is worth a thousand bitches,9,3,0,3,0,0.11355922,0.6300217,0.256419,0.14285979,Neutral
T1095,18284,Offensive language,"RT @Tweets_NOchill: If she ever been on a club flyer, She a hoe.",rt if she ever been on a club flyer she a hoe,12,3,0,3,0,0.83583075,0.15399086,0.010178367,-0.82565236,Negative
T1096,18309,Offensive language,RT @TylerZirhut: @BINDLE13 @gingerash2013 hahaha ok you got a point there there would be hella bitches screamin and cryin ova that nigga th…,rt hahaha ok you got a point there there would be hella bitches screamin and cryin ova that nigga th,20,3,0,3,0,0.45684814,0.42338237,0.11976954,-0.3370786,Negative
T1097,18328,Neither,RT @UberFacts: The strings attached to boxes of animal crackers were originally put there so that the box could be hung from Christmas tree…,rt the strings attached to boxes of animal crackers were originally put there so that the box could be hung from christmas tree,23,3,0,0,3,0.04755963,0.9167724,0.035667963,-0.011891667,Neutral
T1098,18350,Offensive language,RT @UrKindOfBrand: Vote or Die bitches,rt vote or die bitches,5,3,0,3,0,0.13505839,0.803671,0.06127061,-0.07378778,Neutral
T1099,18359,Offensive language,RT @UrsTruly_Jessie: These bitches is actors out here,rt these bitches is actors out here,7,3,0,2,1,0.6443045,0.3408579,0.0148375705,-0.62946695,Negative
T1100,18396,Offensive language,RT @VillageBae: Don't block me because you think a post is about you...just ask me. Like a boss. You employee ass bitch.,rt don t block me because you think a post is about you just ask me like a boss you employee ass bitch,23,3,1,2,0,0.8946417,0.096916735,0.008441484,-0.8862002,Negative
T1101,18419,Offensive language,RT @WORIDSTARHlPHOP: every time bobby bitch comes on http://t.co/h7b0pL8T2h,rt every time bobby bitch comes on,7,3,0,3,0,0.19292468,0.76699567,0.04007967,-0.15284501,Neutral
T1102,18421,Neither,RT @WOWFoodPics: Oreo Shake http://t.co/YE22nl8bsE,rt oreo shake,3,3,0,0,3,0.0060010985,0.8718754,0.1221234,0.1161223,Neutral
T1103,18442,Hate speech,RT @Wayne__Da__Boss: I hate a bitch dat act like a nigga. 😒,rt i hate a bitch dat act like a nigga,10,3,2,1,0,0.92083013,0.07055163,0.0086181685,-0.91221195,Negative
T1104,18463,Neither,RT @WhitePeopleTalk: “KOBE” as they shoot a piece of paper into the trash,rt kobe as they shoot a piece of paper into the trash,12,3,0,1,2,0.48603433,0.493881,0.02008469,-0.46594965,Neutral
T1105,18466,Hate speech,RT @WhitesOnly_1: #niggers! http://t.co/Hb3uJaLky2,rt niggers,2,3,2,1,0,0.024068316,0.87035686,0.10557486,0.08150654,Neutral
T1106,18473,Offensive language,RT @WhoreFandom: I'm going to let the pussy out like fight night #vote5sos,rt i m going to let the pussy out like fight night vote sos,14,3,1,2,0,0.17467439,0.6958604,0.12946528,-0.04520911,Neutral
T1107,18484,Neither,RT @WitnessLaron: So this ape can get a MCM but I can't unbelievable... http://t.co/TsmstRxQX7,rt so this ape can get a mcm but i can t unbelievable,13,3,0,1,2,0.22097343,0.748922,0.030104492,-0.19086894,Neutral
T1108,18501,Offensive language,RT @WorldStarFunny: I don't have an iPhone so I have to manually ignore these hoes http://t.co/LYZs1PU25I,rt i don t have an iphone so i have to manually ignore these hoes,15,3,1,2,0,0.6882453,0.27395624,0.037798516,-0.6504468,Negative
T1109,18513,Offensive language,RT @X_LexiiSoUnique: All I see down my TL is naked white bitches 👀👀👀🙈,rt all i see down my tl is naked white bitches,11,3,0,3,0,0.38230628,0.58419955,0.033494227,-0.34881204,Neutral
T1110,18572,Offensive language,"RT @Yansii_: Black bitches be like ""boy i told you not to get my hair wet"" http://t.co/CSG4OoPgkY",rt black bitches be like boy i told you not to get my hair wet,15,3,0,3,0,0.71306133,0.2765908,0.010347915,-0.70271343,Negative
T1111,18579,Offensive language,RT @YatchakHannah: @aireekaTK stop crying you pussy,rt stop crying you pussy,5,3,0,3,0,0.8825179,0.11056762,0.006914484,-0.8756034,Negative
T1112,18584,Offensive language,RT @Yes__We__Cam: Selfie game retarded http://t.co/HpLo9JaP9K,rt selfie game retarded,4,3,0,3,0,0.72684675,0.26199654,0.011156696,-0.7156901,Negative
T1113,18622,Offensive language,RT @Z_MEGA: @Im_Yung_Jay grab me some bitches while u up there lmao oh and a belt ( fendi ),rt grab me some bitches while u up there lmao oh and a belt fendi,15,3,0,3,0,0.23454472,0.6445376,0.12091764,-0.11362708,Neutral
T1114,18643,Offensive language,"RT @_AshCrackk: My bitch bad, she from the island",rt my bitch bad she from the island,8,3,0,3,0,0.8583449,0.13424563,0.0074095214,-0.8509354,Negative
T1115,18648,Offensive language,RT @_BeautifulKeezy: “@100046729: “@_BeautifulKeezy: @100046729 bitch😂😂😂💀”man that's so cute to me 😂😂😂💀”find a date,rt bitch man that s so cute to me find a date,12,3,0,3,0,0.18246645,0.19815174,0.6193818,0.43691534,Positive
T1116,18651,Offensive language,RT @_BeautifulKeezy: “@100046729: @_BeautifulKeezy lmfao bitch was I talking to you 😂😂”but I'm talking to you in my bubba voice 😂😂😂💀,rt lmfao bitch was i talking to you but i m talking to you in my bubba voice,18,6,0,6,0,0.5297037,0.3838256,0.08647068,-0.443233,Negative
T1117,18675,Offensive language,RT @_ConnorRay: I do not fuck with that bitch she cannot keep her legs closed,rt i do not fuck with that bitch she cannot keep her legs closed,14,3,1,2,0,0.94031703,0.05296787,0.006715059,-0.933602,Negative
T1118,18715,Offensive language,RT @_LastQueenCyn_: Niggas be in that pussy like http://t.co/DDJSB5itcD,rt niggas be in that pussy like,7,3,0,3,0,0.433892,0.5384209,0.027687093,-0.4062049,Neutral
T1119,18739,Offensive language,"RT @_Perarl: BITCH YOU GUESSED IT ""@VSamone: “@_Perarl: my pussy cuteness always sets me up for a good day😊”u need some dick"" WOOOOH You …",rt bitch you guessed it my pussy cuteness always sets me up for a good day u need some dick wooooh you,22,3,0,3,0,0.018493272,0.064023584,0.91748315,0.89898986,Positive
T1120,18750,Offensive language,RT @_SiNCERE18: - when ya friends nag you like they yo bitch 👀 mayne chill tf,rt when ya friends nag you like they yo bitch mayne chill tf,13,3,0,3,0,0.6967315,0.28921184,0.014056677,-0.6826748,Negative
T1121,18817,Offensive language,"RT @__chuuu_: I want this ""bad bitch"" epidemic to be over so fast bruh...fees can't write a sentence with proper subject-verb agreement now…",rt i want this bad bitch epidemic to be over so fast bruh fees can t write a sentence with proper subject verb agreement now,25,3,0,3,0,0.9407172,0.05216795,0.007114812,-0.9336024,Negative
T1122,18819,Offensive language,RT @__iamjazz: where is D hoes ? 😂,rt where is d hoes,5,3,0,3,0,0.49613038,0.47879258,0.025077073,-0.4710533,Negative
T1123,18859,Offensive language,RT @_hillzzz: this is real life 😭 RT @NoWomanIsRight: She want to give u pussy so bad she mad at u cus u fucking it up,rt this is real life rt she want to give u pussy so bad she mad at u cus u fucking it up,23,3,0,2,1,0.86096966,0.1239289,0.015101461,-0.84586823,Negative
T1124,18862,Offensive language,RT @_iChrisP: “@Shane_A1: swear me n zee da only niccas who aint got da update yet”<I'm right there wit cha bruh,rt swear me n zee da only niccas who aint got da update yet i m right there wit cha bruh,21,3,0,3,0,0.13940407,0.64601874,0.2145772,0.075173125,Neutral
T1125,18863,Offensive language,RT @_iForeign: You talking shit 😷 But yo pockets ain't shit 💩 Yo bitch ain't shit 💩 Yo life ain't shit 💩 nigga you just a ain't shit as nig…,rt you talking shit but yo pockets ain t shit yo bitch ain t shit yo life ain t shit nigga you just a ain t shit as nig,29,3,1,2,0,0.94581944,0.048754845,0.005425686,-0.94039375,Negative
T1126,18873,Offensive language,RT @_itsKILLA_: Yall hoes love football,rt yall hoes love football,5,3,0,2,1,0.16974606,0.58605975,0.2441943,0.07444824,Neutral
T1127,18938,Offensive language,RT @alec_myers12: All I want for valentines day is a big booty hoe.,rt all i want for valentines day is a big booty hoe,12,3,0,3,0,0.18421991,0.38699862,0.42878154,0.24456163,Positive
T1128,18978,Neither,"RT @anitaphilmar: Fairy Fun - Losing her wings doesn't mean there aren't other ways to fly? #asmsg, #erotica #shortstory http://t.co/t6LuM…",rt fairy fun losing her wings doesn t mean there aren t other ways to fly asmsg erotica shortstory,19,3,0,1,2,0.019848358,0.6359451,0.3442066,0.32435825,Neutral
T1129,18987,Offensive language,RT @apablo29: “@WesOrrJames: If you posted a thunder buddy status yesterday slap yourself”😂your a basic bitch*,rt if you posted a thunder buddy status yesterday slap yourself your a basic bitch,15,3,0,3,0,0.94226635,0.052774474,0.004959214,-0.9373071,Negative
T1130,18994,Offensive language,RT @army_constancio: “@1ProudMahomiee: @army_constancio http://t.co/15iZirYyMj” bitches have me like..,rt bitches have me like,5,4,0,4,0,0.45819455,0.51930094,0.022504501,-0.43569005,Neutral
T1131,19005,Neither,"RT @audizzle: Quote of last night, @GinaGaus telling me to find her a curved stick and she'll make a crossbow to shoot a bird down",rt quote of last night telling me to find her a curved stick and she ll make a crossbow to shoot a bird down,24,3,0,0,3,0.1472759,0.77250814,0.080215946,-0.06705995,Neutral
T1132,19014,Offensive language,RT @b0ss561: If you're gonna smoke weed then do you but alcohol is just stupid you faggots are getting more stupid drinking it,rt if you re gonna smoke weed then do you but alcohol is just stupid you faggots are getting more stupid drinking it,23,3,1,2,0,0.88603884,0.102417335,0.011543887,-0.87449497,Negative
T1133,19025,Offensive language,RT @badgalZolanski: Retweet if ur dick will choke a bitch 😂,rt retweet if ur dick will choke a bitch,9,3,0,3,0,0.64918566,0.31267053,0.038143843,-0.6110418,Negative
T1134,19115,Offensive language,"RT @buckupside: What kind of world do we live in, where bitches are getting surgery to make their butts BIGGER!? Since when do women want a…",rt what kind of world do we live in where bitches are getting surgery to make their butts bigger since when do women want a,25,3,0,3,0,0.8650976,0.127095,0.007807519,-0.8572901,Negative
T1135,19154,Offensive language,RT @chaniiyyaa: Wayne really treat nicki like that's his bitch 😴😍😩....,rt wayne really treat nicki like that s his bitch,10,3,0,3,0,0.57989645,0.38279933,0.037304226,-0.5425922,Negative
T1136,19187,Offensive language,RT @cjduchesneau: nigger hair??? comin from this bitch who had a dread on the back of her@bair she forgot from century's ago,rt nigger hair comin from this bitch who had a dread on the back of her she forgot from century s ago,22,3,1,2,0,0.8980324,0.09688881,0.005078777,-0.89295363,Negative
T1137,19193,Offensive language,RT @cocainebungy: Mckean Mckean lol hate half the people there lol weird ass hoes lol corny ass food ( I still kill that shit doe ),rt mckean mckean lol hate half the people there lol weird ass hoes lol corny ass food i still kill that shit doe,23,3,0,3,0,0.9435558,0.045369938,0.011074248,-0.9324815,Negative
T1138,19209,Offensive language,RT @coolgirl71899: bitch act like she never seen a face mask #bitchplease http://t.co/uQQ0K8H89l,rt bitch act like she never seen a face mask bitchplease,11,3,0,3,0,0.9183203,0.07433344,0.0073462813,-0.910974,Negative
T1139,19232,Offensive language,RT @cuposyrup: What females do on twitter: 1. Brag bout loyalty 2. Call other females hoes 3. Song lyrics 4. Complain bout cramps 5. Twee…,rt what females do on twitter brag bout loyalty call other females hoes song lyrics complain bout cramps twee,19,3,0,2,1,0.4232847,0.55941594,0.01729929,-0.40598541,Neutral
T1140,19238,Offensive language,RT @daaamian_69: Derrick said if I cover my face and leave just my eyes visible I'll have tons of bitches,rt derrick said if i cover my face and leave just my eyes visible i ll have tons of bitches,20,3,0,3,0,0.4616697,0.48308903,0.055241253,-0.40642846,Neutral
T1141,19247,Offensive language,RT @dajhane9: bitch I'm not concerned about you.,rt bitch i m not concerned about you,8,3,0,3,0,0.8043825,0.18247926,0.013138266,-0.7912442,Negative
T1142,19285,Offensive language,"RT @dcolbray88: ""@VonDreaam: If I post a picture of my woman, All you hoes jumping off a bridge tonight! Lol"" #OhKillem😠🔫",rt if i post a picture of my woman all you hoes jumping off a bridge tonight lol ohkillem,19,3,0,2,1,0.7108014,0.24176952,0.0474291,-0.66337234,Negative
T1143,19291,Offensive language,RT @degg: *slow rap voice* that bitch can suck my dick *faster rapping voice* that bitch can suck my dick,rt slow rap voice that bitch can suck my dick faster rapping voice that bitch can suck my dick,19,3,0,3,0,0.7290355,0.22892159,0.042042952,-0.6869925,Negative
T1144,19318,Offensive language,RT @dnumberbefore_2: I want to take the time tonight to acknowledge all of the ex hoes,rt i want to take the time tonight to acknowledge all of the ex hoes,15,3,0,2,1,0.3636229,0.5413987,0.09497835,-0.26864457,Neutral
T1145,19328,Neither,RT @donthypeme: “@VSamone: “@donthypeme: any favorites off yellow album ?”all of it” #theperfectanswer 🏆,rt any favorites off yellow album all of it theperfectanswer,10,3,0,0,3,0.0032630316,0.22840185,0.7683351,0.76507205,Positive
T1146,19344,Offensive language,"RT @drphilDONTEhue: Don't curve the man today, in whom you may need to eat your pussy tomorrow",rt don t curve the man today in whom you may need to eat your pussy tomorrow,17,9,0,9,0,0.46989158,0.4930098,0.03709861,-0.43279296,Neutral
T1147,19381,Neither,"RT @ella__fraser: When you clam up, my survival instinct is to kick the door shut",rt when you clam up my survival instinct is to kick the door shut,14,3,0,0,3,0.31205326,0.6074278,0.080519006,-0.23153426,Neutral
T1148,19409,Offensive language,"RT @fOREiGNCRAZi: Nosey ass hoes , I hate em. Always finding shit but can't find a man to date em 😒✋",rt nosey ass hoes i hate em always finding shit but can t find a man to date em,19,3,0,3,0,0.9456073,0.049043544,0.005349115,-0.9402582,Negative
T1149,19477,Neither,"RT @goddesslaney: @lajouetreine if you give that statement any thought at all you will realize it makes no sense. At all. Please, think abo…",rt if you give that statement any thought at all you will realize it makes no sense at all please think abo,22,3,0,0,3,0.89285237,0.10225696,0.0048906915,-0.8879617,Negative
T1150,19502,Hate speech,RT @harmon_lauren: Jenna's a faggot,rt jenna s a faggot,5,3,3,0,0,0.8751757,0.11684379,0.007980585,-0.8671951,Negative
T1151,19509,Offensive language,RT @haztv: Stop forcing ya kids to take these pictures u trying to trap niggas online wit u funky hoes,rt stop forcing ya kids to take these pictures u trying to trap niggas online wit u funky hoes,19,3,0,2,1,0.8035677,0.18792745,0.008504831,-0.7950629,Negative
T1152,19514,Offensive language,RT @hiagokoury: Lmao what my nigga just told me 😂😂😂hoes these days... They lovin the crew gd,rt lmao what my nigga just told me hoes these days they lovin the crew gd,16,3,0,3,0,0.042958003,0.24810582,0.7089362,0.6659782,Positive
T1153,19515,Offensive language,RT @hidalgoparadise: @D_41395 nigguh waldo had chipotle waiting for him at his house lucky soab lol,rt nigguh waldo had chipotle waiting for him at his house lucky soab lol,14,3,0,2,1,0.008614145,0.12957934,0.8618066,0.85319245,Positive
T1154,19518,Offensive language,RT @hilaryde92: Always a fat bitch in the handicap spot but never a dude in a wheelchair.,rt always a fat bitch in the handicap spot but never a dude in a wheelchair,16,3,0,3,0,0.8010492,0.18376805,0.015182776,-0.7858664,Negative
T1155,19526,Neither,RT @hoadie1006: #vermontgirlsbelike my hick accent comes out when I get around my family #vermontproblems @THISISVT,rt vermontgirlsbelike my hick accent comes out when i get around my family vermontproblems,14,3,0,1,2,0.25628805,0.68859774,0.055114184,-0.20117387,Neutral
T1156,19527,Offensive language,RT @hodgeasia: All the bitches who called me a hoe in high school got like 2-3 kids now..,rt all the bitches who called me a hoe in high school got like kids now,16,3,0,3,0,0.7218773,0.25506064,0.023062078,-0.6988152,Negative
T1157,19552,Offensive language,RT @iAmLekan_: Lmaoo nigger is scared 😜 “@Damolabond: So results are supposed to be out today Lol lol”,rt lmaoo nigger is scared so results are supposed to be out today lol lol,15,3,1,2,0,0.42547536,0.48326167,0.09126291,-0.33421245,Neutral
T1158,19553,Offensive language,"RT @iAmScottyBravo: I hate when old bitches👵 wear clothes these young hoes be wearing💇👙👠, like stay yo ass✋😒 in yo age group",rt i hate when old bitches wear clothes these young hoes be wearing like stay yo ass in yo age group,21,3,0,3,0,0.9023745,0.08956301,0.00806244,-0.8943121,Negative
T1159,19599,Offensive language,RT @iGottFanss: Not all black girls are ghetto😒,rt not all black girls are ghetto,7,3,0,2,1,0.86312205,0.13038425,0.0064937607,-0.8566283,Negative
T1160,19607,Neither,RT @iLLmak3Ufamous: Touch my swag. Wish you could. RT “@VizyIsIgnant: I LOOK FLY. I LOOK GOOD. RT @Wisdom_Stature: On my momma.... On my ho…,rt touch my swag wish you could rt i look fly i look good rt on my momma on my ho,21,3,0,0,3,0.008746714,0.07454818,0.91670513,0.9079584,Positive
T1161,19608,Offensive language,RT @iLikeWGW: retweet for big booty bitches,rt retweet for big booty bitches,6,3,0,3,0,0.114163585,0.7678316,0.1180048,0.0038412139,Neutral
T1162,19627,Offensive language,RT @iSpeakComedy: Ever stay home from school and look at the clock and say yeah those bitches in math right now,rt ever stay home from school and look at the clock and say yeah those bitches in math right now,20,3,0,3,0,0.24551812,0.6820278,0.0724541,-0.17306402,Neutral
T1163,19630,Offensive language,"RT @iStonerTweets: if she can roll, wife that bitch.",rt if she can roll wife that bitch,8,3,0,3,0,0.7220906,0.24201,0.035899356,-0.68619126,Negative
T1164,19637,Offensive language,"RT @iadorewomen_: A couple 👫 is ""A couple"" 👌 Not ""A couple & one"" 👫🚶 Not ""A couple & some"" 👫🙆🙅💁 Not ""A couple & plenty"" 👫 💃💃💃💃💃 No hoes No …",rt a couple is a couple not a couple one not a couple some not a couple plenty no hoes no,21,3,0,3,0,0.369626,0.58797824,0.042395763,-0.32723022,Neutral
T1165,19658,Offensive language,RT @icyunv_shakia: “@1017_Sqquad Iont got not type ... Bad bitches is the only thing that I like”,rt iont got not type bad bitches is the only thing that i like,14,6,0,6,0,0.3254116,0.40488502,0.26970342,-0.05570817,Neutral
T1166,19717,Offensive language,"RT @itscoleharmon_: Guys at parties be screaming ""these hoes ain't loyal"" but they drunk & cheating on they gf with a girl who look like Ra…",rt guys at parties be screaming these hoes ain t loyal but they drunk cheating on they gf with a girl who look like ra,25,3,0,3,0,0.76556087,0.22416487,0.010274285,-0.7552866,Negative
T1167,19750,Neither,RT @jamiedupree: Vice President Biden & his wife are in Florida today to stump for Democrat Charlie Crist in his bid for Governor,rt vice president biden his wife are in florida today to stump for democrat charlie crist in his bid for governor,21,3,0,0,3,0.006973817,0.9357719,0.05725434,0.050280523,Neutral
T1168,19798,Offensive language,"RT @joerogan: Dear everyone using ""natural"" deodorant, it's not working, you stinky bitch.",rt dear everyone using natural deodorant it s not working you stinky bitch,13,3,0,3,0,0.9451617,0.049753644,0.0050846194,-0.94007707,Negative
T1169,19811,Offensive language,RT @joytooawesome: @im_jessicaaaaa @vintage_monroe_ bitch no I'm talking to her !,rt bitch no i m talking to her,8,3,0,3,0,0.66001624,0.31497565,0.025008071,-0.63500816,Negative
T1170,19832,Offensive language,"RT @kanYeBreast: seeee RT @phontigallo: ""Let that bitch hop in your mentions one more time, hear?"" http://t.co/VqHWqhvnwB",rt seeee rt let that bitch hop in your mentions one more time hear,14,3,0,3,0,0.5424681,0.43908918,0.018442707,-0.5240254,Negative
T1171,19839,Offensive language,RT @karlos_budah: I kno this bitch a thot she wanna meet my momma now,rt i kno this bitch a thot she wanna meet my momma now,13,3,0,3,0,0.7497106,0.23505478,0.015234644,-0.734476,Negative
T1172,19843,Hate speech,"RT @kcarmouche: How you real, don't put NO money on you nigga books? But chu buy a bitch Chanel just to hit the Puss!",rt how you real don t put no money on you nigga books but chu buy a bitch chanel just to hit the puss,24,3,2,1,0,0.7688133,0.21378559,0.017401123,-0.7514122,Negative
T1173,19855,Offensive language,RT @kep0ne: @quanb24 you bitch ass nigga,rt you bitch ass nigga,5,6,2,4,0,0.9046727,0.08830554,0.007021825,-0.89765084,Negative
T1174,19860,Offensive language,RT @kg4hunnid: Bruh you trash take yo ass back to college @GenoSmith7,rt bruh you trash take yo ass back to college,10,3,1,2,0,0.9422203,0.053208746,0.004570907,-0.93764937,Negative
T1175,19862,Offensive language,RT @khadijzah: Someone will love your bitch ass it won't be me but someone will love you,rt someone will love your bitch ass it won t be me but someone will love you,17,3,0,3,0,0.6960544,0.20374896,0.10019673,-0.5958577,Negative
T1176,19875,Offensive language,RT @kimble_zyelon: when i see a pretty girl i be like YASSSS slay on these hoes 😻😍😩😂 http://t.co/bOVprgb4W9,rt when i see a pretty girl i be like yassss slay on these hoes,15,3,0,3,0,0.012214357,0.038771328,0.9490143,0.93679994,Positive
T1177,19883,Neither,RT @kitt: @shinypb not only you. and that pom stuff? totally porn.,rt not only you and that pom stuff totally porn,10,3,0,0,3,0.76375854,0.21987914,0.01636237,-0.7473962,Negative
T1178,19898,Offensive language,"RT @krisinizu: I'm telling you, shaved pussy is ugly.",rt i m telling you shaved pussy is ugly,9,3,0,3,0,0.91511935,0.07835351,0.006527112,-0.9085922,Negative
T1179,19899,Hate speech,"RT @kristajayMFC: No mom. Im not ""dramatic /immature"" i just have fucking mental problems and youre a bitch and a cunt.",rt no mom im not dramatic immature i just have fucking mental problems and youre a bitch and a cunt,20,3,2,1,0,0.95797855,0.037764642,0.0042567686,-0.95372176,Negative
T1180,19917,Offensive language,RT @kylerea03: When your at the pharmacist and they tell you your medicine will be ready in 15 mins.... Wtf bitch it's been 30... #stillwai…,rt when your at the pharmacist and they tell you your medicine will be ready in mins wtf bitch it s been stillwai,23,3,0,3,0,0.78404254,0.19743568,0.018521791,-0.76552075,Negative
T1181,19923,Offensive language,"RT @lamarXO: man these hoes so familiar, one minute on the team next minute they ain't with ya.",rt man these hoes so familiar one minute on the team next minute they ain t with ya,18,3,0,3,0,0.8363772,0.15439019,0.009232665,-0.82714456,Negative
T1182,19929,Offensive language,RT @laurenramirez16: @SatsuiYesHadou bitch nigga 😈,rt bitch nigga,3,3,0,3,0,0.2711142,0.6653836,0.06350225,-0.20761195,Neutral
T1183,19936,Offensive language,"RT @leechee420: I went to GNC today and the cashier had ""bitch, we don't sell chocolate cake here"" written all over her face when she looke…",rt i went to gnc today and the cashier had bitch we don t sell chocolate cake here written all over her face when she looke,26,3,0,3,0,0.7976887,0.18520729,0.01710403,-0.7805847,Negative
T1184,19945,Neither,RT @lexipost30: love birds.,rt love birds,3,3,0,0,3,0.0062404354,0.1521097,0.84164983,0.8354094,Positive
T1185,19950,Offensive language,"RT @liddoprincess: Call it ""insecure"" if u want but fuck no my man doesn't need to be friendly or have bitches as ""friends"" these hoes ain'…",rt call it insecure if u want but fuck no my man doesn t need to be friendly or have bitches as friends these hoes ain,26,3,0,3,0,0.91852725,0.07589339,0.0055793957,-0.91294783,Negative
T1186,19963,Offensive language,RT @lildurk_: I hate wen hoes lie and say I fucked em #signedtothestreets2,rt i hate wen hoes lie and say i fucked em signedtothestreets,12,3,0,3,0,0.8893774,0.103693925,0.0069286115,-0.8824488,Negative
T1187,19966,Offensive language,RT @lildurk_: Ima pull up eat the pussy and dip,rt ima pull up eat the pussy and dip,9,3,0,3,0,0.18802328,0.72345823,0.08851854,-0.09950475,Neutral
T1188,19969,Neither,RT @lildurk_: S/o all my real fans who can wait and not want me to put out trash like other rappers #signedtothestreets2 #iGO,rt s o all my real fans who can wait and not want me to put out trash like other rappers signedtothestreets igo,23,3,0,0,3,0.14799379,0.53132546,0.32068074,0.17268695,Neutral
T1189,19987,Offensive language,"RT @liltbrodie: ""Damn..... I ain't got no bitches"" http://t.co/BYtu7zJ0TX",rt damn i ain t got no bitches,8,3,0,3,0,0.834526,0.15338247,0.0120915165,-0.8224345,Negative
T1190,20012,Offensive language,RT @lordflaconegro: Ion even ask lightskin bitches for nudes nomo fuck y'all 😑,rt ion even ask lightskin bitches for nudes nomo fuck y all,12,3,0,3,0,0.9305654,0.06412416,0.0053103818,-0.92525506,Negative
T1191,20044,Offensive language,"RT @maccabeez: ""youre becoming a real bitch on this car ride."" - john on me not caring whether or not fountains of Wayne makes money on tour",rt youre becoming a real bitch on this car ride john on me not caring whether or not fountains of wayne makes money on tour,25,3,0,3,0,0.79288214,0.1937777,0.013340179,-0.77954197,Negative
T1192,20054,Offensive language,RT @maddiedelahouss: It's Britney bitch. https://t.co/NafXa8PDpa,rt it s britney bitch,5,3,0,3,0,0.6970655,0.28437576,0.018558724,-0.67850673,Negative
T1193,20075,Hate speech,"RT @marylene58: ""@maggietanquary: shes one of the ugliest women Ive ever seen. Cross between a reptile and a crow."" http://t.co/jsyAoguP4S",rt shes one of the ugliest women ive ever seen cross between a reptile and a crow,17,3,2,0,1,0.9420368,0.05182307,0.006140037,-0.93589675,Negative
T1194,20082,Neither,RT @maycie32: @Whitecholo23 np big nig nig,rt np big nig nig,5,3,1,0,2,0.036300927,0.669938,0.29376107,0.25746015,Neutral
T1195,20085,Neither,RT @mckayllaa: I wish I had pretty colored eyes .,rt i wish i had pretty colored eyes,8,3,0,0,3,0.17876719,0.43505022,0.38618258,0.20741539,Neutral
T1196,20087,Offensive language,RT @mckenzie_mason: If you're a freshman and you've fucked 1/4 of the boys in the senior class.. You're a hoe. #NotCute,rt if you re a freshman and you ve fucked of the boys in the senior class you re a hoe notcute,22,3,0,3,0,0.8916473,0.1012885,0.0070642005,-0.88458306,Negative
T1197,20088,Offensive language,"RT @mckinley719: ""@wizkhalifa: Pretty bitches rep Taylor Gang"" #Hollah lmfaoo",rt pretty bitches rep taylor gang hollah lmfaoo,8,3,0,3,0,0.1708483,0.7110671,0.11808464,-0.052763656,Neutral
T1198,20123,Neither,"RT @minhazmerchant: Sonia never criticises Kejriwal. Kejriwal, who trashes every other leader, never criticises Sonia. Touching.",rt sonia never criticises kejriwal kejriwal who trashes every other leader never criticises sonia touching,15,3,0,0,3,0.36786342,0.56142503,0.070711516,-0.2971519,Neutral
T1199,20167,Hate speech,RT @natal_mendoz: Whore slut cunt bitch nigga,rt whore slut cunt bitch nigga,6,3,2,1,0,0.9264152,0.0668198,0.0067650503,-0.91965014,Negative
T1200,20176,Neither,RT @neiltyson: Just to settle it once and for all: Which came first the Chicken or the Egg? The Egg -- laid by a bird that was not a Chicken,rt just to settle it once and for all which came first the chicken or the egg the egg laid by a bird that was not a chicken,28,3,0,0,3,0.074973546,0.8958723,0.029154098,-0.045819446,Neutral
T1201,20212,Neither,RT @nyjets: We accept the #ALS #IceBucketChallenge from the @Patriots & @JimmyFallon! We challenge the @Yankees @Mets @Seahawks- http://t.c…,rt we accept the als icebucketchallenge from the we challenge the,11,3,0,0,3,0.008172562,0.84273094,0.1490965,0.14092395,Neutral
T1202,20217,Hate speech,"RT @obeyyreggie: stfu hoe RT “@tedddydgaf: ""I'm proud to be African American"" - Proud African American ""I'm proud to be white"" - Racist …",rt stfu hoe rt i m proud to be african american proud african american i m proud to be white racist,21,3,2,1,0,0.74194854,0.23358656,0.024464918,-0.71748364,Negative
T1203,20246,Offensive language,"RT @ortiz_jaylene: I'm a ""tall big booty bitch"" wtf lol 😭😭😭😂😂",rt i m a tall big booty bitch wtf lol,10,3,0,3,0,0.77575964,0.17118675,0.05305355,-0.7227061,Negative
T1204,20258,Neither,RT @pambesteder: **WOW* according to this tweet by @Tarascan68 Obama must have been an Uncle Tom? http://t.co/Klcsgy9JPW,rt wow according to this tweet by obama must have been an uncle tom,14,6,1,2,3,0.13324988,0.7926589,0.07409118,-0.059158698,Neutral
T1205,20266,Neither,"RT @paul_lander: Yesterday, the caged bird sang the blues. RIP #MayaAngelou.",rt yesterday the caged bird sang the blues rip mayaangelou,10,3,0,0,3,0.6197961,0.35880202,0.021401856,-0.5983942,Negative
T1206,20281,Offensive language,RT @philiciaaaa: mcm 😍 bc tomorrow's 6 months 💘 Fuck everyone who said we wouldn't last. Proved you bitches wrong @tropicaldrew_ http://t.…,rt mcm bc tomorrow s months fuck everyone who said we wouldn t last proved you bitches wrong,18,3,0,3,0,0.062200427,0.08597016,0.8518294,0.789629,Positive
T1207,20327,Offensive language,RT @random_shxt: need my dick sucked..fuck 1 bitch I need ✌️ sluts,rt need my dick sucked fuck bitch i need sluts,10,3,0,3,0,0.8301581,0.13312624,0.036715724,-0.79344237,Negative
T1208,20356,Offensive language,RT @rhythmixx_: @Weyheymariam @jaymcnuggets that's how I drive you bitch http://t.co/drK5C0txtQ,rt that s how i drive you bitch,8,3,0,3,0,0.5777301,0.393423,0.028846959,-0.54888314,Negative
T1209,20398,Offensive language,RT @sadaIlday: school is so pointless. im just trying to pass the class and get out this bitch,rt school is so pointless im just trying to pass the class and get out this bitch,17,3,1,2,0,0.9423112,0.05188018,0.0058086226,-0.9365026,Negative
T1210,20444,Offensive language,RT @shantelb_: “@WeAre_XCI: I know bitches who sell pussy for 3.5's” 😂😂😂,rt i know bitches who sell pussy for s,9,3,0,3,0,0.43520394,0.5039837,0.060812447,-0.3743915,Neutral
T1211,20456,Offensive language,"RT @shonni__: My momma talm bout 'these kids party more than their parents ' 😒 TF duh, why would you think it's ok for you to pussy pop at …",rt my momma talm bout these kids party more than their parents tf duh why would you think it s ok for you to pussy pop at,27,3,0,3,0,0.876844,0.11615697,0.0069990144,-0.869845,Negative
T1212,20488,Neither,RT @sorryimalex: “@lametears: i only rted alex ramos aka trash to gain followers” #vote5sos,rt i only rted alex ramos aka trash to gain followers vote sos,13,6,0,1,5,0.61802167,0.36232114,0.019657252,-0.5983644,Negative
T1213,20503,Neither,RT @spurs: It's a bird...It's a plane...It's SuperManu #NBASuperHeroes,rt it s a bird it s a plane it s supermanu nbasuperheroes,13,3,0,0,3,0.0074386513,0.72194004,0.27062136,0.2631827,Neutral
T1214,20505,Offensive language,RT @squeakkgod: Fuck da Opps 1x Fuck dear hoes 3x 😂,rt fuck da opps x fuck dear hoes x,9,3,0,3,0,0.75530577,0.21083394,0.03386032,-0.72144544,Negative
T1215,20506,Neither,"RT @ssbeirne: It's a bird! It's a plane! It's a boat! No...It's, it's... a flying human? #lakeerie #cle http://t.co/TTL10nqBzJ",rt it s a bird it s a plane it s a boat no it s it s a flying human lakeerie cle,23,3,0,0,3,0.20778692,0.7003767,0.09183636,-0.115950555,Neutral
T1216,20529,Neither,"RT @sweetromance: @1visionamd @Redeemed1952 @AZWS Once again, birds of a feather....",rt once again birds of a feather,7,6,0,0,6,0.018044993,0.8545669,0.12738821,0.109343216,Neutral
T1217,20530,Neither,RT @syd_renae: @2014Alyssa I have a pink fuzzy one & a silky silver one. Bathrobes are a wonderful thing 💁😎😍,rt i have a pink fuzzy one a silky silver one bathrobes are a wonderful thing,16,6,0,0,6,0.0026074261,0.012253098,0.9851394,0.982532,Positive
T1218,20536,Offensive language,RT @taexchanae: momma dee ain't loyal. you ain't pose to tell his main bitch bout his side bitches 😂,rt momma dee ain t loyal you ain t pose to tell his main bitch bout his side bitches,19,3,0,3,0,0.8422522,0.14988701,0.007860715,-0.8343915,Negative
T1219,20586,Offensive language,"RT @theafr0dite: then u have the annoying ""HIT ME I DARE YOU"" ass bitches always tryna test a big ass 6ft linebacker ass dude.. girl if you…",rt then u have the annoying hit me i dare you ass bitches always tryna test a big ass ft linebacker ass dude girl if you,26,3,0,3,0,0.89276326,0.09744384,0.009792914,-0.88297033,Negative
T1220,20592,Offensive language,RT @thecoreyholcomb: Every time you sleep with two women in a day it proves this country has a problem educating bitches about their self w…,rt every time you sleep with two women in a day it proves this country has a problem educating bitches about their self w,24,3,0,3,0,0.8767137,0.1175173,0.00576894,-0.87094474,Negative
T1221,20616,Offensive language,RT @thewayoftheid: Viola Davis sans wig is still stuntin on you hoes in the most classically beautiful way. #HTGAWM,rt viola davis sans wig is still stuntin on you hoes in the most classically beautiful way htgawm,18,3,0,3,0,0.013239665,0.08049818,0.90626216,0.8930225,Positive
T1222,20627,Offensive language,RT @thoughtkendalI: dumb bitch ruined a perfectly good sweater http://t.co/lk8W8jjglI,rt dumb bitch ruined a perfectly good sweater,8,3,0,3,0,0.9364103,0.05760837,0.0059812916,-0.93042904,Negative
T1223,20640,Neither,RT @tishforprez: that pointy nail game is for da birds.,rt that pointy nail game is for da birds,9,3,0,1,2,0.86663747,0.124658346,0.0087041445,-0.85793334,Negative
T1224,20646,Offensive language,"RT @tnicolle_rauzi: We always bitch about the opposite sex when we're equally just as scandalous. Not all, but a large sum. Hypocrisy at it…",rt we always bitch about the opposite sex when we re equally just as scandalous not all but a large sum hypocrisy at it,24,3,0,2,1,0.8977325,0.09574064,0.006526952,-0.89120555,Negative
T1225,20670,Hate speech,"RT @trentlilweezy: ""you are trash"" me: http://t.co/nX2tqImO2a",rt you are trash me,5,3,2,0,1,0.8928763,0.0995492,0.0075744404,-0.8853019,Negative
T1226,20712,Offensive language,RT @urbandictionary: @The2kGod nigger: A fully grown niglet http://t.co/HJKlNHDrWT http://t.co/x6y5XKKPMq,rt nigger a fully grown niglet,6,3,1,2,0,0.107007034,0.8698607,0.023132328,-0.0838747,Neutral
T1227,20719,Hate speech,RT @veeveeveeveevee: If I was Obama Id call a press conference & slit joe bidens neck on live tv just 2 show these crackers I mean business…,rt if i was obama id call a press conference slit joe bidens neck on live tv just show these crackers i mean business,24,3,2,1,0,0.6326694,0.33913815,0.028192544,-0.60447687,Negative
T1228,20729,Offensive language,RT @verseunanswered: Did those bitches from Frozen ever build a snowman?,rt did those bitches from frozen ever build a snowman,10,3,0,3,0,0.34591693,0.6208603,0.03322273,-0.3126942,Neutral
T1229,20774,Offensive language,RT @wizkhalifa: Currently taking over ur bitches brain with my creativity and wierdness.,rt currently taking over ur bitches brain with my creativity and wierdness,12,3,0,3,0,0.34847966,0.5113953,0.14012513,-0.20835453,Neutral
T1230,20785,Offensive language,RT @woohdakidd_74: “@Shane_A1: I'm steady hearin bout these suppose to be tuff street niccas gettin fuccd n dey ass smh gay boys”😱😱smh sad …,rt i m steady hearin bout these suppose to be tuff street niccas gettin fuccd n dey ass smh gay boys smh sad,23,3,1,2,0,0.926225,0.06929601,0.004478927,-0.9217461,Negative
T1231,20814,Offensive language,RT @xPoppinWheelies: Lol the thirst be so real on dis bitch 😂,rt lol the thirst be so real on dis bitch,10,9,0,9,0,0.33600977,0.526585,0.13740517,-0.1986046,Neutral
T1232,20849,Offensive language,RT @ygAddie: Obama a bitch.,rt obama a bitch,4,3,0,3,0,0.9125412,0.07991777,0.00754113,-0.9050001,Negative
T1233,20870,Offensive language,"RT @yungtfti: If a bitch says ""eeeeeee"" she a hoe",rt if a bitch says eeeeeee she a hoe,9,3,0,3,0,0.806421,0.18041049,0.01316856,-0.7932524,Negative
T1234,20883,Neither,"RT @zachthorpe78: ""the trash generation""",rt the trash generation,4,3,0,1,2,0.80205935,0.18879883,0.009141793,-0.79291755,Negative
T1235,20918,Neither,Ravioli stuffed wit lobster nd a nice stuffed clam #eating betterthanamobster http://t.co/PzdoESaR,ravioli stuffed wit lobster nd a nice stuffed clam eating betterthanamobster,11,3,0,0,3,0.003514741,0.07954421,0.9169411,0.91342634,Positive
T1236,20921,Offensive language,Ray rice had that bitch of the xans and the lean all in one punch,ray rice had that bitch of the xans and the lean all in one punch,15,3,0,3,0,0.3067338,0.5500969,0.14316928,-0.1635645,Neutral
T1237,20923,Neither,Reaaallly wish I had more milk for Oreos. Lol,reaaallly wish i had more milk for oreos lol,9,3,0,0,3,0.08533951,0.37791404,0.5367465,0.451407,Positive
T1238,20961,Offensive language,"Remember when I told yall bout my coworker not lookin out a couple weeks back?.. Karma's a hoe, got his ass.",remember when i told yall bout my coworker not lookin out a couple weeks back karma s a hoe got his ass,22,3,0,3,0,0.83567804,0.15330622,0.011015727,-0.8246623,Negative
T1239,20967,Neither,Rescue elephant calf ‘Nunai’ looking fuzzy at the International Fund for Animal Welfare Rehabilitati http://t.co/PAetLXGuoa,rescue elephant calf nunai looking fuzzy at the international fund for animal welfare rehabilitati,14,3,0,0,3,0.048411272,0.8770744,0.07451436,0.026103087,Neutral
T1240,20979,Offensive language,Rihanna's Favorite Thing About White House Visits: 'My President Being Black' http://t.co/86zVJUzJLr #Solidarity Poking whitey-not wise..,rihanna s favorite thing about white house visits my president being black solidarity poking whitey not wise,17,3,0,3,0,0.03226258,0.48735705,0.4803803,0.44811773,Neutral
T1241,21051,Offensive language,"Sam is hands down easily no doubt in a million years my least favorite character, such a little bitch! #freaksandgeeks",sam is hands down easily no doubt in a million years my least favorite character such a little bitch freaksandgeeks,20,3,0,3,0,0.94498974,0.043959707,0.0110505875,-0.93393916,Negative
T1242,21054,Offensive language,Same hoe said I couldn't get it tryna kick it.,same hoe said i couldn t get it tryna kick it,11,3,0,3,0,0.8067031,0.18173636,0.011560487,-0.7951426,Negative
T1243,21056,Offensive language,Same niccas tryna be around me .. The same niccas that used to down me!,same niccas tryna be around me the same niccas that used to down me,14,3,0,2,1,0.5800025,0.38799867,0.031998843,-0.5480037,Negative
T1244,21088,Offensive language,Scott told me at work today he wants to come over to get me drunk and then seduce my girlfriend...🔫🔪 I'll kill you bitch 😡,scott told me at work today he wants to come over to get me drunk and then seduce my girlfriend i ll kill you bitch,25,3,1,2,0,0.9302132,0.062515646,0.0072712176,-0.922942,Negative
T1245,21107,Neither,See the jumbotron? That’s where the jig is,see the jumbotron that s where the jig is,9,3,0,0,3,0.041983034,0.67234224,0.28567472,0.24369168,Neutral
T1246,21108,Offensive language,See two of his bitches in the cluuuuub “@_TonyHilfiger: What he do for a living? http://t.co/CS9dfgl7EW”,see two of his bitches in the cluuuuub what he do for a living,14,3,0,3,0,0.10128958,0.85714567,0.041564796,-0.05972478,Neutral
T1247,21113,Hate speech,See> Its a FINE LINE> Killing #faggots doesn't change the source of their creation. Which is #Stupid PEOPLE #overbreeding> #PERIOD>,see its a fine line killing faggots doesn t change the source of their creation which is stupid people overbreeding period,21,3,2,1,0,0.7772348,0.19861527,0.024149992,-0.7530848,Negative
T1248,21146,Offensive language,Sh*t!!!! RT @DipOnline If K Michelle was apart of Baltimore twitter she'd be one of them hoes saying she's celibate smh,sh t rt if k michelle was apart of baltimore twitter she d be one of them hoes saying she s celibate smh,23,3,0,3,0,0.8466515,0.14138739,0.011961034,-0.83469045,Negative
T1249,21152,Offensive language,"Shawty pussy wet, the dope drippn wet 💦",shawty pussy wet the dope drippn wet,7,3,0,3,0,0.13590908,0.55023485,0.3138561,0.17794701,Neutral
T1250,21158,Offensive language,She a hoe cause your boyfriend want her? she scary cause she dont talk shit like y'all? she ugly cause you don't like her? GROW UP!,she a hoe cause your boyfriend want her she scary cause she dont talk shit like y all she ugly cause you don t like her grow up,28,9,1,7,1,0.9324252,0.06315031,0.004424479,-0.92800075,Negative
T1251,21180,Offensive language,She got arrested for domestic violence against him!! Ugh bitch -_-,she got arrested for domestic violence against him ugh bitch,10,6,0,6,0,0.9419849,0.0513915,0.0066236537,-0.93536127,Negative
T1252,21235,Offensive language,Shirley Temple was a bad bitch when she was my age as well.,shirley temple was a bad bitch when she was my age as well,13,3,0,3,0,0.84486365,0.13930339,0.015833015,-0.82903063,Negative
T1253,21250,Offensive language,Shot out to my main bitches and my side bitches😎,shot out to my main bitches and my side bitches,10,3,0,3,0,0.044204585,0.5386542,0.4171412,0.3729366,Neutral
T1254,21262,Offensive language,Shoutout that real bitch,shoutout that real bitch,4,9,0,9,0,0.22339301,0.39805615,0.37855086,0.15515785,Neutral
T1255,21263,Offensive language,Shoutout to my Mamma cause she Ain't Raise no hoe,shoutout to my mamma cause she ain t raise no hoe,11,3,1,2,0,0.06926734,0.14242399,0.7883087,0.71904135,Positive
T1256,21272,Offensive language,Shut the fuck up and quit being such a pussy hahahah,shut the fuck up and quit being such a pussy hahahah,11,3,0,3,0,0.9281479,0.06065424,0.011197843,-0.91695005,Negative
T1257,21282,Offensive language,"Shut yo ""new year, new me"" lookin ass up bitch. ",shut yo new year new me lookin ass up bitch,10,3,0,3,0,0.8432499,0.13323435,0.023515712,-0.8197342,Negative
T1258,21298,Offensive language,Sike naw I love big smelly hoes doe,sike naw i love big smelly hoes doe,8,3,0,2,1,0.48042095,0.3427532,0.17682584,-0.30359513,Negative
T1259,21314,Offensive language,Sis said go to sleep I said bitch it's our b day I ain't sleeping 😜😜😜,sis said go to sleep i said bitch it s our b day i ain t sleeping,17,3,0,3,0,0.11484775,0.57318336,0.31196892,0.19712117,Neutral
T1260,21320,Neither,"Sitting on the deck, enjoying a #StoneIPA, watching/smelling the neighbors burn trash. #Missouri http://t.co/m9wYnrLtWz",sitting on the deck enjoying a stoneipa watching smelling the neighbors burn trash missouri,14,3,0,1,2,0.18228766,0.70213836,0.115574025,-0.06671364,Neutral
T1261,21351,Offensive language,Smh ma niggah,smh ma niggah,3,6,0,6,0,0.64043224,0.2852243,0.07434346,-0.5660888,Negative
T1262,21379,Offensive language,"So I had to spray this huge ass wasp nest outside my backdoor. Maaan, them bitches were mad as fuck!!",so i had to spray this huge ass wasp nest outside my backdoor maaan them bitches were mad as fuck,20,3,0,3,0,0.92804724,0.061185934,0.01076682,-0.91728044,Negative
T1263,21382,Offensive language,"So I seen this sweater , its flashy. I wanna get it. I gotta get it. It say ""my boyfriend is my bitch, with some puppies"" 😂😂😂",so i seen this sweater its flashy i wanna get it i gotta get it it say my boyfriend is my bitch with some puppies,25,3,0,3,0,0.0797692,0.28906956,0.63116115,0.55139196,Positive
T1264,21391,Offensive language,So at work today I got called a cracker ass bitch. Lol,so at work today i got called a cracker ass bitch lol,12,3,0,3,0,0.8362085,0.13415314,0.029638384,-0.8065701,Negative
T1265,21416,Neither,So much more going on but hypocrisy doesn't sit well with me. My redneck family from central Illinois more black then Bieber!,so much more going on but hypocrisy doesn t sit well with me my redneck family from central illinois more black then bieber,23,3,1,0,2,0.9149779,0.07752956,0.0074924994,-0.9074854,Negative
T1266,21420,Offensive language,So my dumb ass screams fuck the redskins in this big ass echo filled parking garage,so my dumb ass screams fuck the redskins in this big ass echo filled parking garage,16,3,1,2,0,0.9322181,0.05828525,0.009496674,-0.9227214,Negative
T1267,21440,Offensive language,"So was chris brown talking bout hisself when he said ""these hoes ain't loyal ?""",so was chris brown talking bout hisself when he said these hoes ain t loyal,15,3,0,2,1,0.44334114,0.5400126,0.016646205,-0.42669493,Neutral
T1268,21490,Offensive language,Some of the ice melted in my car cause the dumb fuck at 7/11 decided he wanted to strike up a conversation wit a fat ugly bitch smfh,some of the ice melted in my car cause the dumb fuck at decided he wanted to strike up a conversation wit a fat ugly bitch smfh,27,3,0,3,0,0.9464041,0.047908954,0.0056869276,-0.94071716,Negative
T1269,21509,Hate speech,"Somebody couldve been like ""aye man you dropped your money"" but nooooooo fucking broke faggots selfish bastards i hate yall",somebody couldve been like aye man you dropped your money but nooooooo fucking broke faggots selfish bastards i hate yall,20,3,2,1,0,0.9411769,0.053628646,0.0051945504,-0.93598235,Negative
T1270,21512,Offensive language,"Somebody tell these nigggas I'ma keep fuckin they hoes, I'ma keep rockin these shows",somebody tell these nigggas i ma keep fuckin they hoes i ma keep rockin these shows,16,3,1,2,0,0.2426056,0.5810665,0.1763279,-0.0662777,Neutral
T1271,21518,Offensive language,Someone came up & told me that I pulled hoes today. I was pissed just because thats so fucking false that its sad.,someone came up told me that i pulled hoes today i was pissed just because thats so fucking false that its sad,22,3,0,2,1,0.95701176,0.03851379,0.004474535,-0.95253724,Negative
T1272,21520,Offensive language,Someone needs to get this boring Nike fag off the stage.,someone needs to get this boring nike fag off the stage,11,3,1,2,0,0.92258745,0.06864828,0.008764328,-0.9138231,Negative
T1273,21538,Neither,"Sometimes I wish I had a cute pet monkey, but then I remember it would probably defecate everywhere, beat me up, and destroy my house.",sometimes i wish i had a cute pet monkey but then i remember it would probably defecate everywhere beat me up and destroy my house,25,3,0,0,3,0.89172083,0.09442277,0.013856434,-0.8778644,Negative
T1274,21544,Offensive language,Sometimes you gotta block a bitch because damn they annoying,sometimes you gotta block a bitch because damn they annoying,10,3,0,3,0,0.8737826,0.11645318,0.009764245,-0.8640183,Negative
T1275,21549,Offensive language,Son of a bitch I can't wait till baseball is back. #AmericasPastTime,son of a bitch i can t wait till baseball is back americaspasttime,13,4,0,3,1,0.92501974,0.058840096,0.016140185,-0.9088796,Negative
T1276,21558,Offensive language,Sooooooo true but I'm the pussy monsta http://t.co/2vhaCeQ4,sooooooo true but i m the pussy monsta,8,3,0,3,0,0.4081567,0.4104663,0.18137695,-0.22677974,Neutral
T1277,21561,Offensive language,Sorry about the spam but I dare you to search nigger on Twitter and not laugh. Impossible.,sorry about the spam but i dare you to search nigger on twitter and not laugh impossible,17,3,1,2,0,0.87174296,0.113056324,0.015200791,-0.85654217,Negative
T1278,21572,Hate speech,Southwest airlines is like driving in a mini van with your white trash cousins who love to huff paint thinner before before working.,southwest airlines is like driving in a mini van with your white trash cousins who love to huff paint thinner before before working,23,3,2,1,0,0.8811286,0.10775801,0.011113372,-0.87001526,Negative
T1279,21579,Offensive language,Speaking of. RT @KingHorseDick: A lot of them backpage hoes don't like fucking black guys so I never went thru with it,speaking of rt a lot of them backpage hoes don t like fucking black guys so i never went thru with it,22,3,1,2,0,0.8668405,0.12540644,0.0077530458,-0.8590874,Negative
T1280,21593,Offensive language,Stafford you pussy,stafford you pussy,3,3,0,3,0,0.8899546,0.0990097,0.011035657,-0.87891895,Negative
T1281,21624,Offensive language,"Stomach is hurting, I'm starving for some early morning pussy. 😏😏",stomach is hurting i m starving for some early morning pussy,11,3,0,3,0,0.6488943,0.24783021,0.10327551,-0.5456188,Negative
T1282,21642,Offensive language,Strapped up fasho cause Iont trust no hoe,strapped up fasho cause iont trust no hoe,8,3,1,2,0,0.48246676,0.42516282,0.0923704,-0.39009637,Negative
T1283,21649,Neither,"Study by Center for Biological Diversity called (taxpayer funded) Ivanpah a “mega-trap”-will kill 28,000 birds year. http://t.co/xPXEhne29E",study by center for biological diversity called taxpayer funded ivanpah a mega trap will kill birds year,17,3,0,0,3,0.870145,0.122413285,0.0074416124,-0.8627034,Negative
T1284,21650,Offensive language,Studying for this bio test like a hoe 😪,studying for this bio test like a hoe,8,3,0,3,0,0.7836639,0.18379319,0.032542877,-0.75112104,Negative
T1285,21679,Neither,Suddenlink is trash. Y'all know how important Bubble Guppies is to our day?,suddenlink is trash y all know how important bubble guppies is to our day,14,3,0,1,2,0.8421463,0.12255103,0.03530272,-0.8068436,Negative
T1286,21688,Offensive language,Sup bitches,sup bitches,2,3,0,3,0,0.33142525,0.51969755,0.1488771,-0.18254815,Neutral
T1287,21709,Neither,Sweet! Just found that box of Twinkies I bought last year for $225.00! I bet its at least tripled by now! Such a no-brainer buy!,sweet just found that box of twinkies i bought last year for i bet its at least tripled by now such a no brainer buy,25,3,0,0,3,0.004734203,0.017531697,0.97773415,0.97299993,Positive
T1288,21725,Hate speech,TRUST ME when I say that #JesusChrist would be KILLING #faggots if he came back to life in today's day and age> #Spartacus #Rome,trust me when i say that jesuschrist would be killing faggots if he came back to life in today s day and age spartacus rome,25,3,2,1,0,0.3457833,0.41059637,0.2436203,-0.10216299,Neutral
T1289,21747,Offensive language,"Tarantulas are dope but the spiders that are small n can kill you.. Fuck dat RT @BkRaised718: Spiders arent scary, sheesh y’all some pussies",tarantulas are dope but the spiders that are small n can kill you fuck dat rt spiders arent scary sheesh y all some pussies,24,3,0,3,0,0.91208756,0.07551465,0.012397754,-0.8996898,Negative
T1290,21748,Neither,Taria the filterless sis.dari the angelic sis.im the big bro lol and jigg lil bro😩,taria the filterless sis dari the angelic sis im the big bro lol and jigg lil bro,17,3,0,0,3,0.030947855,0.26565155,0.7034006,0.67245275,Positive
T1291,21760,Offensive language,Technically all the niggas that touched her raped her an when she see she trendin on this bitch she callin the cops lmao,technically all the niggas that touched her raped her an when she see she trendin on this bitch she callin the cops lmao,23,3,0,3,0,0.92322886,0.07167473,0.0050964705,-0.91813236,Negative
T1292,21767,Offensive language,Tell me that that pussy is mineeeee,tell me that that pussy is mineeeee,7,3,0,3,0,0.045182813,0.28869405,0.66612315,0.6209403,Positive
T1293,21774,Offensive language,"Tell your bae ""ho tre testicoli"" it means ""I love your eyes"" in Italian",tell your bae ho tre testicoli it means i love your eyes in italian,14,3,0,2,1,0.013693604,0.28836474,0.69794166,0.68424803,Positive
T1294,21784,Offensive language,Text your bitch some lyrics from that new Ty Dolla $ign tape before she wake up so she'll nag you a little less today,text your bitch some lyrics from that new ty dolla ign tape before she wake up so she ll nag you a little less today,25,3,0,3,0,0.19708233,0.606889,0.19602866,-0.0010536611,Neutral
T1295,21797,Neither,"Thanks Charlie, have a great evening @Charlie4927 @StacyDmomof5 @RevkahJC @cantUCIMblonde @Kacado @PattiSM74",thanks charlie have a great evening,6,3,0,0,3,0.0031298858,0.018673858,0.97819626,0.97506636,Positive
T1296,21810,Offensive language,"That annoying moment when you have to keep removing your headphones because someone keeps talking to you.. Like move, bitch..",that annoying moment when you have to keep removing your headphones because someone keeps talking to you like move bitch,20,3,0,3,0,0.8651723,0.12564386,0.009183846,-0.8559885,Negative
T1297,21814,Offensive language,That awkward moment when #IGotDrunkAnd you're still an ugly hoe,that awkward moment when igotdrunkand you re still an ugly hoe,11,3,0,3,0,0.8454948,0.14178525,0.012719941,-0.8327749,Negative
T1298,21825,Offensive language,That bitch can't touch me,that bitch can t touch me,6,3,0,3,0,0.830168,0.13685392,0.032978088,-0.79718995,Negative
T1299,21835,Offensive language,That bitch is hella cranky today. Someone hand her a joint.,that bitch is hella cranky today someone hand her a joint,11,3,0,3,0,0.93504846,0.05458463,0.010366836,-0.9246816,Negative
T1300,21845,Offensive language,That bitch.,that bitch,2,3,0,3,0,0.8822295,0.09696277,0.020807644,-0.8614219,Negative
T1301,21848,Neither,That crow has socks,that crow has socks,4,3,0,0,3,0.37209326,0.52220017,0.10570664,-0.26638663,Neutral
T1302,21876,Offensive language,That niggah is me lol TMLT 😂😂😂,that niggah is me lol tmlt,6,3,0,3,0,0.32423252,0.40714303,0.26862445,-0.055608064,Neutral
T1303,21880,Offensive language,That one drunk white bitch that always instigate problems involving at least one.black dude then crys afterwards when someone gets hurt,that one drunk white bitch that always instigate problems involving at least one black dude then crys afterwards when someone gets hurt,22,3,0,3,0,0.91604143,0.07889693,0.005061694,-0.91097975,Negative
T1304,21884,Offensive language,That pussy came gift wrapped,that pussy came gift wrapped,5,3,0,3,0,0.07557109,0.16631223,0.75811666,0.68254554,Positive
T1305,21930,Offensive language,"That's your bitch, why she acting like she need a man?",that s your bitch why she acting like she need a man,12,3,0,3,0,0.8061158,0.18275793,0.011126259,-0.7949895,Negative
T1306,21944,Neither,The #teabagger #freemarket really doing wonders in #Bangladesh these last couple of days. #tcot #p2 #teaparty #randpaul,the teabagger freemarket really doing wonders in bangladesh these last couple of days tcot p teaparty randpaul,17,3,0,1,2,0.0022753633,0.044800494,0.9529241,0.9506487,Positive
T1307,21958,Neither,"The KFAN mock draft continues, Cleveland is ""on the clock"". Paul Allen has the Vikings 8th pick. I am going with Def back, Justin Gilbert",the kfan mock draft continues cleveland is on the clock paul allen has the vikings th pick i am going with def back justin gilbert,25,3,0,1,2,0.006365228,0.9273801,0.06625468,0.059889454,Neutral
T1308,21967,Neither,The Republican Lt Governor of Missouri says he's sorry he called LAW Anglo-American Law. Racist Pig That he is...,the republican lt governor of missouri says he s sorry he called law anglo american law racist pig that he is,21,3,0,0,3,0.93874645,0.05705888,0.004194732,-0.9345517,Negative
T1309,21969,Neither,The Saints are pure trash lol smh,the saints are pure trash lol smh,7,3,0,1,2,0.913383,0.07300902,0.013607978,-0.899775,Negative
T1310,21971,Offensive language,The Steelers new uniforms look like homosexual bumblebees. #wtf?,the steelers new uniforms look like homosexual bumblebees wtf,9,3,1,2,0,0.9332309,0.060694486,0.006074688,-0.9271562,Negative
T1311,21980,Neither,"The beautiful Fairy Pools near Glenbrittle on the Isle of Skye, Scotland http://t.co/cyi6xSvn97",the beautiful fairy pools near glenbrittle on the isle of skye scotland,12,3,0,0,3,0.0029373742,0.11044493,0.8866178,0.8836804,Positive
T1312,22001,Hate speech,The chinks really hunting their food... RT @WWLTV: Dog shot with arrow in N.O. East- http://t.co/q1KqT6STwl,the chinks really hunting their food rt dog shot with arrow in n o east,15,3,2,1,0,0.42521736,0.5537101,0.021072553,-0.4041448,Neutral
T1313,22039,Offensive language,The left tho RT @BelloDisastro_: “@DJZeeti: twitpic a selfie with a bad bitch” 🍫🍫🍫 http://t.co/9X0CkRTgVr,the left tho rt twitpic a selfie with a bad bitch,11,3,0,3,0,0.44431773,0.5006975,0.05498478,-0.38933295,Neutral
T1314,22049,Offensive language,The movie #abouttime a hard ass chick flick. This nigga goes back in time if he but too quick n fucks the bitch over n over lol,the movie abouttime a hard ass chick flick this nigga goes back in time if he but too quick n fucks the bitch over n over lol,27,7,3,4,0,0.7825325,0.17822771,0.039239775,-0.74329275,Negative
T1315,22050,Offensive language,The music stop playing and all you hear is fuck you bitch I'll Spit on you 😂😂,the music stop playing and all you hear is fuck you bitch i ll spit on you,17,3,0,3,0,0.9194961,0.06923794,0.011265928,-0.9082302,Negative
T1316,22069,Offensive language,The question alone 😩😂😂RT @KfromtheG: What city got the most bitches with gold teeth?,the question alone rt what city got the most bitches with gold teeth,13,3,0,3,0,0.35412616,0.5068951,0.1389788,-0.21514736,Neutral
T1317,22071,Neither,The redskins just begging to lose this game smh,the redskins just begging to lose this game smh,9,3,0,0,3,0.90723944,0.08387943,0.008881134,-0.8983583,Negative
T1318,22083,Hate speech,The thing about working with black people. These bitches never on fucking time then wanna complain about a short check. Bitch die.Today. now,the thing about working with black people these bitches never on fucking time then wanna complain about a short check bitch die today now,24,3,2,1,0,0.94769025,0.045136098,0.007173708,-0.94051653,Negative
T1319,22089,Offensive language,The undesirables RT @KingHorseDick: @viaNAWF 😭😭😭😭😭 these bitches big bruh,the undesirables rt these bitches big bruh,7,3,0,3,0,0.8820771,0.10700396,0.010918989,-0.8711581,Negative
T1320,22095,Offensive language,The weeknd is why bitches love dark skin fellas now.,the weeknd is why bitches love dark skin fellas now,10,3,0,3,0,0.16475402,0.5399192,0.2953268,0.13057278,Neutral
T1321,22104,Neither,Their gotta be a loaded lux vs Murda mook 3,their gotta be a loaded lux vs murda mook,9,3,0,0,3,0.040386993,0.8769581,0.082654916,0.042267922,Neutral
T1322,22125,Offensive language,Then I hit that bitch like a free throw !,then i hit that bitch like a free throw,9,3,0,3,0,0.26154307,0.37581328,0.3626437,0.10110062,Neutral
T1323,22159,Offensive language,"There's dudes on twitter who have no respect for their dick.You know,the mirror selfie niggaz,the nude droppers,dick avis,pussy eating avis?",there s dudes on twitter who have no respect for their dick you know the mirror selfie niggaz the nude droppers dick avis pussy eating avis,26,3,0,3,0,0.8830637,0.107276864,0.009659447,-0.8734042,Negative
T1324,22181,Offensive language,These bitches boringgggg,these bitches boringgggg,3,3,0,3,0,0.8877949,0.09632829,0.015876783,-0.87191814,Negative
T1325,22189,Offensive language,"These bitches gotta realize that ""their nigga"" WANTS ME 😂 if he doesn't now he did several occasions before 😴",these bitches gotta realize that their nigga wants me if he doesn t now he did several occasions before,19,3,0,3,0,0.63257086,0.32630244,0.04112674,-0.59144413,Negative
T1326,22208,Offensive language,These bitches want the next best thing,these bitches want the next best thing,7,3,0,3,0,0.79799896,0.16742922,0.034571838,-0.76342714,Negative
T1327,22217,Offensive language,These customers are fucking crazy this bitch said God will smite me because her dumbass locked herself out of her account.,these customers are fucking crazy this bitch said god will smite me because her dumbass locked herself out of her account,21,3,0,3,0,0.9581908,0.036550984,0.005258194,-0.9529326,Negative
T1328,22224,Offensive language,These hoe ass niccas talkn shyt about a nicca make a nicca wanna go and snatch the bitch up outta nicca,these hoe ass niccas talkn shyt about a nicca make a nicca wanna go and snatch the bitch up outta nicca,21,3,0,3,0,0.9006131,0.08954106,0.009845749,-0.8907674,Negative
T1329,22307,Offensive language,These nigs like saying they miss the old vice,these nigs like saying they miss the old vice,9,3,0,3,0,0.3974586,0.5593337,0.043207694,-0.3542509,Neutral
T1330,22382,Offensive language,"This Amish bitch was rockin Gucci and her man was smokin a e-cig. Smh fake ass ""Amish"" ass bish!",this amish bitch was rockin gucci and her man was smokin a e cig smh fake ass amish ass bish,20,3,1,2,0,0.9035293,0.087996356,0.008474343,-0.89505494,Negative
T1331,22407,Offensive language,This bitch always got shit to say about what other people like,this bitch always got shit to say about what other people like,12,3,0,3,0,0.88266927,0.10888975,0.008440902,-0.87422836,Negative
T1332,22419,Offensive language,This bitch crazy,this bitch crazy,3,3,0,3,0,0.6757957,0.24857046,0.07563386,-0.6001618,Negative
T1333,22424,Offensive language,This bitch gone ask is we closed 😒I said Naw we just ain't pay the lightbill this month YEA BITCH WE CLOSED!! Get TF out,this bitch gone ask is we closed i said naw we just ain t pay the lightbill this month yea bitch we closed get tf out,26,3,0,3,0,0.89164996,0.099077836,0.009272267,-0.8823777,Negative
T1334,22429,Offensive language,This bitch has two jobs and is starting school on the 26th. #fuckwhatyouheard,this bitch has two jobs and is starting school on the th fuckwhatyouheard,13,6,0,6,0,0.90647286,0.08245622,0.011070879,-0.89540195,Negative
T1335,22434,Offensive language,This bitch is crying http://t.co/Js8uldDzNl,this bitch is crying,4,3,0,3,0,0.8306757,0.14145151,0.02787278,-0.8028029,Negative
T1336,22447,Offensive language,This bitch just chillin http://t.co/lp9Xd7qRzP,this bitch just chillin,4,3,0,3,0,0.64754725,0.31978172,0.032671057,-0.6148762,Negative
T1337,22480,Offensive language,This bitch took her damn eye out like it was a contact! 😱😣,this bitch took her damn eye out like it was a contact,12,3,0,3,0,0.9033985,0.08243844,0.014163134,-0.8892354,Negative
T1338,22483,Offensive language,This bitch tweets been on point the few minutes I been on.,this bitch tweets been on point the few minutes i been on,12,3,0,3,0,0.55644405,0.27911428,0.16444165,-0.3920024,Negative
T1339,22484,Offensive language,"This bitch wanna smoke all of my weed,",this bitch wanna smoke all of my weed,8,3,0,3,0,0.85887295,0.122294724,0.018832266,-0.8400407,Negative
T1340,22502,Offensive language,This fat bitch turnt for some ice cream not gon lie I would be too https://t.co/E6FIiSiizW,this fat bitch turnt for some ice cream not gon lie i would be too,15,3,0,3,0,0.5786903,0.3115029,0.10980677,-0.4688835,Negative
T1341,22529,Offensive language,This how most of yall side hoes gone look on valentines day!! Lol http://t.co/SJmjiysthI,this how most of yall side hoes gone look on valentines day lol,13,3,0,3,0,0.27190518,0.5497971,0.17829768,-0.0936075,Neutral
T1342,22540,Offensive language,This is great RT @AmPowerBlog loser & coward @MikePrysner grabbed my iPhone and threw it in the street. He's a pussy. http://t.co/CVUbLNgXKj,this is great rt loser coward grabbed my iphone and threw it in the street he s a pussy,19,3,0,3,0,0.8079556,0.11087354,0.08117085,-0.72678477,Negative
T1343,22563,Offensive language,This man Wimp gotta be drunk he know damn well he dont fw no hoes!! 😂😭,this man wimp gotta be drunk he know damn well he dont fw no hoes,15,3,0,3,0,0.8768968,0.10456968,0.018533487,-0.85836333,Negative
T1344,22579,Hate speech,This nigga over here telling me he dont fuck with this bitch . When he do 😩😂😂. Or maybe she lying lol,this nigga over here telling me he dont fuck with this bitch when he do or maybe she lying lol,20,3,2,1,0,0.78544796,0.1943153,0.020236703,-0.7652112,Negative
T1345,22601,Offensive language,This pussy dryer than yours... RT @LoyalLamb85: Drier vs. Dryer :(,this pussy dryer than yours rt drier vs dryer,9,3,0,2,1,0.8194304,0.16914766,0.011421964,-0.80800843,Negative
T1346,22617,Offensive language,This subway worker is being a major bitch to a soldier. come on show some respect,this subway worker is being a major bitch to a soldier come on show some respect,16,3,1,2,0,0.9324963,0.060107436,0.0073963236,-0.92509997,Negative
T1347,22623,Neither,This waiting thing is for the birds...,this waiting thing is for the birds,7,3,0,0,3,0.8073437,0.17032705,0.02232926,-0.78501445,Negative
T1348,22661,Offensive language,Time hop makes me realize how much off a faggot I was lol,time hop makes me realize how much off a faggot i was lol,13,3,0,3,0,0.90915465,0.07454961,0.016295783,-0.89285886,Negative
T1349,22667,Offensive language,Tired of hoes man,tired of hoes man,4,3,0,3,0,0.8363114,0.1296337,0.03405485,-0.8022565,Negative
T1350,22669,Offensive language,Tired of these hoes breathing my air.,tired of these hoes breathing my air,7,3,0,3,0,0.9173124,0.07454458,0.008143047,-0.9091693,Negative
T1351,22676,Offensive language,To many dumb hoes in milwaukee,to many dumb hoes in milwaukee,6,3,0,3,0,0.89540225,0.09324603,0.011351678,-0.88405055,Negative
T1352,22677,Offensive language,To many niggas and not enough hoes and most of you niggas acting like hoes,to many niggas and not enough hoes and most of you niggas acting like hoes,15,3,0,3,0,0.8208093,0.16560441,0.013586263,-0.807223,Negative
T1353,22687,Offensive language,Told da nicca str8 up to his face whateva he got goin on I Want In..Guess he felt some type of way bout it,told da nicca str up to his face whateva he got goin on i want in guess he felt some type of way bout it,25,3,0,2,1,0.21334799,0.71558493,0.07106716,-0.14228082,Neutral
T1354,22707,Offensive language,Too many bad bitches last night,too many bad bitches last night,6,3,0,3,0,0.8526967,0.13367435,0.013628855,-0.8390679,Negative
T1355,22710,Offensive language,Too many pretty bitches got the sore throat voice.Mostly red bones. #TurnOff,too many pretty bitches got the sore throat voice mostly red bones turnoff,13,3,0,3,0,0.8739232,0.11384891,0.01222787,-0.8616953,Negative
T1356,22719,Offensive language,Top knotch hoes get the most not the lesser,top knotch hoes get the most not the lesser,9,3,0,3,0,0.4181625,0.45613518,0.1257023,-0.2924602,Neutral
T1357,22749,Offensive language,Truuuuuuuuuuu facts both then niggaz is pussy nd I'll tag em both @meekmill nd cassidy r/p by my nigga let http://t.co/NhYODSpP,truuuuuuuuuuu facts both then niggaz is pussy nd i ll tag em both nd cassidy r p by my nigga let,21,3,0,3,0,0.67679614,0.29259494,0.030608956,-0.6461872,Negative
T1358,22750,Neither,Try Rex's NEW water roasted tomato/potato sawdust crackers! Loaded with enough sodium as to make Lots wife look unsavory! Only 22.99 a box!,try rex s new water roasted tomato potato sawdust crackers loaded with enough sodium as to make lots wife look unsavory only a box,24,3,0,0,3,0.011312223,0.22778447,0.7609033,0.74959105,Positive
T1359,22763,Offensive language,"Turn the entire fuck up, hoes!!!!",turn the entire fuck up hoes,6,3,0,3,0,0.84244776,0.10983943,0.047712713,-0.7947351,Negative
T1360,22785,Offensive language,Two foreign hoes Iont like the basic,two foreign hoes iont like the basic,7,3,0,3,0,0.85344785,0.13488822,0.0116639575,-0.8417839,Negative
T1361,22795,Offensive language,Type of nicca owe yu money but still ask you to go n on a blunt,type of nicca owe yu money but still ask you to go n on a blunt,16,3,0,2,1,0.5301972,0.44319248,0.02661031,-0.5035869,Negative
T1362,22808,Offensive language,U ever seen a bitch talk shit about another bitch then U see them hanging together?,u ever seen a bitch talk shit about another bitch then u see them hanging together,16,3,0,3,0,0.6077051,0.37579867,0.016496275,-0.5912088,Negative
T1363,22829,Offensive language,U wont see me sober less i got court Mary the best bitch in life,u wont see me sober less i got court mary the best bitch in life,15,3,0,3,0,0.021201013,0.061781622,0.91701734,0.8958163,Positive
T1364,22883,Offensive language,VP Joe the Dildo still wants your guns. Hey Joe. FU. Oath breaking prick needs to be routed out. Hows it feel to be honkey whippin boy?,vp joe the dildo still wants your guns hey joe fu oath breaking prick needs to be routed out hows it feel to be honkey whippin boy,27,3,1,2,0,0.9379171,0.054073557,0.008009273,-0.92990786,Negative
T1365,22889,Offensive language,Vegas in 4 days bitches.,vegas in days bitches,4,3,0,3,0,0.06304861,0.5380662,0.39888516,0.33583656,Neutral
T1366,22921,Offensive language,Waddup bitch I gotta get tf outta this town tonite http://t.co/fDc54X3cB0,waddup bitch i gotta get tf outta this town tonite,10,3,0,3,0,0.9299446,0.060469452,0.009585925,-0.92035866,Negative
T1367,22923,Offensive language,Wait What?! 😭😭😴😴“@TaeCocky: You a faggot if you wear a seat beat”,wait what you a faggot if you wear a seat beat,11,3,1,2,0,0.87490726,0.11455491,0.010537857,-0.8643694,Negative
T1368,22940,Offensive language,Walk out that bitch like RT @MKellyRedmen25: Just murdered that test! http://t.co/XYiVSRbsop,walk out that bitch like rt just murdered that test,10,3,1,2,0,0.8229301,0.14084618,0.036223706,-0.7867064,Negative
T1369,22945,Offensive language,Wallah does this dumb bitch dream about the fucking lottery to wake up this early and play fuck you hoe.,wallah does this dumb bitch dream about the fucking lottery to wake up this early and play fuck you hoe,20,6,0,6,0,0.9536698,0.038949717,0.007380487,-0.9462893,Negative
T1370,22947,Offensive language,Want some cheese with that whine bitch ?!,want some cheese with that whine bitch,7,3,0,3,0,0.8026625,0.16652071,0.030816859,-0.77184564,Negative
T1371,22955,Offensive language,Wash up hoe,wash up hoe,3,6,0,5,1,0.6734547,0.27458477,0.05196049,-0.62149423,Negative
T1372,23018,Neither,We're going to make the school look so redneck tomorrow.,we re going to make the school look so redneck tomorrow,11,3,0,1,2,0.87178373,0.11565146,0.012564788,-0.85921896,Negative
T1373,23025,Offensive language,Weird ass bitches,weird ass bitches,3,3,0,3,0,0.80071366,0.17823315,0.021053204,-0.77966046,Negative
T1374,23026,Neither,Weird frosted colored lipgloss is weird...,weird frosted colored lipgloss is weird,6,3,0,0,3,0.86324674,0.12546429,0.011289007,-0.85195774,Negative
T1375,23048,Offensive language,Welp imma hoe again :/ RT @Gladvillian: She a hoe if she likes chocolate.,welp imma hoe again rt she a hoe if she likes chocolate,12,3,0,3,0,0.90266603,0.08982652,0.0075074853,-0.8951585,Negative
T1376,23054,Neither,Western Jihadi fanboys use of language: peppering sentences with Arabic words to sound knowledgeable - #Comical http://t.co/G2rca1XGh7,western jihadi fanboys use of language peppering sentences with arabic words to sound knowledgeable comical,15,3,0,0,3,0.23194343,0.7278758,0.040180698,-0.19176273,Neutral
T1377,23067,Offensive language,"What a pussy so you can sub-tweet about me, then unfollow, but can't even reply and try to understand my point? Yeah and I'm the idiot.",what a pussy so you can sub tweet about me then unfollow but can t even reply and try to understand my point yeah and i m the idiot,29,3,0,3,0,0.95180815,0.04375197,0.004439911,-0.94736826,Negative
T1378,23093,Offensive language,What now bitch I've got you're girlfriend @owne1235 http://t.co/cydgooP9YZ,what now bitch i ve got you re girlfriend,9,6,0,6,0,0.6014892,0.34113085,0.057379954,-0.5441092,Negative
T1379,23109,Offensive language,What was that knob to get shit back in focus when it started getting fuzzy?,what was that knob to get shit back in focus when it started getting fuzzy,15,3,0,2,1,0.5628424,0.41400662,0.023150964,-0.53969145,Negative
T1380,23119,Hate speech,What's so good about Prom? All I see is another faggot ass High School dance.,what s so good about prom all i see is another faggot ass high school dance,16,3,2,1,0,0.91399944,0.06909379,0.01690675,-0.8970927,Negative
T1381,23134,Offensive language,"When Chief Keef said ""I aint done turning up bitch!"" http://t.co/bx2mXV2osO",when chief keef said i aint done turning up bitch,10,3,0,3,0,0.15372913,0.6796397,0.16663115,0.012902021,Neutral
T1382,23156,Offensive language,When a hoe go back to her roots,when a hoe go back to her roots,8,3,0,2,1,0.6182588,0.3446269,0.037114386,-0.5811444,Negative
T1383,23158,Offensive language,When a niggah think he gon come in-between me and my bestf 😂😂😂😂 I'll fuck you and her up 😂👌,when a niggah think he gon come in between me and my bestf i ll fuck you and her up,20,3,1,2,0,0.6812851,0.22008425,0.098630644,-0.5826544,Negative
T1384,23170,Neither,When did Miley turn ghetto?,when did miley turn ghetto,5,3,1,0,2,0.6954879,0.2918138,0.012698268,-0.6827896,Negative
T1385,23200,Offensive language,When niggas say they like Latinas they don't mean you fat bitches that smell like fajitas,when niggas say they like latinas they don t mean you fat bitches that smell like fajitas,17,3,1,2,0,0.72977906,0.251352,0.018868938,-0.71091014,Negative
T1386,23256,Offensive language,Where the fair and reasonable women at? Not these self righteous I deserve the world without working for it Cuz I got a pussy bitches.,where the fair and reasonable women at not these self righteous i deserve the world without working for it cuz i got a pussy bitches,25,3,0,3,0,0.90340626,0.083309524,0.013284214,-0.89012206,Negative
T1387,23261,Offensive language,Where this hoe Benga at,where this hoe benga at,5,3,0,2,1,0.7227469,0.2505888,0.026664304,-0.6960826,Negative
T1388,23273,Neither,"Whipped cream ♥,♥ #endlesslove",whipped cream endlesslove,3,3,0,0,3,0.0044847024,0.026063528,0.9694518,0.9649671,Positive
T1389,23315,Neither,"Whoo? A new attraction in Virginia City, birds of prey. Meet this owl famous for his role in Harry Potter. http://t.co/1NFSh5sCcR",whoo a new attraction in virginia city birds of prey meet this owl famous for his role in harry potter,20,3,0,0,3,0.0019107847,0.19246565,0.8056236,0.8037128,Positive
T1390,23331,Offensive language,"Why beg for nudes when you could fuck that bitch and make a video. Staring yourself and you get some booty, win win.",why beg for nudes when you could fuck that bitch and make a video staring yourself and you get some booty win win,23,3,0,3,0,0.76322764,0.20469327,0.032079164,-0.7311485,Negative
T1391,23336,Neither,Why can't I have colored eyes like my siblings 😭😭,why can t i have colored eyes like my siblings,10,3,0,0,3,0.84125584,0.14498971,0.013754482,-0.82750136,Negative
T1392,23397,Offensive language,Why you let these hoes tear what we had apart you shud be beware beware,why you let these hoes tear what we had apart you shud be beware beware,15,3,0,3,0,0.89780617,0.096189,0.006004796,-0.89180136,Negative
T1393,23407,Neither,Will be interesting to watch how Interlagos grips in this weekend. F1 cars basically the guinea pigs for WEC later this month.,will be interesting to watch how interlagos grips in this weekend f cars basically the guinea pigs for wec later this month,22,3,0,0,3,0.017073466,0.7334021,0.2495245,0.23245104,Neutral
T1394,23434,Offensive language,Wiz lost his bitch to this nigga ain't no weed in the world strong enough to help him get over that http://t.co/L2xzrUqwkP,wiz lost his bitch to this nigga ain t no weed in the world strong enough to help him get over that,22,3,0,3,0,0.8483399,0.13919708,0.012463095,-0.8358768,Negative
T1395,23448,Offensive language,"Women want a Best Man Holiday type of nigga meanwhile you have mad THOT pics on ya gram talking about ""this could be us"" bitch die",women want a best man holiday type of nigga meanwhile you have mad thot pics on ya gram talking about this could be us bitch die,26,3,1,2,0,0.70441604,0.26093912,0.034644864,-0.6697712,Negative
T1396,23450,Neither,"Won't catch me sneak dissing, thats fo the birds.",won t catch me sneak dissing thats fo the birds,10,3,0,0,3,0.6334894,0.32338712,0.043123536,-0.5903658,Negative
T1397,23451,Offensive language,Won't step dad me hoe. Lol,won t step dad me hoe lol,7,3,0,3,0,0.49459085,0.439735,0.06567421,-0.42891663,Negative
T1398,23457,Offensive language,Word... But what r Dms? RT @BakeGriffin A twitter crush is some bitch shit. Man up & enter her Dm's bruh,word but what r dms rt a twitter crush is some bitch shit man up enter her dm s bruh,20,3,0,3,0,0.6941631,0.2902642,0.015572808,-0.6785903,Negative
T1399,23474,Offensive language,Wow fucken Bradley sucks ass. And his coach said this niggah can play for Barcelona hahahahahaha,wow fucken bradley sucks ass and his coach said this niggah can play for barcelona hahahahahaha,16,6,1,5,0,0.9529791,0.039355103,0.007665797,-0.9453133,Negative
T1400,23496,Offensive language,Y u a bitch doe?,y u a bitch doe,5,3,0,3,0,0.7866768,0.20230491,0.01101821,-0.7756586,Negative
T1401,23518,Offensive language,"Y'all hoes don't need a valentine , Y'all need Jesus",y all hoes don t need a valentine y all need jesus,12,3,0,3,0,0.72180283,0.24163122,0.03656595,-0.6852369,Negative
T1402,23524,Offensive language,Y'all lonely ass bitches sure do give out a lot of relationship advice....,y all lonely ass bitches sure do give out a lot of relationship advice,14,3,0,3,0,0.85424805,0.13477731,0.010974726,-0.84327334,Negative
T1403,23544,Offensive language,Ya bitch got my dirty pistol in her crib uoeno it,ya bitch got my dirty pistol in her crib uoeno it,11,3,0,3,0,0.74794894,0.23614116,0.01590987,-0.7320391,Negative
T1404,23547,Offensive language,Ya bitches dumb as fuck for the felon.,ya bitches dumb as fuck for the felon,8,3,0,3,0,0.8806009,0.1056525,0.0137465885,-0.86685437,Negative
T1405,23563,Offensive language,Yall bitches only muslim when yall hair fucked up ctfu stop that youngs!!,yall bitches only muslim when yall hair fucked up ctfu stop that youngs,13,3,1,2,0,0.9134586,0.08081026,0.005731103,-0.9077275,Negative
T1406,23571,Neither,Yall know Skip Bayless is about to slit his wrists over Romo! Lol,yall know skip bayless is about to slit his wrists over romo lol,13,3,0,0,3,0.2471138,0.5224807,0.23040551,-0.016708285,Neutral
T1407,23587,Neither,Yanks won't make the playoffs but we ain't in the AL basement. That's the Red Sox position:http://t.co/f7HXNDz1hy”,yanks won t make the playoffs but we ain t in the al basement that s the red sox position,20,3,0,0,3,0.19283547,0.73550004,0.07166446,-0.121171005,Neutral
T1408,23596,Offensive language,Yea I see ya hoe,yea i see ya hoe,5,3,0,3,0,0.40528503,0.43277735,0.16193761,-0.24334742,Neutral
T1409,23608,Offensive language,Yeah Chris Brown definitely the realest waffle cone colored nigga of all time for that no bullshit song b that's exactly how I be feelin,yeah chris brown definitely the realest waffle cone colored nigga of all time for that no bullshit song b that s exactly how i be feelin,26,3,1,2,0,0.021996884,0.15605612,0.82194704,0.7999502,Positive
T1410,23615,Offensive language,Yeah hoe,yeah hoe,2,6,0,6,0,0.42663378,0.41665035,0.15671587,-0.2699179,Negative
T1411,23653,Offensive language,Yo @KayciMalynn I miss you. Ya cunt.,yo i miss you ya cunt,6,3,1,2,0,0.85526705,0.116830476,0.027902419,-0.8273646,Negative
T1412,23696,Offensive language,You a bitch,you a bitch,3,3,0,3,0,0.7739954,0.19044742,0.03555723,-0.7384382,Negative
T1413,23705,Offensive language,You a hoe if you take a taxi to the club,you a hoe if you take a taxi to the club,11,3,0,3,0,0.78894126,0.1950332,0.01602557,-0.7729157,Negative
T1414,23709,Offensive language,You a pussy hoe until you give me pussy hoe,you a pussy hoe until you give me pussy hoe,10,3,1,2,0,0.8303819,0.14596811,0.023649998,-0.8067319,Negative
T1415,23711,Offensive language,You a shoulda coulda woulda ass niggah Ima wish a niggah would ona hood ass niggah,you a shoulda coulda woulda ass niggah ima wish a niggah would ona hood ass niggah,16,3,1,2,0,0.8518574,0.12972239,0.018420285,-0.83343714,Negative
T1416,23735,Offensive language,You at the club EVERY week bitch get a life,you at the club every week bitch get a life,10,3,0,3,0,0.6956179,0.27594152,0.028440593,-0.6671773,Negative
T1417,23794,Offensive language,"You girls be 13 talking about ""I hate sleeping alone"" .. Well bitch you better buy a damn teddy bear.",you girls be talking about i hate sleeping alone well bitch you better buy a damn teddy bear,18,6,0,6,0,0.86522585,0.118762955,0.016011152,-0.8492147,Negative
T1418,23810,Offensive language,You guys are all faggots.,you guys are all faggots,5,3,1,2,0,0.92731273,0.060344756,0.012342439,-0.9149703,Negative
T1419,23812,Hate speech,You have my word we will RT @JRwrz: @Thotcho beat those fucking faggots pls,you have my word we will rt beat those fucking faggots pls,12,3,3,0,0,0.73801684,0.2086314,0.053351756,-0.6846651,Negative
T1420,23816,Offensive language,You hoes are in for a pleasant surprise 😜😏,you hoes are in for a pleasant surprise,8,3,0,2,1,0.0139460405,0.10266195,0.88339204,0.869446,Positive
T1421,23842,Offensive language,You know these hoes wishy washy !,you know these hoes wishy washy,6,3,0,3,0,0.6775086,0.2821217,0.040369757,-0.63713884,Negative
T1422,23849,Neither,You know you are in the ghetto when you see streets named Martin Luther King Jr & LittleJohn. #halp,you know you are in the ghetto when you see streets named martin luther king jr littlejohn halp,18,3,0,0,3,0.806115,0.18088846,0.012996593,-0.79311836,Negative
T1423,23857,Offensive language,You little dumb ass bitch I dont fuck with you!,you little dumb ass bitch i dont fuck with you,10,3,1,2,0,0.94861436,0.042942494,0.008443118,-0.94017124,Negative
T1424,23867,Offensive language,You need a muzzle for your horse face bitch.,you need a muzzle for your horse face bitch,9,3,0,3,0,0.92281926,0.06624572,0.010934931,-0.9118843,Negative
T1425,23898,Offensive language,You say you gotta new bitch?,you say you gotta new bitch,6,3,0,3,0,0.29351968,0.65239805,0.054082263,-0.23943742,Neutral
T1426,23900,Offensive language,You scum bro RT @HURRICANESENSEI: When tha pussy was trash but she still txt yu... http://t.co/5tasiq5YO8 my life ain't shit,you scum bro rt when tha pussy was trash but she still txt yu my life ain t shit,19,3,0,3,0,0.9254505,0.06872759,0.005821905,-0.9196286,Negative
T1427,23905,Offensive language,You selfish bitch... I bet you love running.. I sure do.,you selfish bitch i bet you love running i sure do,11,3,0,3,0,0.83709186,0.10968947,0.05321864,-0.7838732,Negative
T1428,23907,Offensive language,You should have to be over 6 foot and 220 lbs to buy a truck. We know most of you get em cause you're scrawny country pussies.,you should have to be over foot and lbs to buy a truck we know most of you get em cause you re scrawny country pussies,26,3,1,2,0,0.779438,0.19856466,0.02199738,-0.7574406,Negative
T1429,23935,Offensive language,You will never get a 💍💎 if you don't know how to cook 🍗🍖🍝🍤🍛🍕 for ya man fr atleast not from a nigga like me. Slackin ass bitches,you will never get a if you don t know how to cook for ya man fr atleast not from a nigga like me slackin ass bitches,27,6,0,6,0,0.81335604,0.16160104,0.025042964,-0.7883131,Negative
T1430,23992,Offensive language,Your girls pussy smells like sour cream and onions,your girls pussy smells like sour cream and onions,9,3,0,3,0,0.79549396,0.18393348,0.020572597,-0.77492136,Negative
T1431,23998,Offensive language,Your pussy hella tight. Took me an hour to slide in that mothafucka “@flaidfirnruht: “@07Cannon: Quote and I'll compliment you””,your pussy hella tight took me an hour to slide in that mothafucka quote and i ll compliment you,19,3,0,3,0,0.30510077,0.33970746,0.35519177,0.050091,Positive
T1432,24010,Offensive language,"Yup, I officially do not like you. You are a needy greedy bitch who needs to have it your way.",yup i officially do not like you you are a needy greedy bitch who needs to have it your way,20,3,0,3,0,0.9393374,0.053457223,0.007205282,-0.93213207,Negative
T1433,24020,Offensive language,"a bitch can have two black eyes, bloody lip, scalp bleeding, bruises, and a broken arm and still be like ""but i love him!"" lmao",a bitch can have two black eyes bloody lip scalp bleeding bruises and a broken arm and still be like but i love him lmao,25,3,0,3,0,0.78981775,0.15980542,0.05037679,-0.739441,Negative
T1434,24025,Offensive language,add me on snapchat bitches @ erinblair,add me on snapchat bitches erinblair,6,3,0,3,0,0.025699537,0.74614775,0.22815269,0.20245315,Neutral
T1435,24027,Neither,"after the steelers lost the superbowl i loaded up the black and yellow gmix on my moms computer, i think the youtube page is still open",after the steelers lost the superbowl i loaded up the black and yellow gmix on my moms computer i think the youtube page is still open,26,3,0,0,3,0.06483872,0.8703254,0.064835854,-2.8684735e-06,Neutral
T1436,24030,Offensive language,ahaha pussy is king,ahaha pussy is king,4,3,0,3,0,0.069868974,0.17359939,0.7565316,0.6866626,Positive
T1437,24039,Offensive language,aint nuthin retarded bout Gucci but this gold rolex,aint nuthin retarded bout gucci but this gold rolex,9,6,0,4,2,0.30749494,0.5498745,0.14263056,-0.16486438,Neutral
T1438,24048,Offensive language,"all the money n the pussy I want, I need that there",all the money n the pussy i want i need that there,12,3,0,3,0,0.15421277,0.42023006,0.42555714,0.27134436,Positive
T1439,24051,Offensive language,"all these bad bitches, man they want the ____",all these bad bitches man they want the,8,3,0,3,0,0.82417655,0.15774922,0.018074319,-0.8061022,Negative
T1440,24061,Offensive language,"always okay to bring your ho to the barbershop though, they usually cool af",always okay to bring your ho to the barbershop though they usually cool af,14,3,0,3,0,0.0058540963,0.066956915,0.927189,0.9213349,Positive
T1441,24120,Offensive language,"bitch get out cha, bitch get out cha, bitch get out cha feelings.👏🎶 RT @bitemy_jordans: In my feelings... wtf",bitch get out cha bitch get out cha bitch get out cha feelings rt in my feelings wtf,18,4,0,4,0,0.60945845,0.33724624,0.053295277,-0.5561632,Negative
T1442,24144,Offensive language,bitch you guessin,bitch you guessin,3,3,0,3,0,0.591521,0.3692261,0.039252896,-0.55226815,Negative
T1443,24173,Offensive language,bitches tryna be down but I ain't for that relationship life right now.,bitches tryna be down but i ain t for that relationship life right now,14,3,0,3,0,0.6792345,0.28624588,0.03451958,-0.64471495,Negative
T1444,24181,Offensive language,"bout to get some twitter bitches, my twitter fame raising dawg #GETWITME",bout to get some twitter bitches my twitter fame raising dawg getwitme,12,3,0,3,0,0.085879594,0.51848745,0.39563295,0.30975336,Neutral
T1445,24183,Offensive language,"brb, skipping out of a b-ball game with Obama to whoop @ThatAngryNigga's hoe ass.",brb skipping out of a b ball game with obama to whoop s hoe ass,15,3,0,2,1,0.83062303,0.14486268,0.024514243,-0.8061088,Negative
T1446,24190,Offensive language,"but i do know one thing though, bitches they come they go, Saturday through Sunday monday, monday through sunday yooooo #superman",but i do know one thing though bitches they come they go saturday through sunday monday monday through sunday yooooo superman,21,3,0,3,0,0.098133944,0.5578583,0.34400776,0.24587381,Neutral
T1447,24200,Offensive language,cant hate onna bitch getting paid for what she got,cant hate onna bitch getting paid for what she got,10,3,0,3,0,0.30490327,0.4965943,0.19850244,-0.10640083,Neutral
T1448,24232,Neither,damn lol RT @GlobalGrindNews: Janay Rice speaks on the domestic violence costume that mocks her marriage http://t.co/n6ucidNUuU,damn lol rt janay rice speaks on the domestic violence costume that mocks her marriage,15,3,0,1,2,0.7444595,0.24438575,0.01115471,-0.7333048,Negative
T1449,24240,Offensive language,deal with you bitches when I feel like it,deal with you bitches when i feel like it,9,3,0,3,0,0.35131922,0.5649059,0.08377488,-0.26754433,Neutral
T1450,24266,Offensive language,"don't look at me like I've got a banana in my hand, you fucking monkey.",don t look at me like i ve got a banana in my hand you fucking monkey,17,3,0,3,0,0.89753634,0.09197516,0.01048846,-0.8870479,Negative
T1451,24282,Offensive language,eagles are fucking cunts http://t.co/nK2CO0snNv,eagles are fucking cunts,4,3,0,3,0,0.92909396,0.062705085,0.008200981,-0.92089295,Negative
T1452,24307,Neither,f u tumblr bc my blog is black & white but there's so many great colored things I could reblog fml,f u tumblr bc my blog is black white but there s so many great colored things i could reblog fml,21,3,0,1,2,0.47352093,0.27829677,0.24818231,-0.22533862,Negative
T1453,24362,Offensive language,"got a death wish against like 675 cunts, I'm just no a happy man #fuckittt",got a death wish against like cunts i m just no a happy man fuckittt,15,6,1,5,0,0.9534209,0.040110823,0.0064682816,-0.9469526,Negative
T1454,24382,Offensive language,ha fucking twat. go cry about mommy some more,ha fucking twat go cry about mommy some more,9,3,0,3,0,0.9543382,0.039328974,0.006332813,-0.9480054,Negative
T1455,24394,Hate speech,harm this pussy instead RT @ABC7: missing 26-yr-old USC medical student last seen Tuesday May harm himself http://t.co/evU04p6SUR,harm this pussy instead rt missing yr old usc medical student last seen tuesday may harm himself,17,3,2,1,0,0.75226426,0.23794705,0.009788692,-0.74247557,Negative
T1456,24399,Offensive language,having one of those days where a pimp wants to unfollow every bitch in a 30 mile radius on IG that won't let me beat,having one of those days where a pimp wants to unfollow every bitch in a mile radius on ig that won t let me beat,25,3,0,3,0,0.83804846,0.14738062,0.014570892,-0.82347757,Negative
T1457,24404,Neither,he's making fun of me cause I'm worried about the bird and he saying he's not surprised because I don't like splitting poles lol ugh jerk,he s making fun of me cause i m worried about the bird and he saying he s not surprised because i don t like splitting poles lol ugh jerk,30,3,0,0,3,0.8239714,0.16239884,0.013629819,-0.8103416,Negative
T1458,24407,Offensive language,hell yeah I'm being a pussy cat today.. don't forget a sexy one,hell yeah i m being a pussy cat today don t forget a sexy one,15,3,0,3,0,0.14527951,0.20650569,0.64821476,0.50293523,Positive
T1459,24415,Offensive language,hey shawnda.. I'm rich bitch!!,hey shawnda i m rich bitch,6,3,0,3,0,0.15039755,0.325418,0.5241844,0.37378687,Positive
T1460,24479,Hate speech,i hate hoes.,i hate hoes,3,3,2,1,0,0.917737,0.06930979,0.012953168,-0.90478384,Negative
T1461,24510,Offensive language,i want a dyke clique,i want a dyke clique,5,3,0,2,1,0.18379569,0.65428424,0.16192015,-0.021875545,Neutral
T1462,24523,Offensive language,i'd rather sit alone than fuck w/ iffy bitches.,i d rather sit alone than fuck w iffy bitches,10,6,0,6,0,0.881067,0.11121912,0.0077139344,-0.87335306,Negative
T1463,24526,Offensive language,"i'm sorry i called you a gap-toothed bitch, its not your fault you're so gap-toothed",i m sorry i called you a gap toothed bitch its not your fault you re so gap toothed,19,3,0,3,0,0.9247578,0.06973887,0.0055033905,-0.91925436,Negative
T1464,24542,Neither,"if ice jj fish gets all these looks , who really trash me or him",if ice jj fish gets all these looks who really trash me or him,14,3,0,1,2,0.5935319,0.3685353,0.03793277,-0.55559915,Negative
T1465,24611,Offensive language,its been 5 years and this bitch still thinks im over how she did me over. I dont think so. *decline*,its been years and this bitch still thinks im over how she did me over i dont think so decline,20,3,0,3,0,0.92836994,0.0646593,0.006970664,-0.9213993,Negative
T1466,24667,Neither,"lmaoooo RT @PhillyTheBoss: Everything on BET is trash. RT @MrCOOK_: B-Rad RT @fkinLIVE: White Mike was on BET, he can't be trash",lmaoooo rt everything on bet is trash rt b rad rt white mike was on bet he can t be trash,21,3,0,1,2,0.9047729,0.08603924,0.009187948,-0.89558494,Negative
T1467,24689,Neither,lol they replaced the big yellow chicken with Homer,lol they replaced the big yellow chicken with homer,9,3,0,0,3,0.29863143,0.6013235,0.10004504,-0.19858639,Neutral
T1468,24715,Offensive language,me: *complains about suburban white girls* suburban white girl: you're a bitch me: ok u literally just proved my point,me complains about suburban white girls suburban white girl you re a bitch me ok u literally just proved my point,21,3,0,3,0,0.8227854,0.16245921,0.014755393,-0.80803,Negative
T1469,24728,Offensive language,my bitch stay my bitch so don't look she keep that pussy tucked,my bitch stay my bitch so don t look she keep that pussy tucked,14,3,1,2,0,0.35582694,0.523807,0.120366104,-0.23546085,Neutral
T1470,24736,Neither,"my girlfriend, I kid you not, eats bacon without dipping it into the tub of creamy butter I've laid out. I'm like ""what are you, a bird?""",my girlfriend i kid you not eats bacon without dipping it into the tub of creamy butter i ve laid out i m like what are you a bird,29,3,0,0,3,0.4143613,0.47899923,0.10663948,-0.30772182,Neutral
T1471,24754,Offensive language,"neither have i :-/ RT @DerekIsNormal: I just...why...ok. RT @pieceofshittbh: ""I've never had a nigger cock"" https://t.co/JF9o9vjcBL",neither have i rt i just why ok rt i ve never had a nigger cock,16,3,0,3,0,0.68920714,0.2932057,0.017587217,-0.6716199,Negative
T1472,24782,Offensive language,no flex zone.... hoe,no flex zone hoe,4,3,1,2,0,0.35531163,0.5734875,0.07120085,-0.28411078,Neutral
T1473,24796,Offensive language,"none of them 3 bitches look like dey ca boil a egg, but working at buds broiler....",none of them bitches look like dey ca boil a egg but working at buds broiler,16,3,0,3,0,0.77991104,0.20763183,0.01245709,-0.76745397,Negative
T1474,24819,Hate speech,omg RT @SaddyBey: Fat bitch. What's her @? http://t.co/ptNszx6nid,omg rt fat bitch what s her,7,3,2,1,0,0.8763288,0.1098223,0.013848851,-0.86248,Negative
T1475,24829,Offensive language,"one deep in my phantom ghost, bad bitch with me excuse me where my manners go",one deep in my phantom ghost bad bitch with me excuse me where my manners go,16,3,0,3,0,0.48391995,0.42596832,0.09011173,-0.39380822,Negative
T1476,24852,Offensive language,pimps up hoes down!!! http://t.co/NuI9uJvfA2,pimps up hoes down,4,3,0,3,0,0.24477176,0.5307483,0.22447993,-0.020291835,Neutral
T1477,24880,Offensive language,pussy so good i juss save that shit for lataa,pussy so good i juss save that shit for lataa,10,3,0,3,0,0.13340063,0.19495447,0.6716449,0.5382443,Positive
T1478,24897,Neither,respect the birds. peace in pieces.,respect the birds peace in pieces,6,3,0,0,3,0.043596793,0.33636692,0.6200363,0.5764395,Positive
T1479,24902,Offensive language,"running the game for 5 years guess that's why my feet hurt , wonder when they bite me do these bitches teeth hurt ✋💯",running the game for years guess that s why my feet hurt wonder when they bite me do these bitches teeth hurt,22,6,0,6,0,0.8434291,0.1382719,0.018299023,-0.82513005,Negative
T1480,24980,Offensive language,stupid bitch,stupid bitch,2,3,0,3,0,0.8204348,0.15445507,0.025110055,-0.79532474,Negative
T1481,24993,Neither,teeth can make or break a person. you could be a 10 and have yellow teeth and immediately drop to a 2.,teeth can make or break a person you could be a and have yellow teeth and immediately drop to a,20,3,0,0,3,0.7253587,0.25778452,0.01685677,-0.70850194,Negative
T1482,25000,Offensive language,that bitch!!! how can she treat Turtle like that?,that bitch how can she treat turtle like that,9,3,0,3,0,0.9526398,0.041107103,0.006253036,-0.94638675,Negative
T1483,25004,Offensive language,that hoe that you in love with? that's that hoe I mess around with,that hoe that you in love with that s that hoe i mess around with,15,3,0,3,0,0.48832187,0.42487627,0.08680181,-0.40152007,Negative
T1484,25006,Offensive language,that lil bitch released the exclusive shower photos between niggas. #trustisbroken,that lil bitch released the exclusive shower photos between niggas trustisbroken,11,3,1,2,0,0.87816334,0.11426627,0.007570414,-0.87059295,Negative
T1485,25010,Offensive language,"thats top off, pop off, im with my dogs like stewie griffin, bitches hear me they be like ooh he rippin",thats top off pop off im with my dogs like stewie griffin bitches hear me they be like ooh he rippin,21,3,0,2,1,0.13683404,0.6705965,0.1925695,0.055735454,Neutral
T1486,25019,Offensive language,the craziest hos for no reason on TV hands down are Teirra Marie (however ghetto way she spell it) and Siah's cute ass girl,the craziest hos for no reason on tv hands down are teirra marie however ghetto way she spell it and siah s cute ass girl,25,3,0,3,0,0.832442,0.1320878,0.035470217,-0.7969718,Negative
T1487,25074,Offensive language,this bitch is winning with popcorn…… @mc3Josh #Masterchef,this bitch is winning with popcorn masterchef,7,3,0,3,0,0.54772586,0.27191606,0.18035804,-0.3673678,Negative
T1488,25081,Offensive language,"this could be my last breath I'ma take my time, cause I'ma go out the same way I came in Right by the pussy with nothin' on my mind",this could be my last breath i ma take my time cause i ma go out the same way i came in right by the pussy with nothin on my mind,31,3,0,3,0,0.2919629,0.57838315,0.12965389,-0.162309,Neutral
T1489,25087,Neither,this is why i love birds. http://t.co/Gk2wiNhBkw,this is why i love birds,6,3,0,0,3,0.0030342073,0.021186749,0.975779,0.97274476,Positive
T1490,25095,Offensive language,this shit so trash lol,this shit so trash lol,5,3,0,3,0,0.91280663,0.07410086,0.013092477,-0.8997142,Negative
T1491,25167,Offensive language,well ain't that a bitch,well ain t that a bitch,6,6,0,6,0,0.81547606,0.16292606,0.021597905,-0.79387814,Negative
T1492,25174,Offensive language,what a retard lol,what a retard lol,4,3,1,2,0,0.8431444,0.12081822,0.036037374,-0.80710703,Negative
T1493,25182,Offensive language,when bitches be tryna wash their shit on the low lol funny af,when bitches be tryna wash their shit on the low lol funny af,13,3,0,3,0,0.5660258,0.36624166,0.06773253,-0.49829328,Negative
T1494,25205,Offensive language,why did the fins sign finnegan? hes a certified bitch,why did the fins sign finnegan hes a certified bitch,10,3,0,3,0,0.9340013,0.06032652,0.005672064,-0.9283293,Negative
T1495,25216,Offensive language,"why you act like a little booshie bitch now, that's why you don't have friends hoe",why you act like a little booshie bitch now that s why you don t have friends hoe,18,3,0,3,0,0.939211,0.05561686,0.00517214,-0.9340389,Negative
T1496,25219,Offensive language,will u love dat nigga even if he lose it all... or will u dip like the groupie hoes searching for another ⭐️,will u love dat nigga even if he lose it all or will u dip like the groupie hoes searching for another,22,3,1,2,0,0.36626047,0.5667778,0.06696174,-0.29929873,Neutral
T1497,25221,Neither,wish I had a brownie or a dab to knock me out rn,wish i had a brownie or a dab to knock me out rn,13,3,0,0,3,0.5970526,0.31316483,0.0897826,-0.50727,Negative
T1498,25263,Offensive language,you a hoe nigga forreal,you a hoe nigga forreal,5,3,0,3,0,0.82995594,0.14465944,0.02538467,-0.8045713,Negative
T1499,25266,Offensive language,you ain't gotta be a dyke to like hoes,you ain t gotta be a dyke to like hoes,10,3,1,2,0,0.64309573,0.33366466,0.02323973,-0.619856,Negative
T1500,25269,Offensive language,you can masturbate anytime bitch lol “@greyyygoose: I just want some damn alone time. Fucccckkkkkk! Lol”,you can masturbate anytime bitch lol i just want some damn alone time fucccckkkkkk lol,15,3,0,3,0,0.76520836,0.17053777,0.064253874,-0.7009545,Negative
