passage_id,neighbor_id,rank,similarity
p0001,p0007,1,0.774527
p0001,p0452,2,0.768778
p0001,p0470,3,0.717780
p0001,p0727,4,0.713660
p0001,p0013,5,0.710789
p0002,p0727,1,0.774204
p0002,p0945,2,0.760604
p0002,p0978,3,0.754371
p0002,p1187,4,0.753351
p0002,p1219,5,0.749431
p0003,p1090,1,0.747003
p0003,p1219,2,0.746287
p0003,p1589,3,0.732276
p0003,p1677,4,0.725521
p0003,p0057,5,0.719225
p0004,p0005,1,0.872644
p0004,p0013,2,0.860536
p0004,p0033,3,0.856108
p0004,p0010,4,0.840111
p0004,p0012,5,0.830510
p0005,p0004,1,0.872644
p0005,p0010,2,0.862080
p0005,p0013,3,0.861358
p0005,p0033,4,0.851177
p0005,p0394,5,0.850566
p0006,p0460,1,0.840997
p0006,p0005,2,0.834388
p0006,p1555,3,0.827514
p0006,p0013,4,0.821436
p0006,p0622,5,0.813744
p0007,p0452,1,0.818420
p0007,p0955,2,0.812365
p0007,p0948,3,0.810193
p0007,p0006,4,0.798469
p0007,p1555,5,0.796413
p0008,p1028,1,0.856759
p0008,p1555,2,0.843546
p0008,p1668,3,0.830904
p0008,p0926,4,0.826785
p0008,p1667,5,0.816170
p0009,p0035,1,0.815816
p0009,p0023,2,0.813769
p0009,p0004,3,0.813336
p0009,p0083,4,0.788511
p0009,p0419,5,0.782194
p0010,p0005,1,0.862080
p0010,p0004,2,0.840111
p0010,p0033,3,0.833670
p0010,p0412,4,0.809760
p0010,p0053,5,0.808215
p0011,p0012,1,0.778548
p0011,p0033,2,0.770384
p0011,p0031,3,0.764660
p0011,p0876,4,0.738330
p0011,p0858,5,0.732165
p0012,p0031,1,0.909946
p0012,p0078,2,0.859556
p0012,p0033,3,0.848812
p0012,p0013,4,0.846985
p0012,p0394,5,0.840003
p0013,p0078,1,0.875546
p0013,p0412,2,0.872635
p0013,p0033,3,0.872039
p0013,p0448,4,0.867346
p0013,p1656,5,0.864510
p0014,p1059,1,0.791897
p0014,p1230,2,0.784072
p0014,p1509,3,0.783588
p0014,p0033,4,0.782943
p0014,p0472,5,0.782714
p0015,p0450,1,0.787151
p0015,p0017,2,0.723723
p0015,p0033,3,0.723493
p0015,p0083,4,0.721145
p0015,p0016,5,0.713839
p0016,p0006,1,0.739806
p0016,p0639,2,0.738873
p0016,p0621,3,0.714829
p0016,p0015,4,0.713839
p0016,p1335,5,0.709480
p0017,p0004,1,0.758763
p0017,p0010,2,0.745214
p0017,p0033,3,0.744293
p0017,p0006,4,0.743985
p0017,p0692,5,0.734395
p0018,p0026,1,0.793882
p0018,p0023,2,0.746623
p0018,p0028,3,0.737616
p0018,p1173,4,0.718269
p0018,p1498,5,0.701321
p0019,p0461,1,0.812623
p0019,p0476,2,0.802099
p0019,p0402,3,0.781874
p0019,p0414,4,0.777616
p0019,p0415,5,0.777042
p0020,p0649,1,0.817663
p0020,p0681,2,0.804164
p0020,p1116,3,0.802135
p0020,p0039,4,0.801773
p0020,p0004,5,0.801417
p0021,p0004,1,0.799226
p0021,p0025,2,0.792248
p0021,p0010,3,0.778088
p0021,p0009,4,0.774747
p0021,p0022,5,0.763940
p0022,p0412,1,0.789491
p0022,p0395,2,0.779756
p0022,p0490,3,0.767966
p0022,p0021,4,0.763940
p0022,p0078,5,0.762508
p0023,p0009,1,0.813769
p0023,p0026,2,0.785234
p0023,p1173,3,0.779117
p0023,p0621,4,0.757431
p0023,p0018,5,0.746623
p0024,p0023,1,0.744023
p0024,p0028,2,0.730385
p0024,p1173,3,0.660175
p0024,p1140,4,0.653543
p0024,p0027,5,0.653358
p0025,p0021,1,0.792248
p0025,p0053,2,0.681697
p0025,p0165,3,0.671726
p0025,p0882,4,0.665154
p0025,p0121,5,0.661719
p0026,p0018,1,0.793882
p0026,p0023,2,0.785234
p0026,p0028,3,0.694191
p0026,p1498,4,0.672093
p0026,p0009,5,0.671009
p0027,p1498,1,0.760687
p0027,p1173,2,0.735310
p0027,p0621,3,0.716005
p0027,p0622,4,0.714295
p0027,p1060,5,0.714158
p0028,p1173,1,0.752076
p0028,p0018,2,0.737616
p0028,p0024,3,0.730385
p0028,p0023,4,0.723877
p0028,p1129,5,0.703804
p0029,p0491,1,0.854465
p0029,p0460,2,0.842966
p0029,p0030,3,0.840928
p0029,p0448,4,0.831333
p0029,p0037,5,0.826201
p0030,p0491,1,0.842307
p0030,p0029,2,0.840928
p0030,p0141,3,0.809169
p0030,p0008,4,0.797959
p0030,p0460,5,0.797643
p0031,p0012,1,0.909946
p0031,p0037,2,0.870557
p0031,p1059,3,0.859659
p0031,p0005,4,0.850295
p0031,p0078,5,0.849505
p0032,p1236,1,0.840412
p0032,p1237,2,0.827134
p0032,p0692,3,0.825092
p0032,p0038,4,0.821028
p0032,p1491,5,0.817205
p0033,p0412,1,0.879357
p0033,p0013,2,0.872039
p0033,p0004,3,0.856108
p0033,p0470,4,0.853356
p0033,p0005,5,0.851177
p0034,p0404,1,0.894779
p0034,p0395,2,0.866334
p0034,p0394,3,0.861413
p0034,p0405,4,0.847886
p0034,p0402,5,0.843078
p0035,p0419,1,0.842227
p0035,p0033,2,0.833547
p0035,p0004,3,0.824142
p0035,p0009,4,0.815816
p0035,p0005,5,0.797834
p0036,p0083,1,0.934938
p0036,p0150,2,0.861801
p0036,p0086,3,0.837662
p0036,p0245,4,0.836985
p0036,p0084,5,0.834723
p0037,p0031,1,0.870557
p0037,p0841,2,0.862496
p0037,p0620,3,0.856034
p0037,p1656,4,0.854018
p0037,p0013,5,0.851016
p0038,p0410,1,0.863742
p0038,p1542,2,0.858732
p0038,p0600,3,0.857875
p0038,p0769,4,0.855343
p0038,p1374,5,0.853731
p0039,p0076,1,0.855102
p0039,p0764,2,0.824374
p0039,p1308,3,0.819447
p0039,p0709,4,0.813985
p0039,p0501,5,0.810032
p0040,p0536,1,0.859463
p0040,p0888,2,0.848942
p0040,p1509,3,0.847758
p0040,p1043,4,0.846823
p0040,p1399,5,0.845282
p0041,p0961,1,0.890002
p0041,p1399,2,0.888448
p0041,p1230,3,0.886820
p0041,p1043,4,0.886605
p0041,p1509,5,0.886158
p0042,p1696,1,0.866227
p0042,p1691,2,0.855306
p0042,p1548,3,0.853029
p0042,p0960,4,0.848169
p0042,p1436,5,0.846664
p0043,p0044,1,0.850558
p0043,p0960,2,0.841528
p0043,p0040,3,0.838523
p0043,p0042,4,0.833540
p0043,p1397,5,0.827130
p0044,p0045,1,0.880489
p0044,p0043,2,0.850558
p0044,p0142,3,0.832302
p0044,p0960,4,0.832191
p0044,p0097,5,0.831405
p0045,p0044,1,0.880489
p0045,p0142,2,0.869068
p0045,p1566,3,0.849781
p0045,p0692,4,0.833843
p0045,p1695,5,0.833065
p0046,p0077,1,0.883931
p0046,p0078,2,0.872241
p0046,p0051,3,0.871060
p0046,p0960,4,0.870146
p0046,p1397,5,0.858092
p0047,p0046,1,0.810453
p0047,p0408,2,0.809309
p0047,p0051,3,0.807753
p0047,p0034,4,0.802156
p0047,p0400,5,0.800857
p0048,p0404,1,0.795445
p0048,p1704,2,0.780834
p0048,p1661,3,0.780176
p0048,p1707,4,0.776794
p0048,p0397,5,0.760164
p0049,p0051,1,0.886882
p0049,p0096,2,0.878263
p0049,p0415,3,0.866544
p0049,p0077,4,0.854663
p0049,p0073,5,0.844103
p0050,p0385,1,0.781114
p0050,p0094,2,0.772396
p0050,p0266,3,0.762576
p0050,p0163,4,0.754027
p0050,p0076,5,0.747466
p0051,p0073,1,0.934490
p0051,p0077,2,0.920114
p0051,p0059,3,0.908862
p0051,p1043,4,0.893787
p0051,p0888,5,0.893601
p0052,p0053,1,0.876363
p0052,p0075,2,0.832482
p0052,p0090,3,0.823626
p0052,p0088,4,0.822661
p0052,p0073,5,0.789653
p0053,p0073,1,0.880733
p0053,p0052,2,0.876363
p0053,p0075,3,0.872774
p0053,p0090,4,0.862541
p0053,p0088,5,0.859477
p0054,p0084,1,0.938312
p0054,p0086,2,0.916264
p0054,p0092,3,0.856734
p0054,p0087,4,0.840791
p0054,p0036,5,0.831284
p0055,p0874,1,0.794054
p0055,p0157,2,0.782541
p0055,p0087,3,0.777905
p0055,p0877,4,0.768161
p0055,p0103,5,0.761694
p0056,p1308,1,0.850526
p0056,p0059,2,0.845906
p0056,p0051,3,0.844718
p0056,p1696,4,0.819682
p0056,p1691,5,0.819245
p0057,p1277,1,0.822242
p0057,p1429,2,0.820106
p0057,p1504,3,0.816613
p0057,p1542,4,0.815666
p0057,p1659,5,0.811825
p0058,p0841,1,0.835336
p0058,p0074,2,0.831971
p0058,p0059,3,0.819283
p0058,p0073,4,0.817929
p0058,p0051,5,0.816546
p0059,p0051,1,0.908862
p0059,p0077,2,0.895150
p0059,p0073,3,0.888243
p0059,p0237,4,0.876931
p0059,p0406,5,0.869553
p0060,p0413,1,0.801399
p0060,p0215,2,0.798062
p0060,p0436,3,0.796956
p0060,p0064,4,0.796510
p0060,p0059,5,0.796115
p0061,p0444,1,0.823972
p0061,p0064,2,0.805369
p0061,p0443,3,0.802355
p0061,p0230,4,0.794591
p0061,p0281,5,0.785111
p0062,p0194,1,0.747787
p0062,p0211,2,0.731869
p0062,p0060,3,0.721820
p0062,p0151,4,0.715571
p0062,p0061,5,0.697027
p0063,p0051,1,0.869206
p0063,p0073,2,0.849732
p0063,p0059,3,0.848526
p0063,p0502,4,0.840369
p0063,p0076,5,0.834576
p0064,p0304,1,0.870377
p0064,p0093,2,0.861550
p0064,p0094,3,0.852922
p0064,p0153,4,0.833380
p0064,p0281,5,0.832396
p0065,p0491,1,0.796218
p0065,p0889,2,0.779323
p0065,p1044,3,0.773587
p0065,p1398,4,0.769724
p0065,p0029,5,0.767750
p0066,p0496,1,0.824546
p0066,p0161,2,0.821542
p0066,p0497,3,0.818005
p0066,p0069,4,0.814649
p0066,p0071,5,0.812758
p0067,p0835,1,0.809884
p0067,p0855,2,0.800361
p0067,p0179,3,0.788762
p0067,p0071,4,0.783041
p0067,p0487,5,0.777109
p0068,p0071,1,0.837525
p0068,p0179,2,0.811181
p0068,p0164,3,0.807777
p0068,p0161,4,0.780336
p0068,p0150,5,0.776588
p0069,p0497,1,0.890958
p0069,p0496,2,0.876931
p0069,p0165,3,0.866463
p0069,p0192,4,0.843057
p0069,p0218,5,0.841814
p0070,p0497,1,0.866707
p0070,p0165,2,0.843806
p0070,p0069,3,0.830048
p0070,p0066,4,0.792829
p0070,p0161,5,0.792233
p0071,p0068,1,0.837525
p0071,p0873,2,0.815237
p0071,p0066,3,0.812758
p0071,p0163,4,0.802270
p0071,p0179,5,0.801321
p0072,p1722,1,0.835561
p0072,p0192,2,0.822401
p0072,p0215,3,0.817082
p0072,p0413,4,0.810161
p0072,p1691,5,0.809736
p0073,p0051,1,0.934490
p0073,p0077,2,0.893026
p0073,p0237,3,0.889396
p0073,p0059,4,0.888243
p0073,p0075,5,0.885972
p0074,p0073,1,0.864877
p0074,p0059,2,0.864666
p0074,p0237,3,0.857237
p0074,p0051,4,0.853432
p0074,p0215,5,0.842160
p0075,p0073,1,0.885972
p0075,p0053,2,0.872774
p0075,p0076,3,0.867205
p0075,p0077,4,0.862852
p0075,p0059,5,0.849250
p0076,p0051,1,0.881178
p0076,p0073,2,0.868304
p0076,p0075,3,0.867205
p0076,p0094,4,0.862079
p0076,p0077,5,0.858067
p0077,p0051,1,0.920114
p0077,p0960,2,0.896833
p0077,p1397,3,0.895700
p0077,p0059,4,0.895150
p0077,p0888,5,0.894537
p0078,p0394,1,0.897631
p0078,p0412,2,0.890440
p0078,p0051,3,0.887746
p0078,p1059,4,0.878613
p0078,p0888,5,0.877009
p0079,p1099,1,0.860127
p0079,p0080,2,0.844647
p0079,p1043,3,0.838148
p0079,p1586,4,0.837628
p0079,p0961,5,0.836538
p0080,p0051,1,0.882840
p0080,p0073,2,0.877736
p0080,p0077,3,0.866638
p0080,p1043,4,0.864040
p0080,p1230,5,0.863792
p0081,p0051,1,0.834927
p0081,p0078,2,0.834797
p0081,p0097,3,0.816440
p0081,p0076,4,0.811232
p0081,p0818,5,0.806006
p0082,p0237,1,0.862808
p0082,p0051,2,0.854770
p0082,p0073,3,0.839322
p0082,p0076,4,0.838295
p0082,p0078,5,0.826544
p0083,p0036,1,0.934938
p0083,p0358,2,0.868909
p0083,p0086,3,0.856956
p0083,p0150,4,0.847030
p0083,p0245,5,0.846742
p0084,p0086,1,0.941957
p0084,p0054,2,0.938312
p0084,p0087,3,0.873083
p0084,p0150,4,0.866184
p0084,p0088,5,0.851117
p0085,p0873,1,0.751510
p0085,p0835,2,0.741824
p0085,p0083,3,0.739847
p0085,p0087,4,0.735079
p0085,p0094,5,0.734107
p0086,p0084,1,0.941957
p0086,p0054,2,0.916264
p0086,p0087,3,0.888111
p0086,p0090,4,0.865272
p0086,p0088,5,0.864443
p0087,p0088,1,0.891251
p0087,p0090,2,0.889644
p0087,p0086,3,0.888111
p0087,p0084,4,0.873083
p0087,p0054,5,0.840791
p0088,p0090,1,0.998787
p0088,p0087,2,0.891251
p0088,p0086,3,0.864443
p0088,p0053,4,0.859477
p0088,p0084,5,0.851117
p0089,p0091,1,0.999906
p0089,p0484,2,0.836684
p0089,p0151,3,0.800804
p0089,p0179,4,0.789662
p0089,p0882,5,0.783822
p0090,p0088,1,0.998787
p0090,p0087,2,0.889644
p0090,p0086,3,0.865272
p0090,p0053,4,0.862541
p0090,p0084,5,0.846581
p0091,p0089,1,0.999906
p0091,p0484,2,0.836296
p0091,p0151,3,0.800241
p0091,p0179,4,0.790209
p0091,p0882,5,0.783582
p0092,p0054,1,0.856734
p0092,p0086,2,0.836169
p0092,p0084,3,0.836127
p0092,p0064,4,0.822603
p0092,p0150,5,0.819480
p0093,p0304,1,0.987143
p0093,p0204,2,0.868621
p0093,p0281,3,0.865708
p0093,p0275,4,0.863692
p0093,p0064,5,0.861550
p0094,p0076,1,0.862079
p0094,p0064,2,0.852922
p0094,p0442,3,0.850031
p0094,p0053,4,0.839792
p0094,p0051,5,0.831621
p0095,p0077,1,0.870486
p0095,p0960,2,0.870186
p0095,p0059,3,0.859970
p0095,p0051,4,0.858352
p0095,p1238,5,0.849386
p0096,p0049,1,0.878263
p0096,p0076,2,0.842413
p0096,p0051,3,0.837814
p0096,p0034,4,0.826505
p0096,p0405,5,0.815482
p0097,p0051,1,0.888843
p0097,p1696,2,0.861029
p0097,p0536,3,0.858808
p0097,p0077,4,0.857732
p0097,p0960,5,0.855081
p0098,p0275,1,0.852523
p0098,p0210,2,0.848159
p0098,p0191,3,0.843234
p0098,p0346,4,0.828718
p0098,p0286,5,0.826379
p0099,p0218,1,0.776730
p0099,p0069,2,0.771564
p0099,p0192,3,0.768751
p0099,p0413,4,0.764081
p0099,p0095,5,0.763662
p0100,p0460,1,0.822718
p0100,p0005,2,0.818956
p0100,p0058,3,0.810941
p0100,p0029,4,0.805204
p0100,p0006,5,0.804501
p0101,p0178,1,0.770039
p0101,p0164,2,0.739454
p0101,p0179,3,0.732917
p0101,p0127,4,0.729468
p0101,p0129,5,0.723152
p0102,p0213,1,0.846504
p0102,p0106,2,0.837527
p0102,p0108,3,0.833993
p0102,p0440,4,0.809656
p0102,p0337,5,0.807815
p0103,p0087,1,0.805669
p0103,p0036,2,0.782025
p0103,p0055,3,0.761694
p0103,p0179,4,0.746678
p0103,p0083,5,0.742551
p0104,p0105,1,0.949584
p0104,p0102,2,0.648455
p0104,p1734,3,0.644847
p0104,p0106,4,0.625561
p0104,p1728,5,0.621525
p0105,p0104,1,0.949584
p0105,p0102,2,0.693289
p0105,p0106,3,0.689644
p0105,p0108,4,0.679294
p0105,p1734,5,0.675138
p0106,p0108,1,0.871516
p0106,p0102,2,0.837527
p0106,p0213,3,0.780764
p0106,p0149,4,0.756029
p0106,p0052,5,0.745440
p0107,p0305,1,0.779621
p0107,p0218,2,0.755633
p0107,p0335,3,0.753468
p0107,p0191,4,0.752712
p0107,p0178,5,0.746254
p0108,p0106,1,0.871516
p0108,p0102,2,0.833993
p0108,p0053,3,0.820533
p0108,p0165,4,0.803892
p0108,p0087,5,0.802749
p0109,p0882,1,0.774902
p0109,p0479,2,0.766783
p0109,p0095,3,0.761067
p0109,p0059,4,0.760950
p0109,p0405,5,0.752966
p0110,p0157,1,0.801441
p0110,p0130,2,0.798573
p0110,p0135,3,0.789771
p0110,p0178,4,0.778486
p0110,p0176,5,0.776026
p0111,p0438,1,0.807820
p0111,p0113,2,0.801961
p0111,p0110,3,0.735198
p0111,p0446,4,0.734794
p0111,p0374,5,0.725662
p0112,p0064,1,0.729519
p0112,p0443,2,0.728234
p0112,p0385,3,0.712963
p0112,p0153,4,0.709607
p0112,p0314,5,0.700342
p0113,p0438,1,0.858229
p0113,p0374,2,0.817211
p0113,p0306,3,0.817137
p0113,p0422,4,0.805965
p0113,p0440,5,0.803526
p0114,p0246,1,0.798381
p0114,p0395,2,0.783517
p0114,p0405,3,0.766722
p0114,p0044,4,0.765437
p0114,p0142,5,0.763032
p0115,p1397,1,0.838560
p0115,p0960,2,0.836982
p0115,p1509,3,0.827909
p0115,p0398,4,0.827476
p0115,p1230,5,0.826385
p0116,p0370,1,0.683769
p0116,p0157,2,0.669629
p0116,p0176,3,0.661057
p0116,p0238,4,0.649249
p0116,p1579,5,0.645331
p0117,p0325,1,0.750802
p0117,p0108,2,0.737269
p0117,p0127,3,0.736020
p0117,p0074,4,0.721664
p0117,p0106,5,0.714509
p0118,p0126,1,0.771522
p0118,p0434,2,0.691285
p0118,p0092,3,0.663383
p0118,p1722,4,0.658467
p0118,p0054,5,0.657380
p0119,p0438,1,0.760235
p0119,p0178,2,0.751955
p0119,p0127,3,0.750538
p0119,p0191,4,0.742290
p0119,p0113,5,0.730085
p0120,p0192,1,0.745449
p0120,p0300,2,0.737593
p0120,p0128,3,0.736345
p0120,p0124,4,0.726866
p0120,p0136,5,0.725549
p0121,p0434,1,0.836776
p0121,p0882,2,0.785872
p0121,p0122,3,0.760011
p0121,p0126,4,0.757814
p0121,p0350,5,0.756070
p0122,p0125,1,0.794807
p0122,p0130,2,0.774167
p0122,p0432,3,0.768806
p0122,p0121,4,0.760011
p0122,p0194,5,0.745625
p0123,p0124,1,0.836044
p0123,p0125,2,0.760480
p0123,p0130,3,0.715969
p0123,p0122,4,0.685403
p0123,p0438,5,0.684532
p0124,p0123,1,0.836044
p0124,p0125,2,0.763011
p0124,p0130,3,0.750738
p0124,p0182,4,0.735209
p0124,p0438,5,0.731955
p0125,p0122,1,0.794807
p0125,p0139,2,0.791911
p0125,p0137,3,0.789227
p0125,p0337,4,0.781107
p0125,p0124,5,0.763011
p0126,p0434,1,0.793957
p0126,p0118,2,0.771522
p0126,p0121,3,0.757814
p0126,p0433,4,0.730243
p0126,p0275,5,0.727434
p0127,p0459,1,0.834400
p0127,p0178,2,0.822132
p0127,p0453,3,0.820261
p0127,p0237,4,0.817601
p0127,p0415,5,0.806869
p0128,p0176,1,0.804938
p0128,p0181,2,0.792748
p0128,p0367,3,0.778140
p0128,p0337,4,0.757131
p0128,p0370,5,0.756476
p0129,p0127,1,0.796997
p0129,p0181,2,0.792294
p0129,p0082,3,0.780757
p0129,p0996,4,0.770404
p0129,p1576,5,0.768138
p0130,p0337,1,0.801808
p0130,p0110,2,0.798573
p0130,p0135,3,0.782417
p0130,p0440,4,0.775266
p0130,p0122,5,0.774167
p0131,p0130,1,0.744180
p0131,p0124,2,0.724872
p0131,p0128,3,0.671486
p0131,p0176,4,0.659517
p0131,p0120,5,0.644997
p0132,p0138,1,0.842588
p0132,p0139,2,0.818986
p0132,p0324,3,0.816685
p0132,p0265,4,0.807912
p0132,p0353,5,0.797006
p0133,p0379,1,0.658441
p0133,p0157,2,0.647460
p0133,p0370,3,0.645266
p0133,p0144,4,0.638080
p0133,p0373,5,0.637730
p0134,p0169,1,0.847368
p0134,p0322,2,0.831996
p0134,p0213,3,0.830084
p0134,p0337,4,0.827928
p0134,p0289,5,0.825761
p0135,p0440,1,0.845369
p0135,p0337,2,0.843967
p0135,p0191,3,0.810800
p0135,p0178,4,0.805796
p0135,p0422,5,0.805621
p0136,p0330,1,0.831812
p0136,p0289,2,0.829187
p0136,p0317,3,0.810486
p0136,p0337,4,0.808532
p0136,p0201,5,0.807831
p0137,p0139,1,0.886552
p0137,p0340,2,0.836119
p0137,p0138,3,0.830936
p0137,p0223,4,0.817216
p0137,p0253,5,0.816767
p0138,p0139,1,0.894459
p0138,p0353,2,0.860649
p0138,p0324,3,0.860529
p0138,p0132,4,0.842588
p0138,p0391,5,0.839637
p0139,p0138,1,0.894459
p0139,p0137,2,0.886552
p0139,p0353,3,0.861475
p0139,p0340,4,0.844731
p0139,p0324,5,0.842912
p0140,p0487,1,0.825228
p0140,p0491,2,0.818230
p0140,p0406,3,0.808956
p0140,p0460,4,0.807205
p0140,p0059,5,0.806841
p0141,p0374,1,0.840961
p0141,p0051,2,0.840691
p0141,p1110,3,0.837681
p0141,p0209,4,0.836811
p0141,p1099,5,0.836187
p0142,p0045,1,0.869068
p0142,p0389,2,0.867947
p0142,p0493,3,0.840626
p0142,p0051,4,0.837231
p0142,p0198,5,0.835246
p0143,p0383,1,0.800599
p0143,p0208,2,0.800036
p0143,p0336,3,0.797022
p0143,p0391,4,0.793634
p0143,p0314,5,0.791122
p0144,p0178,1,0.821425
p0144,p0374,2,0.819098
p0144,p0214,3,0.815420
p0144,p0171,4,0.815186
p0144,p0157,5,0.812753
p0145,p0144,1,0.771805
p0145,p0374,2,0.729812
p0145,p0377,3,0.724619
p0145,p0148,4,0.723068
p0145,p0379,5,0.697693
p0146,p0377,1,0.833987
p0146,p0148,2,0.806044
p0146,p0113,3,0.766424
p0146,p0374,4,0.765176
p0146,p0195,5,0.764208
p0147,p0386,1,0.768823
p0147,p0388,2,0.760034
p0147,p0377,3,0.757090
p0147,p0370,4,0.755377
p0147,p0387,5,0.754118
p0148,p0378,1,0.833695
p0148,p0146,2,0.806044
p0148,p0374,3,0.805702
p0148,p0386,4,0.794850
p0148,p0376,5,0.794839
p0149,p0156,1,0.853251
p0149,p0150,2,0.852394
p0149,p0094,3,0.795241
p0149,p0108,4,0.793096
p0149,p0159,5,0.792186
p0150,p0156,1,0.869777
p0150,p0084,2,0.866184
p0150,p0036,3,0.861801
p0150,p0086,4,0.860119
p0150,p0149,5,0.852394
p0151,p0059,1,0.859940
p0151,p0194,2,0.857256
p0151,p0496,3,0.852111
p0151,p0150,4,0.851538
p0151,p0157,5,0.840413
p0152,p0153,1,0.852434
p0152,p0169,2,0.840232
p0152,p0391,3,0.839437
p0152,p0160,4,0.833475
p0152,p0444,5,0.831774
p0153,p0152,1,0.852434
p0153,p0064,2,0.833380
p0153,p0371,3,0.806220
p0153,p0232,4,0.804800
p0153,p0281,5,0.798444
p0154,p0227,1,0.826778
p0154,p0233,2,0.824264
p0154,p0160,3,0.812489
p0154,p0340,4,0.809828
p0154,p0221,5,0.806534
p0155,p0440,1,0.814135
p0155,p0113,2,0.798449
p0155,p0322,3,0.798023
p0155,p0230,4,0.789239
p0155,p0191,5,0.784756
p0156,p0150,1,0.869777
p0156,p0157,2,0.863286
p0156,p0149,3,0.853251
p0156,p0384,4,0.852235
p0156,p0367,5,0.847545
p0157,p0156,1,0.863286
p0157,p0176,2,0.850521
p0157,p0151,3,0.840413
p0157,p0370,4,0.831455
p0157,p0284,5,0.820614
p0158,p0295,1,0.828035
p0158,p0230,2,0.825562
p0158,p0152,3,0.823759
p0158,p1466,4,0.808739
p0158,p0270,5,0.808269
p0159,p0170,1,0.834682
p0159,p0173,2,0.833711
p0159,p0178,3,0.833079
p0159,p0339,4,0.832863
p0159,p0046,5,0.829269
p0160,p0440,1,0.869208
p0160,p0169,2,0.864302
p0160,p0152,3,0.833475
p0160,p0170,4,0.827574
p0160,p0444,5,0.826493
p0161,p0266,1,0.840359
p0161,p0163,2,0.836028
p0161,p0066,3,0.821542
p0161,p0340,4,0.810211
p0161,p0173,5,0.807070
p0162,p0164,1,0.923516
p0162,p0179,2,0.836360
p0162,p0229,3,0.808202
p0162,p0046,4,0.791082
p0162,p1720,5,0.787895
p0163,p0161,1,0.836028
p0163,p0173,2,0.806349
p0163,p0071,3,0.802270
p0163,p0431,4,0.796725
p0163,p0066,5,0.794581
p0164,p0162,1,0.923516
p0164,p0179,2,0.871982
p0164,p0068,3,0.807777
p0164,p0046,4,0.806015
p0164,p0166,5,0.800454
p0165,p0497,1,0.888311
p0165,p0069,2,0.866463
p0165,p0070,3,0.843806
p0165,p0059,4,0.842416
p0165,p0053,5,0.841617
p0166,p0214,1,0.831031
p0166,p0597,2,0.820935
p0166,p0527,3,0.820100
p0166,p0668,4,0.806718
p0166,p0508,5,0.803572
p0167,p0175,1,0.793307
p0167,p0426,2,0.792324
p0167,p0227,3,0.781911
p0167,p0160,4,0.780868
p0167,p0153,5,0.777162
p0168,p0440,1,0.795168
p0168,p0178,2,0.775541
p0168,p0169,3,0.770814
p0168,p0194,4,0.755948
p0168,p0316,5,0.755306
p0169,p0440,1,0.921923
p0169,p0160,2,0.864302
p0169,p0337,3,0.856553
p0169,p0322,4,0.853195
p0169,p0213,5,0.849720
p0170,p0159,1,0.834682
p0170,p0160,2,0.827574
p0170,p0266,3,0.815711
p0170,p0175,4,0.813561
p0170,p0873,5,0.809963
p0171,p0144,1,0.815186
p0171,p0157,2,0.807178
p0171,p0370,3,0.799868
p0171,p0305,4,0.794206
p0171,p1576,5,0.792391
p0172,p0221,1,0.835952
p0172,p0178,2,0.822114
p0172,p0420,3,0.819974
p0172,p0358,4,0.812320
p0172,p0083,5,0.807270
p0173,p0230,1,0.856416
p0173,p0219,2,0.846895
p0173,p0431,3,0.845128
p0173,p0339,4,0.844908
p0173,p0286,5,0.835401
p0174,p0441,1,0.891588
p0174,p0297,2,0.816486
p0174,p0284,3,0.807896
p0174,p0092,4,0.801172
p0174,p0156,5,0.784145
p0175,p0444,1,0.913021
p0175,p0445,2,0.864380
p0175,p0281,3,0.852501
p0175,p0295,4,0.840428
p0175,p0314,5,0.823467
p0176,p0157,1,0.850521
p0176,p0156,2,0.822772
p0176,p0230,3,0.811451
p0176,p0128,4,0.804938
p0176,p0313,5,0.803988
p0177,p0185,1,0.787175
p0177,p0188,2,0.771986
p0177,p0252,3,0.767585
p0177,p0158,4,0.759884
p0177,p0440,5,0.759681
p0178,p0440,1,0.873435
p0178,p0156,2,0.845442
p0178,p0367,3,0.843209
p0178,p0441,4,0.837330
p0178,p0159,5,0.833079
p0179,p0164,1,0.871982
p0179,p0046,2,0.845853
p0179,p0150,3,0.843135
p0179,p0162,4,0.836360
p0179,p0151,5,0.828749
p0180,p0188,1,0.812881
p0180,p0169,2,0.806848
p0180,p0205,3,0.806809
p0180,p0335,4,0.803319
p0180,p0196,5,0.803170
p0181,p0331,1,0.851885
p0181,p0240,2,0.823781
p0181,p0367,3,0.820966
p0181,p0241,4,0.818685
p0181,p0214,5,0.801750
p0182,p0134,1,0.783923
p0182,p0391,2,0.782644
p0182,p0439,3,0.779960
p0182,p0169,4,0.779411
p0182,p0143,5,0.779179
p0183,p0351,1,0.853720
p0183,p0203,2,0.836616
p0183,p0353,3,0.830782
p0183,p0322,4,0.805584
p0183,p0391,5,0.795771
p0184,p0098,1,0.816578
p0184,p0335,2,0.816439
p0184,p0323,3,0.793017
p0184,p0102,4,0.771190
p0184,p0191,5,0.762414
p0185,p1466,1,0.832056
p0185,p0289,2,0.821337
p0185,p0233,3,0.807466
p0185,p0230,4,0.790682
p0185,p0391,5,0.789809
p0186,p0206,1,0.828217
p0186,p0269,2,0.803901
p0186,p0340,3,0.801900
p0186,p0188,4,0.797420
p0186,p0342,5,0.793967
p0187,p0205,1,0.902291
p0187,p0346,2,0.897193
p0187,p0338,3,0.836908
p0187,p1732,4,0.818475
p0187,p0191,5,0.806120
p0188,p0169,1,0.845526
p0188,p0205,2,0.830861
p0188,p0196,3,0.826747
p0188,p0206,4,0.826345
p0188,p0290,5,0.821332
p0189,p0188,1,0.782776
p0189,p0317,2,0.779570
p0189,p0134,3,0.765646
p0189,p0298,4,0.764676
p0189,p0286,5,0.760933
p0190,p0305,1,0.819504
p0190,p0300,2,0.782844
p0190,p0259,3,0.761246
p0190,p0254,4,0.759987
p0190,p0213,5,0.756911
p0191,p0210,1,0.858543
p0191,p0440,2,0.852100
p0191,p0098,3,0.843234
p0191,p0335,4,0.841854
p0191,p0305,5,0.840001
p0192,p0194,1,0.871438
p0192,p1722,2,0.846606
p0192,p0069,3,0.843057
p0192,p0059,4,0.828701
p0192,p0072,5,0.822401
p0193,p0275,1,0.821384
p0193,p0359,2,0.807914
p0193,p0290,3,0.801822
p0193,p0294,4,0.799566
p0193,p0192,5,0.793345
p0194,p0192,1,0.871438
p0194,p0275,2,0.870769
p0194,p0151,3,0.857256
p0194,p0302,4,0.846595
p0194,p0316,5,0.839949
p0195,p0253,1,0.832234
p0195,p0298,2,0.830611
p0195,p0374,3,0.829006
p0195,p0305,4,0.821403
p0195,p0353,5,0.819244
p0196,p0306,1,0.830948
p0196,p0337,2,0.829948
p0196,p0305,3,0.828109
p0196,p0188,4,0.826747
p0196,p0322,5,0.823911
p0197,p0093,1,0.820048
p0197,p0304,2,0.816013
p0197,p0355,3,0.804363
p0197,p0350,4,0.785814
p0197,p0201,5,0.783816
p0198,p0142,1,0.835246
p0198,p0173,2,0.820307
p0198,p0325,3,0.813504
p0198,p0237,4,0.813477
p0198,p0374,5,0.811586
p0199,p0333,1,0.826799
p0199,p0332,2,0.817179
p0199,p0201,3,0.816620
p0199,p0313,4,0.800574
p0199,p0213,5,0.797018
p0200,p0340,1,0.804618
p0200,p0196,2,0.789792
p0200,p0342,3,0.789236
p0200,p0221,4,0.774936
p0200,p0160,5,0.774647
p0201,p0213,1,0.847941
p0201,p0332,2,0.830994
p0201,p0337,3,0.828973
p0201,p0300,4,0.826431
p0201,p0275,5,0.819908
p0202,p0292,1,0.877031
p0202,p0139,2,0.828486
p0202,p0314,3,0.812298
p0202,p0440,4,0.808045
p0202,p0337,5,0.801817
p0203,p0353,1,0.881554
p0203,p0322,2,0.862597
p0203,p0337,3,0.855394
p0203,p0169,4,0.837285
p0203,p0340,5,0.837242
p0204,p0093,1,0.868621
p0204,p0304,2,0.866130
p0204,p0220,3,0.847280
p0204,p0295,4,0.847009
p0204,p0281,5,0.843607
p0205,p0187,1,0.902291
p0205,p0346,2,0.885552
p0205,p0188,3,0.830861
p0205,p0191,4,0.828408
p0205,p0335,5,0.815518
p0206,p0324,1,0.831792
p0206,p0342,2,0.828973
p0206,p0186,3,0.828217
p0206,p0188,4,0.826345
p0206,p0138,5,0.824600
p0207,p0493,1,0.782727
p0207,p0389,2,0.756642
p0207,p0248,3,0.754951
p0207,p0141,4,0.754157
p0207,p0142,5,0.752012
p0208,p0348,1,0.810055
p0208,p0374,2,0.803050
p0208,p0143,3,0.800036
p0208,p0134,4,0.787813
p0208,p0148,5,0.781789
p0209,p0141,1,0.836811
p0209,p0079,2,0.815865
p0209,p0238,3,0.812743
p0209,p1672,4,0.798003
p0209,p0407,5,0.797373
p0210,p0339,1,0.863305
p0210,p0191,2,0.858543
p0210,p0098,3,0.848159
p0210,p0230,4,0.844977
p0210,p0156,5,0.842760
p0211,p0325,1,0.821863
p0211,p0237,2,0.817904
p0211,p0305,3,0.805718
p0211,p0382,4,0.805213
p0211,p0355,5,0.804119
p0212,p0251,1,0.751259
p0212,p0355,2,0.732884
p0212,p0237,3,0.721276
p0212,p0358,4,0.709812
p0212,p0211,5,0.709616
p0213,p0279,1,0.859322
p0213,p0313,2,0.852963
p0213,p0337,3,0.850607
p0213,p0169,4,0.849720
p0213,p0201,5,0.847941
p0214,p0390,1,0.864272
p0214,p0217,2,0.854104
p0214,p0166,3,0.831031
p0214,p0241,4,0.826307
p0214,p0315,5,0.825483
p0215,p1691,1,0.884644
p0215,p0051,2,0.883793
p0215,p1696,3,0.872734
p0215,p1688,4,0.862842
p0215,p0059,5,0.855551
p0216,p0072,1,0.769986
p0216,p0217,2,0.766348
p0216,p1307,3,0.736383
p0216,p1722,4,0.724875
p0216,p0263,5,0.723379
p0217,p0214,1,0.854104
p0217,p0253,2,0.835358
p0217,p0222,3,0.825415
p0217,p0240,4,0.825118
p0217,p0355,5,0.821858
p0218,p0069,1,0.841814
p0218,p0192,2,0.821112
p0218,p0346,3,0.815895
p0218,p0219,4,0.812858
p0218,p0266,5,0.802284
p0219,p0230,1,0.855018
p0219,p0173,2,0.846895
p0219,p0355,3,0.836090
p0219,p0253,4,0.829408
p0219,p0286,5,0.825656
p0220,p0204,1,0.847280
p0220,p0188,2,0.797269
p0220,p0093,3,0.790584
p0220,p0304,4,0.786022
p0220,p0275,5,0.780509
p0221,p0172,1,0.835952
p0221,p0150,2,0.824901
p0221,p0873,3,0.820058
p0221,p0083,4,0.812965
p0221,p0228,5,0.812763
p0222,p0282,1,0.832249
p0222,p0217,2,0.825415
p0222,p0286,3,0.816950
p0222,p0277,4,0.816183
p0222,p0253,5,0.815387
p0223,p0253,1,0.849513
p0223,p0314,2,0.831009
p0223,p0340,3,0.818582
p0223,p0137,4,0.817216
p0223,p0246,5,0.813418
p0224,p0273,1,0.871032
p0224,p0270,2,0.865398
p0224,p0230,3,0.854352
p0224,p0276,4,0.853536
p0224,p0359,5,0.852835
p0225,p0282,1,0.892540
p0225,p0307,2,0.801239
p0225,p0277,3,0.797276
p0225,p0326,4,0.793602
p0225,p0296,5,0.785780
p0226,p0227,1,0.804117
p0226,p0221,2,0.782321
p0226,p0296,3,0.780424
p0226,p0283,4,0.774671
p0226,p0253,5,0.762576
p0227,p0154,1,0.826778
p0227,p0175,2,0.813530
p0227,p0226,3,0.804117
p0227,p0160,4,0.795221
p0227,p0426,5,0.794532
p0228,p0221,1,0.812763
p0228,p0150,2,0.784870
p0228,p0340,3,0.783791
p0228,p0159,4,0.765294
p0228,p0154,5,0.759529
p0229,p0390,1,0.836801
p0229,p0214,2,0.814879
p0229,p1720,3,0.811158
p0229,p0162,4,0.808202
p0229,p0382,5,0.801517
p0230,p0173,1,0.856416
p0230,p0219,2,0.855018
p0230,p0224,3,0.854352
p0230,p0210,4,0.844977
p0230,p0440,5,0.842755
p0231,p0237,1,0.849275
p0231,p0382,2,0.838899
p0231,p1333,3,0.827878
p0231,p0240,4,0.814843
p0231,p0384,5,0.813650
p0232,p0139,1,0.832785
p0232,p0342,2,0.824204
p0232,p0340,3,0.823645
p0232,p0265,4,0.810722
p0232,p0314,5,0.808942
p0233,p0253,1,0.835173
p0233,p0289,2,0.832945
p0233,p0154,3,0.824264
p0233,p0230,4,0.823062
p0233,p0340,5,0.814042
p0234,p0348,1,0.826834
p0234,p0426,2,0.808730
p0234,p0233,3,0.787006
p0234,p0154,4,0.786517
p0234,p0324,5,0.785597
p0235,p0051,1,0.857806
p0235,p0992,2,0.844191
p0235,p0960,3,0.829513
p0235,p0996,4,0.828554
p0235,p0401,5,0.824999
p0236,p1673,1,0.840417
p0236,p0051,2,0.838305
p0236,p1719,3,0.836835
p0236,p0921,4,0.833026
p0236,p1288,5,0.830365
p0237,p0073,1,0.889396
p0237,p0051,2,0.880409
p0237,p0059,3,0.876931
p0237,p0238,4,0.865217
p0237,p0082,5,0.862808
p0238,p0237,1,0.865217
p0238,p0073,2,0.843161
p0238,p0051,3,0.837558
p0238,p0080,4,0.819604
p0238,p1702,5,0.819094
p0239,p0426,1,0.812359
p0239,p0314,2,0.779674
p0239,p0232,3,0.770405
p0239,p0233,4,0.769831
p0239,p0425,5,0.769188
p0240,p0253,1,0.837587
p0240,p0217,2,0.825118
p0240,p0181,3,0.823781
p0240,p0382,4,0.816507
p0240,p0231,5,0.814843
p0241,p0331,1,0.840957
p0241,p0390,2,0.838581
p0241,p0960,3,0.828268
p0241,p0315,4,0.826678
p0241,p0214,5,0.826307
p0242,p0349,1,0.838996
p0242,p0343,2,0.813163
p0242,p0321,3,0.801455
p0242,p0334,4,0.798633
p0242,p0276,5,0.798433
p0243,p0298,1,0.827483
p0243,p0217,2,0.813421
p0243,p0286,3,0.811847
p0243,p0159,4,0.808999
p0243,p0195,5,0.808123
p0244,p0387,1,0.829640
p0244,p0191,2,0.809471
p0244,p0276,3,0.794322
p0244,p0368,4,0.792425
p0244,p0339,5,0.785266
p0245,p0083,1,0.846742
p0245,p0036,2,0.836985
p0245,p0086,3,0.821888
p0245,p0053,4,0.773132
p0245,p0088,5,0.768523
p0246,p0253,1,0.867289
p0246,p0389,2,0.863846
p0246,p0142,3,0.826078
p0246,p0382,4,0.826060
p0246,p0223,5,0.813418
p0247,p0208,1,0.777859
p0247,p0348,2,0.757487
p0247,p0344,3,0.749049
p0247,p0374,4,0.739858
p0247,p0317,5,0.739847
p0248,p0217,1,0.804514
p0248,p0214,2,0.802757
p0248,p0253,3,0.797839
p0248,p0339,4,0.789678
p0248,p0385,5,0.789496
p0249,p0247,1,0.715848
p0249,p0208,2,0.669097
p0249,p0374,3,0.663314
p0249,p0348,4,0.657015
p0249,p0426,5,0.652549
p0250,p0195,1,0.810026
p0250,p0374,2,0.791158
p0250,p0379,3,0.785149
p0250,p0339,4,0.778538
p0250,p0113,5,0.775993
p0251,p0395,1,0.848124
p0251,p0394,2,0.838898
p0251,p0398,3,0.826670
p0251,p0420,4,0.825932
p0251,p0408,5,0.816316
p0252,p0260,1,0.848787
p0252,p0261,2,0.835439
p0252,p0440,3,0.803567
p0252,p0262,4,0.801550
p0252,p0230,5,0.795100
p0253,p0246,1,0.867289
p0253,p0382,2,0.864404
p0253,p0223,3,0.849513
p0253,p0240,4,0.837587
p0253,p0217,5,0.835358
p0254,p0259,1,0.896335
p0254,p0334,2,0.890706
p0254,p0321,3,0.890237
p0254,p0276,4,0.880444
p0254,p0289,5,0.858977
p0255,p0262,1,0.821605
p0255,p0367,2,0.810680
p0255,p0352,3,0.798869
p0255,p0260,4,0.795479
p0255,p0210,5,0.790988
p0256,p0259,1,0.810393
p0256,p0169,2,0.807511
p0256,p0440,3,0.804748
p0256,p0134,4,0.804636
p0256,p0254,5,0.802162
p0257,p0254,1,0.839271
p0257,p0269,2,0.832261
p0257,p0259,3,0.831609
p0257,p0305,4,0.829569
p0257,p0346,5,0.824651
p0258,p0308,1,0.832020
p0258,p0259,2,0.829755
p0258,p0381,3,0.818588
p0258,p0254,4,0.815831
p0258,p0303,5,0.789169
p0259,p0321,1,0.928692
p0259,p0334,2,0.923741
p0259,p0254,3,0.896335
p0259,p0276,4,0.844814
p0259,p0330,5,0.842111
p0260,p0261,1,0.855893
p0260,p0252,2,0.848787
p0260,p0262,3,0.834154
p0260,p0313,4,0.798649
p0260,p0255,5,0.795479
p0261,p0262,1,0.926683
p0261,p0260,2,0.855893
p0261,p0252,3,0.835439
p0261,p0263,4,0.824958
p0261,p0265,5,0.821448
p0262,p0261,1,0.926683
p0262,p0260,2,0.834154
p0262,p0367,3,0.824819
p0262,p0276,4,0.822247
p0262,p0255,5,0.821605
p0263,p0254,1,0.835113
p0263,p0261,2,0.824958
p0263,p0188,3,0.815148
p0263,p0259,4,0.814172
p0263,p0265,5,0.813762
p0264,p0286,1,0.805676
p0264,p0298,2,0.798017
p0264,p1466,3,0.797330
p0264,p0254,4,0.793312
p0264,p0256,5,0.789508
p0265,p0345,1,0.851386
p0265,p0305,2,0.848415
p0265,p0254,3,0.843842
p0265,p0391,4,0.837699
p0265,p0348,5,0.837626
p0266,p0276,1,0.856688
p0266,p0161,2,0.840359
p0266,p0224,3,0.839250
p0266,p0382,4,0.825753
p0266,p0254,5,0.821437
p0267,p0311,1,0.777494
p0267,p0294,2,0.775712
p0267,p0309,3,0.773565
p0267,p0327,4,0.772872
p0267,p0291,5,0.772819
p0268,p1722,1,0.740908
p0268,p0215,2,0.738228
p0268,p0339,3,0.735819
p0268,p0282,4,0.734740
p0268,p0286,5,0.724674
p0269,p0282,1,0.834587
p0269,p0257,2,0.832261
p0269,p0291,3,0.830014
p0269,p0289,4,0.814683
p0269,p0278,5,0.812099
p0270,p0273,1,0.896152
p0270,p0224,2,0.865398
p0270,p0275,3,0.842658
p0270,p1466,4,0.838942
p0270,p0158,5,0.808269
p0271,p0150,1,0.785849
p0271,p0963,2,0.763413
p0271,p0441,3,0.762546
p0271,p0151,4,0.761308
p0271,p0149,5,0.761266
p0272,p0087,1,0.812806
p0272,p0090,2,0.805598
p0272,p0088,3,0.803200
p0272,p0384,4,0.786477
p0272,p0150,5,0.781210
p0273,p0270,1,0.896152
p0273,p0224,2,0.871032
p0273,p0275,3,0.827848
p0273,p1466,4,0.812391
p0273,p0201,5,0.810712
p0274,p0288,1,0.982599
p0274,p0359,2,0.806017
p0274,p0302,3,0.798956
p0274,p0325,4,0.789856
p0274,p0127,5,0.788438
p0275,p0332,1,0.873212
p0275,p0194,2,0.870769
p0275,p0093,3,0.863692
p0275,p0304,4,0.858310
p0275,p0098,5,0.852523
p0276,p0289,1,0.892487
p0276,p0254,2,0.880444
p0276,p0290,3,0.866486
p0276,p0266,4,0.856688
p0276,p0311,5,0.853548
p0277,p0290,1,0.916959
p0277,p0326,2,0.876653
p0277,p0282,3,0.870626
p0277,p0279,4,0.868207
p0277,p0307,5,0.862063
p0278,p0291,1,0.831690
p0278,p0269,2,0.812099
p0278,p0292,3,0.801426
p0278,p0314,4,0.775541
p0278,p0202,5,0.774593
p0279,p0326,1,0.950855
p0279,p0293,2,0.947480
p0279,p0307,3,0.946876
p0279,p0339,4,0.873222
p0279,p0277,5,0.868207
p0280,p0294,1,0.978191
p0280,p0194,2,0.817940
p0280,p0277,3,0.813483
p0280,p0290,4,0.807339
p0280,p0311,5,0.802523
p0281,p0295,1,0.984421
p0281,p0304,2,0.876808
p0281,p0093,3,0.865708
p0281,p0444,4,0.852626
p0281,p0175,5,0.852501
p0282,p0225,1,0.892540
p0282,p0326,2,0.877543
p0282,p0307,3,0.870994
p0282,p0277,4,0.870626
p0282,p0293,5,0.864544
p0283,p0296,1,0.992043
p0283,p0295,2,0.847642
p0283,p0426,3,0.832880
p0283,p0152,4,0.826278
p0283,p0281,5,0.824873
p0284,p0297,1,0.987018
p0284,p0157,2,0.820614
p0284,p0174,3,0.807896
p0284,p0156,4,0.789933
p0284,p0151,5,0.785958
p0285,p0279,1,0.836274
p0285,p0326,2,0.819274
p0285,p0195,3,0.811884
p0285,p0298,4,0.810735
p0285,p0287,5,0.804078
p0286,p0298,1,0.991581
p0286,p0339,2,0.882701
p0286,p0429,3,0.864544
p0286,p0287,4,0.842837
p0286,p0279,5,0.841946
p0287,p0298,1,0.846017
p0287,p0286,2,0.842837
p0287,p0339,3,0.839384
p0287,p0279,4,0.836916
p0287,p0277,5,0.817934
p0288,p0274,1,0.982599
p0288,p0325,2,0.790782
p0288,p0359,3,0.790600
p0288,p0438,4,0.778362
p0288,p0279,5,0.776089
p0289,p0276,1,0.892487
p0289,p0254,2,0.858977
p0289,p0233,3,0.832945
p0289,p0136,4,0.829187
p0289,p0277,5,0.827703
p0290,p0277,1,0.916959
p0290,p0276,2,0.866486
p0290,p0326,3,0.846147
p0290,p0282,4,0.844156
p0290,p0279,5,0.836907
p0291,p0282,1,0.846539
p0291,p0278,2,0.831690
p0291,p0269,3,0.830014
p0291,p0277,4,0.827384
p0291,p0309,5,0.814192
p0292,p0202,1,0.877031
p0292,p0279,2,0.814785
p0292,p0213,3,0.806489
p0292,p0278,4,0.801426
p0292,p0444,5,0.800782
p0293,p0307,1,0.971166
p0293,p0326,2,0.959579
p0293,p0279,3,0.947480
p0293,p0282,4,0.864544
p0293,p0277,5,0.860778
p0294,p0280,1,0.978191
p0294,p0194,2,0.821577
p0294,p0277,3,0.816420
p0294,p0192,4,0.814751
p0294,p0311,5,0.813937
p0295,p0281,1,0.984421
p0295,p0304,2,0.873731
p0295,p0093,3,0.858501
p0295,p0296,4,0.849326
p0295,p0283,5,0.847642
p0296,p0283,1,0.992043
p0296,p0295,2,0.849326
p0296,p0426,3,0.827977
p0296,p0444,4,0.822652
p0296,p0281,5,0.821874
p0297,p0284,1,0.987018
p0297,p0157,2,0.817863
p0297,p0174,3,0.816486
p0297,p0156,4,0.806193
p0297,p0441,5,0.786381
p0298,p0286,1,0.991581
p0298,p0339,2,0.886685
p0298,p0429,3,0.877928
p0298,p0279,4,0.858484
p0298,p0318,5,0.849945
p0299,p0186,1,0.769001
p0299,p0305,2,0.761267
p0299,p0269,3,0.755525
p0299,p0225,4,0.736566
p0299,p0257,5,0.735016
p0300,p0306,1,0.867096
p0300,p0318,2,0.851321
p0300,p0359,3,0.848771
p0300,p0325,4,0.833456
p0300,p0224,5,0.832552
p0301,p0422,1,0.796749
p0301,p0113,2,0.780495
p0301,p0155,3,0.755734
p0301,p0310,4,0.755616
p0301,p0143,5,0.754603
p0302,p0194,1,0.846595
p0302,p0213,2,0.832604
p0302,p0279,3,0.818048
p0302,p0276,4,0.817428
p0302,p0092,5,0.817174
p0303,p0199,1,0.796288
p0303,p0258,2,0.789169
p0303,p1466,3,0.783920
p0303,p0282,4,0.777290
p0303,p0330,5,0.776778
p0304,p0093,1,0.987143
p0304,p0281,2,0.876808
p0304,p0295,3,0.873731
p0304,p0064,4,0.870377
p0304,p0204,5,0.866130
p0305,p0265,1,0.848415
p0305,p0440,2,0.841576
p0305,p0191,3,0.840001
p0305,p0339,4,0.838907
p0305,p0337,5,0.837020
p0306,p0325,1,0.929506
p0306,p0300,2,0.867096
p0306,p0224,3,0.839415
p0306,p0326,4,0.834877
p0306,p0196,5,0.830948
p0307,p0326,1,0.978877
p0307,p0293,2,0.971166
p0307,p0279,3,0.946876
p0307,p0282,4,0.870994
p0307,p0277,5,0.862063
p0308,p0258,1,0.832020
p0308,p0259,2,0.803311
p0308,p0381,3,0.802671
p0308,p0269,4,0.802379
p0308,p0282,5,0.801476
p0309,p0327,1,0.999233
p0309,p0304,2,0.843719
p0309,p0282,3,0.842992
p0309,p0291,4,0.814192
p0309,p0326,5,0.810805
p0310,p0331,1,0.828171
p0310,p0315,2,0.809467
p0310,p0370,3,0.802524
p0310,p0390,4,0.793436
p0310,p0157,5,0.785599
p0311,p0312,1,0.886405
p0311,p0276,2,0.853548
p0311,p0194,3,0.827002
p0311,p0313,4,0.825284
p0311,p0279,5,0.823497
p0312,p0311,1,0.886405
p0312,p0276,2,0.848850
p0312,p0359,3,0.843047
p0312,p0290,4,0.834116
p0312,p0279,5,0.833686
p0313,p0330,1,0.913750
p0313,p0213,2,0.852963
p0313,p0337,3,0.849758
p0313,p0316,4,0.830486
p0313,p0311,5,0.825284
p0314,p0391,1,0.853640
p0314,p0444,2,0.837336
p0314,p0383,3,0.835453
p0314,p0223,4,0.831009
p0314,p0306,5,0.827529
p0315,p0331,1,0.889773
p0315,p0241,2,0.826678
p0315,p0390,3,0.825517
p0315,p0214,4,0.825483
p0315,p0436,5,0.822526
p0316,p0332,1,0.938853
p0316,p0275,2,0.852330
p0316,p0194,3,0.839949
p0316,p0313,4,0.830486
p0316,p0337,5,0.826263
p0317,p0333,1,0.920587
p0317,p0330,2,0.819752
p0317,p0332,3,0.817717
p0317,p0289,4,0.817534
p0317,p0136,5,0.810486
p0318,p0279,1,0.853775
p0318,p0300,2,0.851321
p0318,p0298,3,0.849945
p0318,p0359,4,0.838377
p0318,p0286,5,0.837302
p0319,p0322,1,0.781897
p0319,p0155,2,0.745664
p0319,p0336,3,0.738890
p0319,p0341,4,0.738855
p0319,p0113,5,0.737913
p0320,p0305,1,0.833847
p0320,p0196,2,0.818962
p0320,p0314,3,0.808162
p0320,p0206,4,0.805420
p0320,p0203,5,0.799068
p0321,p0334,1,0.982975
p0321,p0259,2,0.928692
p0321,p0254,3,0.890237
p0321,p0276,4,0.842870
p0321,p0330,5,0.836439
p0322,p0337,1,0.863880
p0322,p0203,2,0.862597
p0322,p0169,3,0.853195
p0322,p0353,4,0.852006
p0322,p0341,5,0.838817
p0323,p0335,1,0.885068
p0323,p0184,2,0.793017
p0323,p0351,3,0.786533
p0323,p1732,4,0.737905
p0323,p1728,5,0.735304
p0324,p0353,1,0.861767
p0324,p0138,2,0.860529
p0324,p0169,3,0.845725
p0324,p0139,4,0.842912
p0324,p0391,5,0.837671
p0325,p0306,1,0.929506
p0325,p0237,2,0.833703
p0325,p0300,3,0.833456
p0325,p0224,4,0.828536
p0325,p0318,5,0.824313
p0326,p0307,1,0.978877
p0326,p0293,2,0.959579
p0326,p0279,3,0.950855
p0326,p0282,4,0.877543
p0326,p0277,5,0.876653
p0327,p0309,1,0.999233
p0327,p0304,2,0.844386
p0327,p0282,3,0.842003
p0327,p0291,4,0.811019
p0327,p0326,5,0.810337
p0328,p0312,1,0.825090
p0328,p0311,2,0.820430
p0328,p0332,3,0.815625
p0328,p0201,4,0.808880
p0328,p0188,5,0.795701
p0329,p0328,1,0.672939
p0329,p0333,2,0.576444
p0329,p0259,3,0.567159
p0329,p0332,4,0.562100
p0329,p0563,5,0.561844
p0330,p0313,1,0.913750
p0330,p0259,2,0.842111
p0330,p0337,3,0.841482
p0330,p0321,4,0.836439
p0330,p0136,5,0.831812
p0331,p0315,1,0.889773
p0331,p0181,2,0.851885
p0331,p0241,3,0.840957
p0331,p0310,4,0.828171
p0331,p0421,5,0.819853
p0332,p0316,1,0.938853
p0332,p0333,2,0.876394
p0332,p0275,3,0.873212
p0332,p0213,4,0.836215
p0332,p0201,5,0.830994
p0333,p0317,1,0.920587
p0333,p0332,2,0.876394
p0333,p0199,3,0.826799
p0333,p0330,4,0.813123
p0333,p0201,5,0.801732
p0334,p0321,1,0.982975
p0334,p0259,2,0.923741
p0334,p0254,3,0.890706
p0334,p0276,4,0.852126
p0334,p0290,5,0.833827
p0335,p0323,1,0.885068
p0335,p0191,2,0.841854
p0335,p0324,3,0.831138
p0335,p0346,4,0.830979
p0335,p0169,5,0.830964
p0336,p0324,1,0.834681
p0336,p0230,2,0.830947
p0336,p0203,3,0.823473
p0336,p0391,4,0.812266
p0336,p0322,5,0.810321
p0337,p0440,1,0.865488
p0337,p0322,2,0.863880
p0337,p0169,3,0.856553
p0337,p0203,4,0.855394
p0337,p0340,5,0.852541
p0338,p0346,1,0.854265
p0338,p0187,2,0.836908
p0338,p0205,3,0.807184
p0338,p0262,4,0.783833
p0338,p0254,5,0.782094
p0339,p0298,1,0.886685
p0339,p0286,2,0.882701
p0339,p0279,3,0.873222
p0339,p0326,4,0.865131
p0339,p0210,5,0.863305
p0340,p0342,1,0.894247
p0340,p0353,2,0.869243
p0340,p0337,3,0.852541
p0340,p0139,4,0.844731
p0340,p0440,5,0.842017
p0341,p0322,1,0.838817
p0341,p0169,2,0.832512
p0341,p0324,3,0.823968
p0341,p0440,4,0.821303
p0341,p0391,5,0.809286
p0342,p0340,1,0.894247
p0342,p0353,2,0.851989
p0342,p0426,3,0.841379
p0342,p0139,4,0.829647
p0342,p0206,5,0.828973
p0343,p0345,1,0.868242
p0343,p0349,2,0.845026
p0343,p0356,3,0.838891
p0343,p0259,4,0.830815
p0343,p0254,5,0.830131
p0344,p0345,1,0.765370
p0344,p0343,2,0.752831
p0344,p0247,3,0.749049
p0344,p0348,4,0.731833
p0344,p0333,5,0.690743
p0345,p0348,1,0.880320
p0345,p0391,2,0.869692
p0345,p0343,3,0.868242
p0345,p0265,4,0.851386
p0345,p0353,5,0.838790
p0346,p0187,1,0.897193
p0346,p0205,2,0.885552
p0346,p0338,3,0.854265
p0346,p0368,4,0.847383
p0346,p0276,5,0.845871
p0347,p0203,1,0.833723
p0347,p0322,2,0.831204
p0347,p0169,3,0.830456
p0347,p0353,4,0.827540
p0347,p0345,5,0.822685
p0348,p0345,1,0.880320
p0348,p0265,2,0.837626
p0348,p0204,3,0.835959
p0348,p0391,4,0.830133
p0348,p0234,5,0.826834
p0349,p0343,1,0.845026
p0349,p0242,2,0.838996
p0349,p0321,3,0.791925
p0349,p0356,4,0.784737
p0349,p0345,5,0.781445
p0350,p0172,1,0.805341
p0350,p0311,2,0.798566
p0350,p0279,3,0.794207
p0350,p0169,4,0.792486
p0350,p0237,5,0.790389
p0351,p0183,1,0.853720
p0351,p0323,2,0.786533
p0351,p0199,3,0.766596
p0351,p0184,4,0.748652
p0351,p0335,5,0.741232
p0352,p0298,1,0.813900
p0352,p0230,2,0.810192
p0352,p0429,3,0.807532
p0352,p0422,4,0.806090
p0352,p0286,5,0.801957
p0353,p0203,1,0.881554
p0353,p0340,2,0.869243
p0353,p0324,3,0.861767
p0353,p0139,4,0.861475
p0353,p0138,5,0.860649
p0354,p0154,1,0.763564
p0354,p0178,2,0.723314
p0354,p0342,3,0.706086
p0354,p0167,4,0.701997
p0354,p0153,5,0.697205
p0355,p0219,1,0.836090
p0355,p0318,2,0.822419
p0355,p0217,3,0.821858
p0355,p0192,4,0.821718
p0355,p0224,5,0.818543
p0356,p0391,1,0.840220
p0356,p0343,2,0.838891
p0356,p0321,3,0.830736
p0356,p0383,4,0.823049
p0356,p0345,5,0.822185
p0357,p0169,1,0.782595
p0357,p0304,2,0.769477
p0357,p0204,3,0.763636
p0357,p0093,4,0.757993
p0357,p0188,5,0.745030
p0358,p0083,1,0.868909
p0358,p0036,2,0.828380
p0358,p0172,3,0.812320
p0358,p0221,4,0.807518
p0358,p0150,5,0.796452
p0359,p0224,1,0.852835
p0359,p0276,2,0.850346
p0359,p0300,3,0.848771
p0359,p0312,4,0.843047
p0359,p0275,5,0.838528
p0360,p0364,1,0.811860
p0360,p0359,2,0.785574
p0360,p0363,3,0.770099
p0360,p0361,4,0.750074
p0360,p0318,5,0.722470
p0361,p0404,1,0.828685
p0361,p1706,2,0.825585
p0361,p1333,3,0.817520
p0361,p0960,4,0.806548
p0361,p0362,5,0.805448
p0362,p0359,1,0.813134
p0362,p0364,2,0.809977
p0362,p0361,3,0.805448
p0362,p0363,4,0.798288
p0362,p0059,5,0.786466
p0363,p0364,1,0.930293
p0363,p0362,2,0.798288
p0363,p0384,3,0.794056
p0363,p0963,4,0.780292
p0363,p0962,5,0.776918
p0364,p0363,1,0.930293
p0364,p0360,2,0.811860
p0364,p0362,3,0.809977
p0364,p0359,4,0.800793
p0364,p0361,5,0.793110
p0365,p0210,1,0.798646
p0365,p0337,2,0.795476
p0365,p0224,3,0.794502
p0365,p0137,4,0.792247
p0365,p0160,5,0.787196
p0366,p0151,1,0.802640
p0366,p0074,2,0.794433
p0366,p0179,3,0.787213
p0366,p0367,4,0.787158
p0366,p0059,5,0.781944
p0367,p0156,1,0.847545
p0367,p0178,2,0.843209
p0367,p0191,3,0.828003
p0367,p0262,4,0.824819
p0367,p0181,5,0.820966
p0368,p0276,1,0.852422
p0368,p0346,2,0.847383
p0368,p0262,3,0.806951
p0368,p0254,4,0.795443
p0368,p0244,5,0.792425
p0369,p0009,1,0.773092
p0369,p0083,2,0.771680
p0369,p0036,3,0.757327
p0369,p0419,4,0.756515
p0369,p0012,5,0.745477
p0370,p0157,1,0.831455
p0370,p0310,2,0.802524
p0370,p0144,3,0.800073
p0370,p0171,4,0.799868
p0370,p0178,5,0.788769
p0371,p0283,1,0.814400
p0371,p0153,2,0.806220
p0371,p0296,3,0.799849
p0371,p0438,4,0.796775
p0371,p0138,5,0.794462
p0372,p0415,1,0.797907
p0372,p0472,2,0.784075
p0372,p0073,3,0.776347
p0372,p0414,4,0.764120
p0372,p0416,5,0.751382
p0373,p0374,1,0.825277
p0373,p0352,2,0.783817
p0373,p0144,3,0.782868
p0373,p0370,4,0.780740
p0373,p0378,5,0.777307
p0374,p0376,1,0.860386
p0374,p0431,2,0.856983
p0374,p0141,3,0.840961
p0374,p0438,4,0.833816
p0374,p0375,5,0.833464
p0375,p0374,1,0.833464
p0375,p0438,2,0.797884
p0375,p0141,3,0.783971
p0375,p0113,4,0.783535
p0375,p0306,5,0.781452
p0376,p0382,1,0.862950
p0376,p0374,2,0.860386
p0376,p0379,3,0.821154
p0376,p0431,4,0.815749
p0376,p0246,5,0.801822
p0377,p0146,1,0.833987
p0377,p0379,2,0.810190
p0377,p0386,3,0.798052
p0377,p0374,4,0.793735
p0377,p0148,5,0.790920
p0378,p0148,1,0.833695
p0378,p0374,2,0.794103
p0378,p0377,3,0.786496
p0378,p0143,4,0.786023
p0378,p0352,5,0.783634
p0379,p0376,1,0.821154
p0379,p0374,2,0.815052
p0379,p0377,3,0.810190
p0379,p0144,4,0.808459
p0379,p0250,5,0.785149
p0380,p0325,1,0.776202
p0380,p0374,2,0.735468
p0380,p0144,3,0.731334
p0380,p0370,4,0.730122
p0380,p0377,5,0.726996
p0381,p0258,1,0.818588
p0381,p0339,2,0.805277
p0381,p0308,3,0.802671
p0381,p0286,4,0.801448
p0381,p0173,5,0.800798
p0382,p0253,1,0.864404
p0382,p0376,2,0.862950
p0382,p0237,3,0.847051
p0382,p0389,4,0.843756
p0382,p0231,5,0.838899
p0383,p0314,1,0.835453
p0383,p0356,2,0.823049
p0383,p0259,3,0.821982
p0383,p0391,4,0.819949
p0383,p0224,5,0.809667
p0384,p0156,1,0.852235
p0384,p0237,2,0.836563
p0384,p0074,3,0.826101
p0384,p0339,4,0.815326
p0384,p0231,5,0.813650
p0385,p0389,1,0.818697
p0385,p0266,2,0.802840
p0385,p0223,3,0.798121
p0385,p0142,4,0.792418
p0385,p0253,5,0.789671
p0386,p0388,1,0.858812
p0386,p0253,2,0.830563
p0386,p0382,3,0.815257
p0386,p0246,4,0.801769
p0386,p0298,5,0.801447
p0387,p0244,1,0.829640
p0387,p0388,2,0.825557
p0387,p0229,3,0.797847
p0387,p0191,4,0.786520
p0387,p0171,5,0.785772
p0388,p0386,1,0.858812
p0388,p0387,2,0.825557
p0388,p0289,3,0.815307
p0388,p0230,4,0.804474
p0388,p0340,5,0.798038
p0389,p0142,1,0.867947
p0389,p0246,2,0.863846
p0389,p0382,3,0.843756
p0389,p0493,4,0.838391
p0389,p0253,5,0.827464
p0390,p0214,1,0.864272
p0390,p0241,2,0.838581
p0390,p0229,3,0.836801
p0390,p0315,4,0.825517
p0390,p0382,5,0.811228
p0391,p0345,1,0.869692
p0391,p0314,2,0.853640
p0391,p0356,3,0.840220
p0391,p0138,4,0.839637
p0391,p0152,5,0.839437
p0392,p0374,1,0.746032
p0392,p0243,2,0.731098
p0392,p0382,3,0.722833
p0392,p1002,4,0.721215
p0392,p0393,5,0.720757
p0393,p0374,1,0.822934
p0393,p0214,2,0.802974
p0393,p0253,3,0.792002
p0393,p0240,4,0.782361
p0393,p0378,5,0.782117
p0394,p0395,1,0.901761
p0394,p1085,2,0.900118
p0394,p1397,3,0.898312
p0394,p0078,4,0.897631
p0394,p1043,5,0.896840
p0395,p0394,1,0.901761
p0395,p0401,2,0.882971
p0395,p0398,3,0.877542
p0395,p0397,4,0.875778
p0395,p0034,5,0.866334
p0396,p0397,1,0.905158
p0396,p1644,2,0.885103
p0396,p0398,3,0.884808
p0396,p0401,4,0.882455
p0396,p0536,5,0.871972
p0397,p0396,1,0.905158
p0397,p0401,2,0.895610
p0397,p0398,3,0.890394
p0397,p0394,4,0.879749
p0397,p0395,5,0.875778
p0398,p1397,1,0.898291
p0398,p0960,2,0.896407
p0398,p1043,3,0.895406
p0398,p1399,4,0.895331
p0398,p1085,5,0.893887
p0399,p0663,1,0.884696
p0399,p0579,2,0.880600
p0399,p0554,3,0.862937
p0399,p0639,4,0.856524
p0399,p0649,5,0.847871
p0400,p0960,1,0.871922
p0400,p1397,2,0.868069
p0400,p1509,3,0.867467
p0400,p1399,4,0.867019
p0400,p1043,5,0.866078
p0401,p0397,1,0.895610
p0401,p0398,2,0.891599
p0401,p1059,3,0.889395
p0401,p1397,4,0.888108
p0401,p1043,5,0.885487
p0402,p0415,1,0.905706
p0402,p0404,2,0.891050
p0402,p0407,3,0.881338
p0402,p0398,4,0.880579
p0402,p0412,5,0.880096
p0403,p0405,1,0.865644
p0403,p0408,2,0.862048
p0403,p0406,3,0.858871
p0403,p0078,4,0.848158
p0403,p0394,5,0.836669
p0404,p0034,1,0.894779
p0404,p0402,2,0.891050
p0404,p0394,3,0.884830
p0404,p0077,4,0.874006
p0404,p0405,5,0.873400
p0405,p0406,1,0.879167
p0405,p0404,2,0.873400
p0405,p0403,3,0.865644
p0405,p0394,4,0.863632
p0405,p0395,5,0.860931
p0406,p0405,1,0.879167
p0406,p0059,2,0.869553
p0406,p0051,3,0.866129
p0406,p0395,4,0.865328
p0406,p0394,5,0.863804
p0407,p0402,1,0.881338
p0407,p0396,2,0.866729
p0407,p0401,3,0.866285
p0407,p0398,4,0.864235
p0407,p0397,5,0.862238
p0408,p0665,1,0.888419
p0408,p0051,2,0.877957
p0408,p0402,3,0.866853
p0408,p0394,4,0.865881
p0408,p0412,5,0.865476
p0409,p0410,1,0.904731
p0409,p0397,2,0.845321
p0409,p0394,3,0.839603
p0409,p0396,4,0.833719
p0409,p0448,5,0.832614
p0410,p0409,1,0.904731
p0410,p0394,2,0.868040
p0410,p0038,3,0.863742
p0410,p0448,4,0.860921
p0410,p0600,5,0.859561
p0411,p0412,1,0.886389
p0411,p0396,2,0.865007
p0411,p1644,3,0.864225
p0411,p0013,4,0.853766
p0411,p0398,5,0.852304
p0412,p0078,1,0.890440
p0412,p0411,2,0.886389
p0412,p0402,3,0.880096
p0412,p0033,4,0.879357
p0412,p0415,5,0.874961
p0413,p0077,1,0.867982
p0413,p0059,2,0.859054
p0413,p0960,3,0.853390
p0413,p0051,4,0.852237
p0413,p0479,5,0.846166
p0414,p0472,1,0.867681
p0414,p0415,2,0.857854
p0414,p0408,3,0.846659
p0414,p0399,4,0.838159
p0414,p0412,5,0.836024
p0415,p0402,1,0.905706
p0415,p0416,2,0.877934
p0415,p0461,3,0.877194
p0415,p0412,4,0.874961
p0415,p0051,5,0.871481
p0416,p0415,1,0.877934
p0416,p0402,2,0.844098
p0416,p0237,3,0.820742
p0416,p0414,4,0.809060
p0416,p0404,5,0.806675
p0417,p0046,1,0.809983
p0417,p0418,2,0.799583
p0417,p0406,3,0.798710
p0417,p0078,4,0.792955
p0417,p0398,5,0.788163
p0418,p0078,1,0.820635
p0418,p0404,2,0.820484
p0418,p0034,3,0.814802
p0418,p0395,4,0.812173
p0418,p0394,5,0.805536
p0419,p0035,1,0.842227
p0419,p0033,2,0.799316
p0419,p0418,3,0.795548
p0419,p0004,4,0.792459
p0419,p0009,5,0.782194
p0420,p0395,1,0.835918
p0420,p0251,2,0.825932
p0420,p0172,3,0.819974
p0420,p0404,4,0.817419
p0420,p0412,5,0.814003
p0421,p0331,1,0.819853
p0421,p0395,2,0.783219
p0421,p0144,3,0.777954
p0421,p0406,4,0.769835
p0421,p0178,5,0.765253
p0422,p0337,1,0.838630
p0422,p0438,2,0.831101
p0422,p0178,3,0.830488
p0422,p0213,4,0.829594
p0422,p0443,5,0.825755
p0423,p0305,1,0.762618
p0423,p0346,2,0.760309
p0423,p0276,3,0.754263
p0423,p0300,4,0.753920
p0423,p0082,5,0.752690
p0424,p0331,1,0.756514
p0424,p0241,2,0.747422
p0424,p0446,3,0.737523
p0424,p0195,4,0.737303
p0424,p0207,5,0.734365
p0425,p0426,1,0.842552
p0425,p0342,2,0.823131
p0425,p0296,3,0.811882
p0425,p0283,4,0.810257
p0425,p0265,5,0.806891
p0426,p0425,1,0.842552
p0426,p0342,2,0.841379
p0426,p0340,3,0.840168
p0426,p0283,4,0.832880
p0426,p0296,5,0.827977
p0427,p0406,1,0.854690
p0427,p0665,2,0.845759
p0427,p0078,3,0.844801
p0427,p0729,4,0.843779
p0427,p1059,5,0.842851
p0428,p0421,1,0.744569
p0428,p0129,2,0.743747
p0428,p0906,3,0.741520
p0428,p0157,4,0.739738
p0428,p0127,5,0.736441
p0429,p0298,1,0.877928
p0429,p0286,2,0.864544
p0429,p0098,3,0.823444
p0429,p0219,4,0.820956
p0429,p0339,5,0.809997
p0430,p0413,1,0.788640
p0430,p0429,2,0.785351
p0430,p0315,3,0.777278
p0430,p0166,4,0.773459
p0430,p0095,5,0.769035
p0431,p0442,1,0.876504
p0431,p0374,2,0.856983
p0431,p0173,3,0.845128
p0431,p0178,4,0.832037
p0431,p0427,5,0.830717
p0432,p0127,1,0.805473
p0432,p0331,2,0.797644
p0432,p0298,3,0.796181
p0432,p0318,4,0.789734
p0432,p0196,5,0.787348
p0433,p0438,1,0.790399
p0433,p0332,2,0.789619
p0433,p0093,3,0.766282
p0433,p0304,4,0.762776
p0433,p0139,5,0.753763
p0434,p0121,1,0.836776
p0434,p0126,2,0.793957
p0434,p0882,3,0.786140
p0434,p0364,4,0.740412
p0434,p0192,5,0.730843
p0435,p0152,1,0.728976
p0435,p0138,2,0.723915
p0435,p0283,3,0.722527
p0435,p0296,4,0.712691
p0435,p0433,5,0.705868
p0436,p0413,1,0.843047
p0436,p0427,2,0.835251
p0436,p0141,3,0.833820
p0436,p0051,4,0.833385
p0436,p0960,5,0.830044
p0437,p0215,1,0.840443
p0437,p0059,2,0.831897
p0437,p0051,3,0.827858
p0437,p0960,4,0.827277
p0437,p0580,5,0.812898
p0438,p0113,1,0.858229
p0438,p0230,2,0.835171
p0438,p0374,3,0.833816
p0438,p0442,4,0.832892
p0438,p0422,5,0.831101
p0439,p0438,1,0.811577
p0439,p0182,2,0.779960
p0439,p0433,3,0.753650
p0439,p0316,4,0.743982
p0439,p0230,5,0.740993
p0440,p0169,1,0.921923
p0440,p0178,2,0.873435
p0440,p0160,3,0.869208
p0440,p0337,4,0.865488
p0440,p0191,5,0.852100
p0441,p0174,1,0.891588
p0441,p0178,2,0.837330
p0441,p0156,3,0.816520
p0441,p0150,4,0.814146
p0441,p0221,5,0.811117
p0442,p0431,1,0.876504
p0442,p0094,2,0.850031
p0442,p0438,3,0.832892
p0442,p0178,4,0.830879
p0442,p0374,5,0.828856
p0443,p0230,1,0.841034
p0443,p0444,2,0.830829
p0443,p0422,3,0.825755
p0443,p0064,4,0.815681
p0443,p0061,5,0.802355
p0444,p0175,1,0.913021
p0444,p0281,2,0.852626
p0444,p0295,3,0.846829
p0444,p0314,4,0.837336
p0444,p0152,5,0.831774
p0445,p0175,1,0.864380
p0445,p0273,2,0.743399
p0445,p0153,3,0.743015
p0445,p0278,4,0.735955
p0445,p0314,5,0.731226
p0446,p0438,1,0.800267
p0446,p0331,2,0.788695
p0446,p0436,3,0.785295
p0446,p0482,4,0.781420
p0446,p0127,5,0.778117
p0447,p0939,1,0.814020
p0447,p0141,2,0.795841
p0447,p0482,3,0.793525
p0447,p0487,4,0.768871
p0447,p0574,5,0.765957
p0448,p0013,1,0.867346
p0448,p0654,2,0.865867
p0448,p0470,3,0.862252
p0448,p0410,4,0.860921
p0448,p0477,5,0.859134
p0449,p0394,1,0.853340
p0449,p0580,2,0.840991
p0449,p0461,3,0.840744
p0449,p0401,4,0.840667
p0449,p0013,5,0.839498
p0450,p0015,1,0.787151
p0450,p0408,2,0.784061
p0450,p0665,3,0.762190
p0450,p0403,4,0.756990
p0450,p0414,5,0.752019
p0451,p0400,1,0.859058
p0451,p1397,2,0.856770
p0451,p1059,3,0.856348
p0451,p1399,4,0.854841
p0451,p1509,5,0.851912
p0452,p0411,1,0.841231
p0452,p0665,2,0.831953
p0452,p0470,3,0.830185
p0452,p0465,4,0.825309
p0452,p0412,5,0.824372
p0453,p0415,1,0.841544
p0453,p0461,2,0.831251
p0453,p0127,3,0.820261
p0453,p0457,4,0.808921
p0453,p0452,5,0.806933
p0454,p0019,1,0.734423
p0454,p0399,2,0.724373
p0454,p0414,3,0.714458
p0454,p1112,4,0.711323
p0454,p0970,5,0.710958
p0455,p0019,1,0.703998
p0455,p0457,2,0.676987
p0455,p0491,3,0.671196
p0455,p0485,4,0.667945
p0455,p0882,5,0.660394
p0456,p0044,1,0.678451
p0456,p0043,2,0.666277
p0456,p1624,3,0.642424
p0456,p0467,4,0.641487
p0456,p0865,5,0.636757
p0457,p0453,1,0.808921
p0457,p0461,2,0.775510
p0457,p0404,3,0.765702
p0457,p0127,4,0.765451
p0457,p0459,5,0.761159
p0458,p0996,1,0.780648
p0458,p0387,2,0.776059
p0458,p0241,3,0.765977
p0458,p0493,4,0.762287
p0458,p0305,5,0.755135
p0459,p0127,1,0.834400
p0459,p0453,2,0.794294
p0459,p0457,3,0.761159
p0459,p0178,4,0.740380
p0459,p0129,5,0.736514
p0460,p1123,1,0.844430
p0460,p0029,2,0.842966
p0460,p0006,3,0.840997
p0460,p1070,4,0.833795
p0460,p0013,5,0.833301
p0461,p0415,1,0.877194
p0461,p0394,2,0.848895
p0461,p0665,3,0.844500
p0461,p0449,4,0.840744
p0461,p0408,5,0.834040
p0462,p0691,1,0.815392
p0462,p0912,2,0.810169
p0462,p0468,3,0.805378
p0462,p0399,4,0.803241
p0462,p0476,5,0.801859
p0463,p0462,1,0.794896
p0463,p0468,2,0.781477
p0463,p0013,3,0.780747
p0463,p1236,4,0.767947
p0463,p1237,5,0.763252
p0464,p0019,1,0.748134
p0464,p0021,2,0.662644
p0464,p0096,3,0.652359
p0464,p0172,4,0.640809
p0464,p0455,5,0.638003
p0465,p0452,1,0.825309
p0465,p0404,2,0.795232
p0465,p1644,3,0.762528
p0465,p0401,4,0.761495
p0465,p1090,5,0.759697
p0466,p0461,1,0.818156
p0466,p0415,2,0.781628
p0466,p0449,3,0.777570
p0466,p0395,4,0.777566
p0466,p0412,5,0.774191
p0467,p0395,1,0.794992
p0467,p0043,2,0.790711
p0467,p0411,3,0.786318
p0467,p1486,4,0.786143
p0467,p0044,5,0.784681
p0468,p0476,1,0.839790
p0468,p0462,2,0.805378
p0468,p1000,3,0.800914
p0468,p0691,4,0.782762
p0468,p0463,5,0.781477
p0469,p1049,1,0.743082
p0469,p0028,2,0.703258
p0469,p0009,3,0.686724
p0469,p0023,4,0.644697
p0469,p0621,5,0.638555
p0470,p0412,1,0.865142
p0470,p0448,2,0.862252
p0470,p0013,3,0.854591
p0470,p0033,4,0.853356
p0470,p0411,5,0.848538
p0471,p0412,1,0.838445
p0471,p0033,2,0.824610
p0471,p0470,3,0.809955
p0471,p0005,4,0.798919
p0471,p0004,5,0.795031
p0472,p0414,1,0.867681
p0472,p0415,2,0.848165
p0472,p0073,3,0.845263
p0472,p0554,4,0.840614
p0472,p0487,5,0.837972
p0473,p1486,1,0.864929
p0473,p0476,2,0.824443
p0473,p0412,3,0.805034
p0473,p0490,4,0.803269
p0473,p0475,5,0.802386
p0474,p0473,1,0.770971
p0474,p0476,2,0.719250
p0474,p1486,3,0.716804
p0474,p0475,4,0.707929
p0474,p1471,5,0.697364
p0475,p0473,1,0.802386
p0475,p1486,2,0.770264
p0475,p0476,3,0.762879
p0475,p0468,4,0.757059
p0475,p0467,5,0.745159
p0476,p0468,1,0.839790
p0476,p0473,2,0.824443
p0476,p0019,3,0.802099
p0476,p0462,4,0.801859
p0476,p0453,5,0.795132
p0477,p0448,1,0.859134
p0477,p0515,2,0.832833
p0477,p0037,3,0.827654
p0477,p0013,4,0.826928
p0477,p0478,5,0.821219
p0478,p1486,1,0.840856
p0478,p0448,2,0.836749
p0478,p0477,3,0.821219
p0478,p1097,4,0.816140
p0478,p0037,5,0.808788
p0479,p0412,1,0.867020
p0479,p0408,2,0.846852
p0479,p0413,3,0.846166
p0479,p0402,4,0.844175
p0479,p0411,5,0.843513
p0480,p1111,1,0.731796
p0480,p0478,2,0.712173
p0480,p0650,3,0.708252
p0480,p1121,4,0.690480
p0480,p1119,5,0.690054
p0481,p0402,1,0.806739
p0481,p0395,2,0.795691
p0481,p0479,3,0.795383
p0481,p1104,4,0.786577
p0481,p0483,5,0.785094
p0482,p0408,1,0.835149
p0482,p0051,2,0.829798
p0482,p0141,3,0.827470
p0482,p0374,4,0.819615
p0482,p0491,5,0.810182
p0483,p0481,1,0.785094
p0483,p0127,2,0.753746
p0483,p0482,3,0.716501
p0483,p1104,4,0.714404
p0483,p1009,5,0.711185
p0484,p0089,1,0.836684
p0484,p0091,2,0.836296
p0484,p0488,3,0.762300
p0484,p0487,4,0.758577
p0484,p0179,5,0.753029
p0485,p0266,1,0.797107
p0485,p0082,2,0.774512
p0485,p0882,3,0.762890
p0485,p0276,4,0.753079
p0485,p0367,5,0.752290
p0486,p0488,1,0.764629
p0486,p0119,2,0.717255
p0486,p0178,3,0.716773
p0486,p0487,4,0.709553
p0486,p0110,5,0.705458
p0487,p0412,1,0.848023
p0487,p0490,2,0.845264
p0487,p0451,3,0.844412
p0487,p0472,4,0.837972
p0487,p0841,5,0.836673
p0488,p0487,1,0.816230
p0488,p0408,2,0.780017
p0488,p0482,3,0.774389
p0488,p0415,4,0.766077
p0488,p0486,5,0.764629
p0489,p0412,1,0.873584
p0489,p0490,2,0.849950
p0489,p0033,3,0.846352
p0489,p0013,4,0.843677
p0489,p0654,5,0.835845
p0490,p0412,1,0.859873
p0490,p0489,2,0.849950
p0490,p0487,3,0.845264
p0490,p0013,4,0.828977
p0490,p0470,5,0.817367
p0491,p0029,1,0.854465
p0491,p0030,2,0.842307
p0491,p0140,3,0.818230
p0491,p0051,4,0.815184
p0491,p0406,5,0.812325
p0492,p0127,1,0.765229
p0492,p0482,2,0.747910
p0492,p0178,3,0.740651
p0492,p0485,4,0.726002
p0492,p0094,5,0.721243
p0493,p0142,1,0.840626
p0493,p0389,2,0.838391
p0493,p0141,3,0.822363
p0493,p1040,4,0.805126
p0493,p0148,5,0.794771
p0494,p0443,1,0.645520
p0494,p0151,2,0.644320
p0494,p0060,3,0.632506
p0494,p0176,4,0.623787
p0494,p0301,5,0.611248
p0495,p0609,1,0.855223
p0495,p0558,2,0.854624
p0495,p0556,3,0.833570
p0495,p0626,4,0.831564
p0495,p0595,5,0.828573
p0496,p0497,1,0.883284
p0496,p0069,2,0.876931
p0496,p0151,3,0.852111
p0496,p0882,4,0.837702
p0496,p0053,5,0.831063
p0497,p0069,1,0.890958
p0497,p0165,2,0.888311
p0497,p0496,3,0.883284
p0497,p0070,4,0.866707
p0497,p0053,5,0.850532
p0498,p0513,1,0.791766
p0498,p1674,2,0.787317
p0498,p0537,3,0.769207
p0498,p1371,4,0.768182
p0498,p1421,5,0.760253
p0499,p0533,1,0.899764
p0499,p0502,2,0.880730
p0499,p0501,3,0.872980
p0499,p0500,4,0.870016
p0499,p1642,5,0.862204
p0500,p0515,1,0.890397
p0500,p0051,2,0.884979
p0500,p0536,3,0.879867
p0500,p0846,4,0.878470
p0500,p0848,5,0.877438
p0501,p0499,1,0.872980
p0501,p0502,2,0.865723
p0501,p0821,3,0.845428
p0501,p0500,4,0.844128
p0501,p0681,5,0.843491
p0502,p1293,1,0.887091
p0502,p0499,2,0.880730
p0502,p0711,3,0.877027
p0502,p0500,4,0.866644
p0502,p0501,5,0.865723
p0503,p0051,1,0.885194
p0503,p0888,2,0.883506
p0503,p1043,3,0.878737
p0503,p1509,4,0.878110
p0503,p1085,5,0.877794
p0504,p0760,1,0.934196
p0504,p0591,2,0.730143
p0504,p0260,3,0.712462
p0504,p0383,4,0.702501
p0504,p0252,5,0.702392
p0505,p0569,1,0.997897
p0505,p0594,2,0.982540
p0505,p0538,3,0.980172
p0505,p0658,4,0.940640
p0505,p0506,5,0.929083
p0506,p0509,1,0.988580
p0506,p0539,2,0.954168
p0506,p0594,3,0.952741
p0506,p0507,4,0.951923
p0506,p0510,5,0.951137
p0507,p0509,1,0.967045
p0507,p0506,2,0.951923
p0507,p0539,3,0.946149
p0507,p0510,4,0.941257
p0507,p0542,5,0.932953
p0508,p0668,1,0.997696
p0508,p0597,2,0.906575
p0508,p0527,3,0.905933
p0508,p0166,4,0.803572
p0508,p0413,5,0.801606
p0509,p0506,1,0.988580
p0509,p0507,2,0.967045
p0509,p0539,3,0.956139
p0509,p0510,4,0.956058
p0509,p0725,5,0.940085
p0510,p0509,1,0.956058
p0510,p0506,2,0.951137
p0510,p0507,3,0.941257
p0510,p0587,4,0.937934
p0510,p0656,5,0.936134
p0511,p0506,1,0.936405
p0511,p0509,2,0.930937
p0511,p0510,3,0.927176
p0511,p0524,4,0.924397
p0511,p0507,5,0.920625
p0512,p0571,1,0.953808
p0512,p0719,2,0.923386
p0512,p0721,3,0.912131
p0512,p0688,4,0.895827
p0512,p0573,5,0.889101
p0513,p0498,1,0.791766
p0513,p0777,2,0.729453
p0513,p0818,3,0.724238
p0513,p1674,4,0.721028
p0513,p0650,5,0.718678
p0514,p0774,1,0.770262
p0514,p1602,2,0.767851
p0514,p1714,3,0.757766
p0514,p0971,4,0.739761
p0514,p0141,5,0.738941
p0515,p1101,1,0.890525
p0515,p0500,2,0.890397
p0515,p0574,3,0.885786
p0515,p1092,4,0.883212
p0515,p0579,5,0.882119
p0516,p0518,1,0.894037
p0516,p0710,2,0.886501
p0516,p0515,3,0.873007
p0516,p0809,4,0.862429
p0516,p0714,5,0.859604
p0517,p1223,1,0.883338
p0517,p1673,2,0.868783
p0517,p0565,3,0.867502
p0517,p0769,4,0.865704
p0517,p1710,5,0.863251
p0518,p0516,1,0.894037
p0518,p0709,2,0.860373
p0518,p1308,3,0.856970
p0518,p0764,4,0.855459
p0518,p0553,5,0.852325
p0519,p1104,1,0.849845
p0519,p1369,2,0.849487
p0519,p0515,3,0.843441
p0519,p0518,4,0.839957
p0519,p0517,5,0.833196
p0520,p0765,1,0.844486
p0520,p0517,2,0.831763
p0520,p1097,3,0.827375
p0520,p0769,4,0.818897
p0520,p0869,5,0.817938
p0521,p0764,1,0.870237
p0521,p1656,2,0.851920
p0521,p1308,3,0.850130
p0521,p0500,4,0.843256
p0521,p1123,5,0.842260
p0522,p1626,1,0.782930
p0522,p1540,2,0.763531
p0522,p1187,3,0.756503
p0522,p0934,4,0.753749
p0522,p0955,5,0.750317
p0523,p0518,1,0.828045
p0523,p0516,2,0.824537
p0523,p0501,3,0.823603
p0523,p0051,4,0.818774
p0523,p0554,5,0.813963
p0524,p0658,1,0.939079
p0524,p0627,2,0.934043
p0524,p0511,3,0.924397
p0524,p0594,4,0.919818
p0524,p0545,5,0.909989
p0525,p0667,1,0.868510
p0525,p0640,2,0.862639
p0525,p0742,3,0.858329
p0525,p0611,4,0.857642
p0525,p0614,5,0.847865
p0526,p0702,1,0.799319
p0526,p0556,2,0.795677
p0526,p0717,3,0.787237
p0526,p0666,4,0.776847
p0526,p0725,5,0.758077
p0527,p0597,1,0.985305
p0527,p0508,2,0.905933
p0527,p0668,3,0.905512
p0527,p0166,4,0.820100
p0527,p0413,5,0.819562
p0528,p0530,1,0.992097
p0528,p0657,2,0.892120
p0528,p0588,3,0.878284
p0528,p0669,4,0.871941
p0528,p0529,5,0.869890
p0529,p0588,1,0.878038
p0529,p0723,2,0.871459
p0529,p0657,3,0.870199
p0529,p0528,4,0.869890
p0529,p0530,5,0.866810
p0530,p0528,1,0.992097
p0530,p0657,2,0.895771
p0530,p0669,3,0.890694
p0530,p0588,4,0.882100
p0530,p0739,5,0.878795
p0531,p0100,1,0.720041
p0531,p1418,2,0.717050
p0531,p0032,3,0.711768
p0531,p0727,4,0.707390
p0531,p0619,5,0.706186
p0532,p1369,1,0.874782
p0532,p0535,2,0.869600
p0532,p0554,3,0.869513
p0532,p0567,4,0.864181
p0532,p0565,5,0.863237
p0533,p0499,1,0.899764
p0533,p0535,2,0.893052
p0533,p0534,3,0.872844
p0533,p0776,4,0.869923
p0533,p0553,5,0.865624
p0534,p0535,1,0.931382
p0534,p0904,2,0.881354
p0534,p0565,3,0.879186
p0534,p1650,4,0.874604
p0534,p0533,5,0.872844
p0535,p0534,1,0.931382
p0535,p0533,2,0.893052
p0535,p1650,3,0.878931
p0535,p1221,4,0.877304
p0535,p0532,5,0.869600
p0536,p0888,1,0.895847
p0536,p1509,2,0.893351
p0536,p1085,3,0.893047
p0536,p0537,4,0.892418
p0536,p1043,5,0.892374
p0537,p1649,1,0.894610
p0537,p0536,2,0.892418
p0537,p1644,3,0.871765
p0537,p0500,4,0.849397
p0537,p0097,5,0.845843
p0538,p0505,1,0.980172
p0538,p0569,2,0.979132
p0538,p0594,3,0.966951
p0538,p0658,4,0.945208
p0538,p0506,5,0.941322
p0539,p0509,1,0.956139
p0539,p0506,2,0.954168
p0539,p0594,3,0.949749
p0539,p0507,4,0.946149
p0539,p0538,5,0.934813
p0540,p0573,1,0.971080
p0540,p0688,2,0.945676
p0540,p0570,3,0.929580
p0540,p0572,4,0.910257
p0540,p0689,5,0.898649
p0541,p0545,1,0.938269
p0541,p0506,2,0.922252
p0541,p0627,3,0.911272
p0541,p0509,4,0.907615
p0541,p0594,5,0.906709
p0542,p0507,1,0.932953
p0542,p0539,2,0.932431
p0542,p0509,3,0.921165
p0542,p0506,4,0.920055
p0542,p0510,5,0.899984
p0543,p0544,1,0.914776
p0543,p0540,2,0.897931
p0543,p0548,3,0.896177
p0543,p0549,4,0.881148
p0543,p0696,5,0.880494
p0544,p0543,1,0.914776
p0544,p0549,2,0.902146
p0544,p0661,3,0.896419
p0544,p0548,4,0.894265
p0544,p0573,5,0.876400
p0545,p0594,1,0.952395
p0545,p0506,2,0.950754
p0545,p0627,3,0.946967
p0545,p0541,4,0.938269
p0545,p0666,5,0.930867
p0546,p0629,1,0.889313
p0546,p0732,2,0.877191
p0546,p0670,3,0.869278
p0546,p0743,4,0.861586
p0546,p0734,5,0.842401
p0547,p0730,1,0.845358
p0547,p0743,2,0.841966
p0547,p0734,3,0.834687
p0547,p0661,4,0.817166
p0547,p0737,5,0.816558
p0548,p0661,1,0.940470
p0548,p0598,2,0.911548
p0548,p0549,3,0.909972
p0548,p0543,4,0.896177
p0548,p0544,5,0.894265
p0549,p0661,1,0.935803
p0549,p0548,2,0.909972
p0549,p0742,3,0.909111
p0549,p0598,4,0.909000
p0549,p0678,5,0.902848
p0550,p1035,1,0.852767
p0550,p1374,2,0.849301
p0550,p1223,3,0.848536
p0550,p1659,4,0.842833
p0550,p1657,5,0.841894
p0551,p1660,1,0.825194
p0551,p1042,2,0.817245
p0551,p1548,3,0.800624
p0551,p1504,4,0.798340
p0551,p0764,5,0.795959
p0552,p0767,1,0.780266
p0552,p0606,2,0.779649
p0552,p1099,3,0.773908
p0552,p1626,4,0.770839
p0552,p1184,5,0.770184
p0553,p1642,1,0.903318
p0553,p1163,2,0.892138
p0553,p1710,3,0.888014
p0553,p0554,4,0.875276
p0553,p0636,5,0.871564
p0554,p0663,1,0.896666
p0554,p0579,2,0.893601
p0554,p0766,3,0.887970
p0554,p0665,4,0.882081
p0554,p0077,5,0.881009
p0555,p0640,1,0.868321
p0555,p0674,2,0.845939
p0555,p0742,3,0.837587
p0555,p0738,4,0.836560
p0555,p0560,5,0.833540
p0556,p0609,1,0.881830
p0556,p0644,2,0.867280
p0556,p0559,3,0.865001
p0556,p0613,4,0.852901
p0556,p0595,5,0.851405
p0557,p0634,1,0.828084
p0557,p0759,2,0.825519
p0557,p0742,3,0.824123
p0557,p0674,4,0.820378
p0557,p0633,5,0.819796
p0558,p0643,1,0.932434
p0558,p0561,2,0.886801
p0558,p0564,3,0.880040
p0558,p0495,4,0.854624
p0558,p0609,5,0.850335
p0559,p0539,1,0.925043
p0559,p0658,2,0.918464
p0559,p0594,3,0.910229
p0559,p0627,4,0.906992
p0559,p0609,5,0.906209
p0560,p0674,1,0.865979
p0560,p0742,2,0.864382
p0560,p0738,3,0.862700
p0560,p0615,4,0.850139
p0560,p0752,5,0.849199
p0561,p0558,1,0.886801
p0561,p0643,2,0.858848
p0561,p0609,3,0.849382
p0561,p0676,4,0.847955
p0561,p0564,5,0.835393
p0562,p0641,1,0.980286
p0562,p0559,2,0.870220
p0562,p0564,3,0.854366
p0562,p0643,4,0.848590
p0562,p0539,5,0.841223
p0563,p0750,1,0.912247
p0563,p0698,2,0.903053
p0563,p0624,3,0.861113
p0563,p0702,4,0.767641
p0563,p0644,5,0.736774
p0564,p0643,1,0.966281
p0564,p0558,2,0.880040
p0564,p0562,3,0.854366
p0564,p0626,4,0.848675
p0564,p0561,5,0.835393
p0565,p1673,1,0.892519
p0565,p1229,2,0.890401
p0565,p1650,3,0.885289
p0565,p0534,4,0.879186
p0565,p0766,5,0.875569
p0566,p0764,1,0.836681
p0566,p1459,2,0.830316
p0566,p0904,3,0.829353
p0566,p0500,4,0.826349
p0566,p1306,5,0.824640
p0567,p0649,1,0.914953
p0567,p0764,2,0.872447
p0567,p0515,3,0.871903
p0567,p0663,4,0.871196
p0567,p1092,5,0.867708
p0568,p0536,1,0.790428
p0568,p0503,2,0.769472
p0568,p1566,3,0.768881
p0568,p1672,4,0.765467
p0568,p0515,5,0.763442
p0569,p0505,1,0.997897
p0569,p0594,2,0.981981
p0569,p0538,3,0.979132
p0569,p0658,4,0.941746
p0569,p0506,5,0.931914
p0570,p0540,1,0.929580
p0570,p0573,2,0.922584
p0570,p0688,3,0.895018
p0570,p0571,4,0.889431
p0570,p0512,5,0.887866
p0571,p0512,1,0.953808
p0571,p0719,2,0.908550
p0571,p0687,3,0.905724
p0571,p0721,4,0.899965
p0571,p0688,5,0.896252
p0572,p0540,1,0.910257
p0572,p0573,2,0.901318
p0572,p0731,3,0.897283
p0572,p0688,4,0.891231
p0572,p0669,5,0.874168
p0573,p0540,1,0.971080
p0573,p0570,2,0.922584
p0573,p0688,3,0.921097
p0573,p0572,4,0.901318
p0573,p0512,5,0.889101
p0574,p0515,1,0.885786
p0574,p0649,2,0.883491
p0574,p1012,3,0.881856
p0574,p0578,4,0.880678
p0574,p0554,5,0.875131
p0575,p1005,1,0.895158
p0575,p0714,2,0.868559
p0575,p0715,3,0.868470
p0575,p0577,4,0.863037
p0575,p0785,5,0.862170
p0576,p0715,1,0.914981
p0576,p0575,2,0.834247
p0576,p0710,3,0.819957
p0576,p0829,4,0.815510
p0576,p0823,5,0.814309
p0577,p0578,1,0.943113
p0577,p0515,2,0.878698
p0577,p0821,3,0.868437
p0577,p0575,4,0.863037
p0577,p0579,5,0.862454
p0578,p0577,1,0.943113
p0578,p0579,2,0.899955
p0578,p0821,3,0.886541
p0578,p0515,4,0.880940
p0578,p0574,5,0.880678
p0579,p0654,1,0.968207
p0579,p0578,2,0.899955
p0579,p0580,3,0.893714
p0579,p0554,4,0.893601
p0579,p0515,5,0.882119
p0580,p0654,1,0.895422
p0580,p0579,2,0.893714
p0580,p0051,3,0.882813
p0580,p0665,4,0.878998
p0580,p0729,5,0.873114
p0581,p1308,1,0.854234
p0581,p0073,2,0.833455
p0581,p0711,3,0.817484
p0581,p0059,4,0.812047
p0581,p0051,5,0.807322
p0582,p1696,1,0.853126
p0582,p1688,2,0.846765
p0582,p0960,3,0.842973
p0582,p0215,4,0.841233
p0582,p1691,5,0.836963
p0583,p0586,1,0.980312
p0583,p0589,2,0.970734
p0583,p0595,3,0.963736
p0583,p0741,4,0.894846
p0583,p0655,5,0.890394
p0584,p0587,1,0.932732
p0584,p0538,2,0.930742
p0584,p0656,3,0.928488
p0584,p0725,4,0.927205
p0584,p0506,5,0.924544
p0585,p0718,1,0.968281
p0585,p0588,2,0.947382
p0585,p0657,3,0.912766
p0585,p0661,4,0.880444
p0585,p0592,5,0.879877
p0586,p0583,1,0.980312
p0586,p0595,2,0.972886
p0586,p0589,3,0.951445
p0586,p0741,4,0.887401
p0586,p0655,5,0.876007
p0587,p0656,1,0.998118
p0587,p0722,2,0.975581
p0587,p0510,3,0.937934
p0587,p0584,4,0.932732
p0587,p0725,5,0.927433
p0588,p0657,1,0.974983
p0588,p0585,2,0.947382
p0588,p0723,3,0.925653
p0588,p0718,4,0.911872
p0588,p0661,5,0.887838
p0589,p0583,1,0.970734
p0589,p0595,2,0.951487
p0589,p0586,3,0.951445
p0589,p0741,4,0.907762
p0589,p0584,5,0.873776
p0590,p0685,1,0.920228
p0590,p0689,2,0.917409
p0590,p0721,3,0.916272
p0590,p0688,4,0.899182
p0590,p0716,5,0.896631
p0591,p0508,1,0.755718
p0591,p0668,2,0.749075
p0591,p0760,3,0.740111
p0591,p0504,4,0.730143
p0591,p0260,5,0.698784
p0592,p0684,1,0.894455
p0592,p0585,2,0.879877
p0592,p0588,3,0.867885
p0592,p0657,4,0.865043
p0592,p0669,5,0.860943
p0593,p0685,1,0.855058
p0593,p0684,2,0.853182
p0593,p0592,3,0.845457
p0593,p0588,4,0.842310
p0593,p0585,5,0.839344
p0594,p0505,1,0.982540
p0594,p0569,2,0.981981
p0594,p0538,3,0.966951
p0594,p0658,4,0.962423
p0594,p0506,5,0.952741
p0595,p0586,1,0.972886
p0595,p0583,2,0.963736
p0595,p0589,3,0.951487
p0595,p0741,4,0.903100
p0595,p0676,5,0.879839
p0596,p0613,1,0.998619
p0596,p0758,2,0.988339
p0596,p0660,3,0.988088
p0596,p0676,4,0.975427
p0596,p0656,5,0.907501
p0597,p0527,1,0.985305
p0597,p0508,2,0.906575
p0597,p0668,3,0.906199
p0597,p0166,4,0.820935
p0597,p0413,5,0.816586
p0598,p0661,1,0.948680
p0598,p0548,2,0.911548
p0598,p0549,3,0.909000
p0598,p0742,4,0.901599
p0598,p0678,5,0.896549
p0599,p0744,1,0.906862
p0599,p0678,2,0.783564
p0599,p0593,3,0.775571
p0599,p0661,4,0.773382
p0599,p0547,5,0.771033
p0600,p1542,1,0.869681
p0600,p0943,2,0.859649
p0600,p0410,3,0.859561
p0600,p0038,4,0.857875
p0600,p0767,5,0.849480
p0601,p1501,1,0.833512
p0601,p0532,2,0.821228
p0601,p1369,3,0.820715
p0601,p1648,4,0.818185
p0601,p1546,5,0.817836
p0602,p0030,1,0.775486
p0602,p1530,2,0.767830
p0602,p0769,3,0.761155
p0602,p1548,4,0.757895
p0602,p1542,5,0.757835
p0603,p0606,1,0.846391
p0603,p1040,2,0.821324
p0603,p0604,3,0.796115
p0603,p0493,4,0.777656
p0603,p1351,5,0.766941
p0604,p0603,1,0.796115
p0604,p0606,2,0.740205
p0604,p1592,3,0.709892
p0604,p1046,4,0.689976
p0604,p1040,5,0.677719
p0605,p0663,1,0.877076
p0605,p1035,2,0.875518
p0605,p0649,3,0.875268
p0605,p0926,4,0.874081
p0605,p0636,5,0.873551
p0606,p1542,1,0.853037
p0606,p0603,2,0.846391
p0606,p0607,3,0.823562
p0606,p1040,4,0.813787
p0606,p1042,5,0.799548
p0607,p1042,1,0.863247
p0607,p0606,2,0.823562
p0607,p1028,3,0.816158
p0607,p1659,4,0.808732
p0607,p0550,5,0.801364
p0608,p0748,1,0.794053
p0608,p0729,2,0.784683
p0608,p1656,3,0.773133
p0608,p0553,4,0.771507
p0608,p0846,5,0.770267
p0609,p0559,1,0.906209
p0609,p0659,2,0.888740
p0609,p0613,3,0.887853
p0609,p0676,4,0.886879
p0609,p0655,5,0.885889
p0610,p0628,1,0.836268
p0610,p0631,2,0.834469
p0610,p0688,3,0.832247
p0610,p0739,4,0.831021
p0610,p0630,5,0.831002
p0611,p0630,1,0.941538
p0611,p0742,2,0.899270
p0611,p0614,3,0.892776
p0611,p0673,4,0.887476
p0611,p0756,5,0.885191
p0612,p0634,1,0.933747
p0612,p0736,2,0.871855
p0612,p0755,3,0.847283
p0612,p0673,4,0.833091
p0612,p0632,5,0.830461
p0613,p0596,1,0.998619
p0613,p0758,2,0.988274
p0613,p0660,3,0.987873
p0613,p0676,4,0.976027
p0613,p0656,5,0.905231
p0614,p0742,1,0.942180
p0614,p0759,2,0.922509
p0614,p0678,3,0.910086
p0614,p0677,4,0.906534
p0614,p0667,5,0.904568
p0615,p0616,1,0.907070
p0615,p0635,2,0.898344
p0615,p0560,3,0.850139
p0615,p0640,4,0.841425
p0615,p0742,5,0.836398
p0616,p0635,1,0.982345
p0616,p0615,2,0.907070
p0616,p0674,3,0.855325
p0616,p0752,4,0.853019
p0616,p0640,5,0.847182
p0617,p1129,1,0.796762
p0617,p1050,2,0.789039
p0617,p1049,3,0.787635
p0617,p1173,4,0.787230
p0617,p0917,5,0.781261
p0618,p1555,1,0.858228
p0618,p1254,2,0.856799
p0618,p0883,3,0.854736
p0618,p0638,4,0.849125
p0618,p0620,5,0.849019
p0619,p1498,1,0.827636
p0619,p0746,2,0.780845
p0619,p0878,3,0.779284
p0619,p1140,4,0.773800
p0619,p0638,5,0.770114
p0620,p0622,1,0.863355
p0620,p0729,2,0.861474
p0620,p0663,3,0.860921
p0620,p1555,4,0.858017
p0620,p0037,5,0.856034
p0621,p1060,1,0.851307
p0621,p0005,2,0.832769
p0621,p1061,3,0.827856
p0621,p0620,4,0.826145
p0621,p1508,5,0.823119
p0622,p0620,1,0.863355
p0622,p1070,2,0.842502
p0622,p0013,3,0.839911
p0622,p0841,4,0.834200
p0622,p0654,5,0.830812
p0623,p0730,1,0.854603
p0623,p0667,2,0.830002
p0623,p0749,3,0.827632
p0623,p0634,4,0.823277
p0623,p0755,5,0.799411
p0624,p0750,1,0.929897
p0624,p0698,2,0.909110
p0624,p0563,3,0.861113
p0624,p0627,4,0.836818
p0624,p0641,5,0.832240
p0625,p0626,1,0.781364
p0625,p0564,2,0.764144
p0625,p0643,3,0.717230
p0625,p0495,4,0.671883
p0625,p0561,5,0.665083
p0626,p0643,1,0.859142
p0626,p0558,2,0.850294
p0626,p0564,3,0.848675
p0626,p0495,4,0.831564
p0626,p0625,5,0.781364
p0627,p0658,1,0.977382
p0627,p0666,2,0.957636
p0627,p0594,3,0.947573
p0627,p0545,4,0.946967
p0627,p0538,5,0.937359
p0628,p0572,1,0.873888
p0628,p0669,2,0.870106
p0628,p0688,3,0.870025
p0628,p0629,4,0.866376
p0628,p0734,5,0.863494
p0629,p0732,1,0.931796
p0629,p0670,2,0.929349
p0629,p0546,3,0.889313
p0629,p0661,4,0.888417
p0629,p0734,5,0.888303
p0630,p0611,1,0.941538
p0630,p0647,2,0.835726
p0630,p0669,3,0.834538
p0630,p0731,4,0.834480
p0630,p0684,5,0.833446
p0631,p0572,1,0.858273
p0631,p0570,2,0.854405
p0631,p0688,3,0.844710
p0631,p0540,4,0.842573
p0631,p0573,5,0.840464
p0632,p0755,1,0.980186
p0632,p0735,2,0.976677
p0632,p0672,3,0.938208
p0632,p0667,4,0.920741
p0632,p0633,5,0.919305
p0633,p0674,1,0.942894
p0633,p0667,2,0.921236
p0633,p0632,3,0.919305
p0633,p0738,4,0.918810
p0633,p0755,5,0.918224
p0634,p0612,1,0.933747
p0634,p0679,2,0.890300
p0634,p0730,3,0.866020
p0634,p0736,4,0.864122
p0634,p0673,5,0.862066
p0635,p0616,1,0.982345
p0635,p0615,2,0.898344
p0635,p0752,3,0.873152
p0635,p0611,4,0.867741
p0635,p0640,5,0.857650
p0636,p0639,1,0.903015
p0636,p0605,2,0.873551
p0636,p0553,3,0.871564
p0636,p1335,4,0.864365
p0636,p0649,5,0.860052
p0637,p0638,1,0.884146
p0637,p1082,2,0.861306
p0637,p1555,3,0.860652
p0637,p1268,4,0.860121
p0637,p0636,5,0.855851
p0638,p0637,1,0.884146
p0638,p1670,2,0.874474
p0638,p0649,3,0.868377
p0638,p0926,4,0.863535
p0638,p1205,5,0.863023
p0639,p0636,1,0.903015
p0639,p0553,2,0.870341
p0639,p0399,3,0.856524
p0639,p0663,4,0.851187
p0639,p0579,5,0.845692
p0640,p0667,1,0.870320
p0640,p0555,2,0.868321
p0640,p0742,3,0.867913
p0640,p0525,4,0.862639
p0640,p0549,5,0.860714
p0641,p0562,1,0.980286
p0641,p0559,2,0.901344
p0641,p0542,3,0.858737
p0641,p0539,4,0.856067
p0641,p0697,5,0.850302
p0642,p0647,1,0.846886
p0642,p0645,2,0.845871
p0642,p0634,3,0.835947
p0642,p0736,4,0.824391
p0642,p0673,5,0.823580
p0643,p0564,1,0.966281
p0643,p0558,2,0.932434
p0643,p0626,3,0.859142
p0643,p0561,4,0.858848
p0643,p0562,5,0.848590
p0644,p0556,1,0.867280
p0644,p0559,2,0.853636
p0644,p0609,3,0.853477
p0644,p0676,4,0.848566
p0644,p0613,5,0.839922
p0645,p0642,1,0.845871
p0645,p0703,2,0.843996
p0645,p0647,3,0.840628
p0645,p0646,4,0.839736
p0645,p0699,5,0.823974
p0646,p0633,1,0.872931
p0646,p0752,2,0.861648
p0646,p0674,3,0.859294
p0646,p0640,4,0.855875
p0646,p0742,5,0.853924
p0647,p0739,1,0.876547
p0647,p0611,2,0.856148
p0647,p0646,3,0.852849
p0647,p0737,4,0.849999
p0647,p0642,5,0.846886
p0648,p1121,1,0.824242
p0648,p1104,2,0.818408
p0648,p0784,3,0.809443
p0648,p0574,4,0.808454
p0648,p0515,5,0.803288
p0649,p0567,1,0.914953
p0649,p0663,2,0.907480
p0649,p1116,3,0.886469
p0649,p0574,4,0.883491
p0649,p0605,5,0.875268
p0650,p1111,1,0.815021
p0650,p1104,2,0.814364
p0650,p0044,3,0.808697
p0650,p1110,4,0.799511
p0650,p1109,5,0.797668
p0651,p0989,1,0.772062
p0651,p1111,2,0.767092
p0651,p0652,3,0.766557
p0651,p1597,4,0.763976
p0651,p0648,5,0.752335
p0652,p0578,1,0.835617
p0652,p0714,2,0.827933
p0652,p0821,3,0.825354
p0652,p0712,4,0.823340
p0652,p0709,5,0.813621
p0653,p0536,1,0.860495
p0653,p0577,2,0.854317
p0653,p0097,3,0.843762
p0653,p0077,4,0.843616
p0653,p0397,5,0.843047
p0654,p0579,1,0.968207
p0654,p0580,2,0.895422
p0654,p0729,3,0.879598
p0654,p0448,4,0.865867
p0654,p1656,5,0.862924
p0655,p0659,1,0.987878
p0655,p0583,2,0.890394
p0655,p0609,3,0.885889
p0655,p0559,4,0.880222
p0655,p0584,5,0.878539
p0656,p0587,1,0.998118
p0656,p0722,2,0.979471
p0656,p0510,3,0.936134
p0656,p0584,4,0.928488
p0656,p0725,5,0.927235
p0657,p0588,1,0.974983
p0657,p0585,2,0.912766
p0657,p0723,3,0.907823
p0657,p0530,4,0.895771
p0657,p0528,5,0.892120
p0658,p0627,1,0.977382
p0658,p0594,2,0.962423
p0658,p0538,3,0.945208
p0658,p0569,4,0.941746
p0658,p0505,5,0.940640
p0659,p0655,1,0.987878
p0659,p0609,2,0.888740
p0659,p0583,3,0.872022
p0659,p0586,4,0.861856
p0659,p0584,5,0.860386
p0660,p0758,1,0.999287
p0660,p0596,2,0.988088
p0660,p0613,3,0.987873
p0660,p0676,4,0.985208
p0660,p0656,5,0.895375
p0661,p0598,1,0.948680
p0661,p0548,2,0.940470
p0661,p0549,3,0.935803
p0661,p0678,4,0.932147
p0661,p0742,5,0.906741
p0662,p0665,1,0.895769
p0662,p0663,2,0.877297
p0662,p0664,3,0.869805
p0662,p0729,4,0.862915
p0662,p0654,5,0.861428
p0663,p0649,1,0.907480
p0663,p0728,2,0.899419
p0663,p0554,3,0.896666
p0663,p0399,4,0.884696
p0663,p1035,5,0.881076
p0664,p1509,1,0.871160
p0664,p0665,2,0.871071
p0664,p0662,3,0.869805
p0664,p1230,4,0.868692
p0664,p1085,5,0.866661
p0665,p0729,1,0.900597
p0665,p0662,2,0.895769
p0665,p0408,3,0.888419
p0665,p1085,4,0.882654
p0665,p1509,5,0.882307
p0666,p0627,1,0.957636
p0666,p0658,2,0.939618
p0666,p0545,3,0.930867
p0666,p0594,4,0.919854
p0666,p0538,5,0.908714
p0667,p0735,1,0.943790
p0667,p0730,2,0.937991
p0667,p0755,3,0.926787
p0667,p0633,4,0.921236
p0667,p0632,5,0.920741
p0668,p0508,1,0.997696
p0668,p0597,2,0.906199
p0668,p0527,3,0.905512
p0668,p0166,4,0.806718
p0668,p0413,5,0.805771
p0669,p0731,1,0.930218
p0669,p0730,2,0.892673
p0669,p0530,3,0.890694
p0669,p0661,4,0.886362
p0669,p0611,5,0.884821
p0670,p0732,1,0.965865
p0670,p0629,2,0.929349
p0670,p0743,3,0.896092
p0670,p0671,4,0.893139
p0670,p0733,5,0.879706
p0671,p0733,1,0.995353
p0671,p0679,2,0.924312
p0671,p0732,3,0.897531
p0671,p0670,4,0.893139
p0671,p0743,5,0.882708
p0672,p0735,1,0.956792
p0672,p0632,2,0.938208
p0672,p0755,3,0.934529
p0672,p0734,4,0.919681
p0672,p0730,5,0.913349
p0673,p0756,1,0.990848
p0673,p0737,2,0.945623
p0673,p0736,3,0.945617
p0673,p0677,4,0.931152
p0673,p0742,5,0.925438
p0674,p0738,1,0.982617
p0674,p0757,2,0.973779
p0674,p0633,3,0.942894
p0674,p0677,4,0.938921
p0674,p0742,5,0.938175
p0675,p0740,1,0.979670
p0675,p0678,2,0.903995
p0675,p0614,3,0.890691
p0675,p0742,4,0.871327
p0675,p0759,5,0.867531
p0676,p0660,1,0.985208
p0676,p0758,2,0.985106
p0676,p0613,3,0.976027
p0676,p0596,4,0.975427
p0676,p0741,5,0.907811
p0677,p0742,1,0.946520
p0677,p0674,2,0.938921
p0677,p0673,3,0.931152
p0677,p0738,4,0.930925
p0677,p0756,5,0.929193
p0678,p0661,1,0.932147
p0678,p0614,2,0.910086
p0678,p0742,3,0.904510
p0678,p0675,4,0.903995
p0678,p0740,5,0.903757
p0679,p0733,1,0.939730
p0679,p0671,2,0.924312
p0679,p0634,3,0.890300
p0679,p0743,4,0.843501
p0679,p0736,5,0.836980
p0680,p0681,1,0.915301
p0680,p0714,2,0.896232
p0680,p1232,3,0.877226
p0680,p0827,4,0.871150
p0680,p1329,5,0.868088
p0681,p0680,1,0.915301
p0681,p0714,2,0.891382
p0681,p0828,3,0.877596
p0681,p0821,4,0.871268
p0681,p1329,5,0.860533
p0682,p0680,1,0.860300
p0682,p0681,2,0.855801
p0682,p0554,3,0.850804
p0682,p0691,4,0.850651
p0682,p0532,5,0.846744
p0683,p0686,1,0.990666
p0683,p0685,2,0.903571
p0683,p0689,3,0.896255
p0683,p0688,4,0.868737
p0683,p0721,5,0.861078
p0684,p0592,1,0.894455
p0684,p0716,2,0.878615
p0684,p0590,3,0.878040
p0684,p0721,4,0.864689
p0684,p0593,5,0.853182
p0685,p0689,1,0.964237
p0685,p0721,2,0.932925
p0685,p0686,3,0.930553
p0685,p0688,4,0.925953
p0685,p0590,5,0.920228
p0686,p0683,1,0.990666
p0686,p0685,2,0.930553
p0686,p0689,3,0.920242
p0686,p0688,4,0.890324
p0686,p0590,5,0.889900
p0687,p0719,1,0.957466
p0687,p0688,2,0.934835
p0687,p0689,3,0.934809
p0687,p0721,4,0.912858
p0687,p0571,5,0.905724
p0688,p0689,1,0.949537
p0688,p0540,2,0.945676
p0688,p0687,3,0.934835
p0688,p0719,4,0.934520
p0688,p0685,5,0.925953
p0689,p0685,1,0.964237
p0689,p0688,2,0.949537
p0689,p0719,3,0.936446
p0689,p0687,4,0.934809
p0689,p0721,5,0.928210
p0690,p1335,1,0.869842
p0690,p1344,2,0.868405
p0690,p1178,3,0.853506
p0690,p0691,4,0.841788
p0690,p0763,5,0.840142
p0691,p0921,1,0.863574
p0691,p0763,2,0.853304
p0691,p0912,3,0.852125
p0691,p0682,4,0.850651
p0691,p0636,5,0.848905
p0692,p1695,1,0.838209
p0692,p1123,2,0.837234
p0692,p0013,3,0.835303
p0692,p0045,4,0.833843
p0692,p0460,5,0.831631
p0693,p0637,1,0.831789
p0693,p1184,2,0.807313
p0693,p1136,3,0.802713
p0693,p1351,4,0.802557
p0693,p0690,5,0.801755
p0694,p0691,1,0.847081
p0694,p0553,2,0.844431
p0694,p0690,3,0.830240
p0694,p1116,4,0.826806
p0694,p0636,5,0.820948
p0695,p0694,1,0.784505
p0695,p1560,2,0.769361
p0695,p0468,3,0.764559
p0695,p0462,4,0.748726
p0695,p1399,5,0.745944
p0696,p0543,1,0.880494
p0696,p0699,2,0.852775
p0696,p0544,3,0.819852
p0696,p0640,4,0.814269
p0696,p0667,5,0.810889
p0697,p0701,1,0.999309
p0697,p0542,2,0.880767
p0697,p0539,3,0.875820
p0697,p0658,4,0.871868
p0697,p0559,5,0.871304
p0698,p0750,1,0.953578
p0698,p0624,2,0.909110
p0698,p0563,3,0.903053
p0698,p0644,4,0.823044
p0698,p0702,5,0.819920
p0699,p0704,1,0.899943
p0699,p0703,2,0.874503
p0699,p0543,3,0.874374
p0699,p0544,4,0.858242
p0699,p0696,5,0.852775
p0700,p0646,1,0.852151
p0700,p0699,2,0.849709
p0700,p0647,3,0.841442
p0700,p0704,4,0.825986
p0700,p0544,5,0.809624
p0701,p0697,1,0.999309
p0701,p0542,2,0.874915
p0701,p0539,3,0.872948
p0701,p0658,4,0.871349
p0701,p0559,5,0.867216
p0702,p0698,1,0.819920
p0702,p0524,2,0.806753
p0702,p0053,3,0.804968
p0702,p0526,4,0.799319
p0702,p0627,5,0.794931
p0703,p0699,1,0.874503
p0703,p0543,2,0.865565
p0703,p0704,3,0.860235
p0703,p0544,4,0.854439
p0703,p0705,5,0.848229
p0704,p0699,1,0.899943
p0704,p0703,2,0.860235
p0704,p0705,3,0.847939
p0704,p0700,4,0.825986
p0704,p0647,5,0.784252
p0705,p0703,1,0.848229
p0705,p0704,2,0.847939
p0705,p0699,3,0.795647
p0705,p0700,4,0.749393
p0705,p0647,5,0.736859
p0706,p0707,1,0.846555
p0706,p0708,2,0.798699
p0706,p0826,3,0.787714
p0706,p0813,4,0.773306
p0706,p1233,5,0.772722
p0707,p0706,1,0.846555
p0707,p1119,2,0.829565
p0707,p0813,3,0.804821
p0707,p0796,4,0.793181
p0707,p0812,5,0.791319
p0708,p0715,1,0.848167
p0708,p0829,2,0.844073
p0708,p0820,3,0.840058
p0708,p0713,4,0.839804
p0708,p0796,5,0.830459
p0709,p0714,1,0.893833
p0709,p0821,2,0.882891
p0709,p0518,3,0.860373
p0709,p0577,4,0.859004
p0709,p0500,5,0.858534
p0710,p0714,1,0.889209
p0710,p0516,2,0.886501
p0710,p0578,3,0.873898
p0710,p0712,4,0.867237
p0710,p0515,5,0.863801
p0711,p0502,1,0.877027
p0711,p0499,2,0.861104
p0711,p0533,3,0.853767
p0711,p0500,4,0.848808
p0711,p1308,5,0.847762
p0712,p0714,1,0.921222
p0712,p0710,2,0.867237
p0712,p0709,3,0.854357
p0712,p0803,4,0.849894
p0712,p0578,5,0.849269
p0713,p0516,1,0.858420
p0713,p0708,2,0.839804
p0713,p0714,3,0.839278
p0713,p0710,4,0.837544
p0713,p0715,5,0.833168
p0714,p0712,1,0.921222
p0714,p0828,2,0.904892
p0714,p0680,3,0.896232
p0714,p0709,4,0.893833
p0714,p0681,5,0.891382
p0715,p0576,1,0.914981
p0715,p0714,2,0.883208
p0715,p0829,3,0.871765
p0715,p0575,4,0.868470
p0715,p0823,5,0.866367
p0716,p0590,1,0.896631
p0716,p0684,2,0.878615
p0716,p0721,3,0.870103
p0716,p0724,4,0.855845
p0716,p0689,5,0.854609
p0717,p0584,1,0.916489
p0717,p0506,2,0.912663
p0717,p0725,3,0.912039
p0717,p0545,4,0.904436
p0717,p0666,5,0.902746
p0718,p0585,1,0.968281
p0718,p0588,2,0.911872
p0718,p0657,3,0.889453
p0718,p0723,4,0.888907
p0718,p0592,5,0.856021
p0719,p0687,1,0.957466
p0719,p0689,2,0.936446
p0719,p0688,3,0.934520
p0719,p0721,4,0.933374
p0719,p0512,5,0.923386
p0720,p0510,1,0.907759
p0720,p0538,2,0.906195
p0720,p0587,3,0.900464
p0720,p0506,4,0.900412
p0720,p0584,5,0.899706
p0721,p0724,1,0.941288
p0721,p0719,2,0.933374
p0721,p0685,3,0.932925
p0721,p0689,4,0.928210
p0721,p0688,5,0.923690
p0722,p0656,1,0.979471
p0722,p0587,2,0.975581
p0722,p0510,3,0.923380
p0722,p0725,4,0.921043
p0722,p0584,5,0.902441
p0723,p0588,1,0.925653
p0723,p0724,2,0.923729
p0723,p0657,3,0.907823
p0723,p0721,4,0.901863
p0723,p0718,5,0.888907
p0724,p0721,1,0.941288
p0724,p0723,2,0.923729
p0724,p0685,3,0.887092
p0724,p0689,4,0.864637
p0724,p0588,5,0.859519
p0725,p0509,1,0.940085
p0725,p0506,2,0.939514
p0725,p0587,3,0.927433
p0725,p0656,4,0.927235
p0725,p0584,5,0.927205
p0726,p0618,1,0.819183
p0726,p1528,2,0.817904
p0726,p0638,3,0.814042
p0726,p0958,4,0.808964
p0726,p0637,5,0.808516
p0727,p0002,1,0.774204
p0727,p1443,2,0.752602
p0727,p0726,3,0.748061
p0727,p1219,4,0.741966
p0727,p1440,5,0.741533
p0728,p0663,1,0.899419
p0728,p1546,2,0.872007
p0728,p0926,3,0.867033
p0728,p0986,4,0.852401
p0728,p0649,5,0.851400
p0729,p0665,1,0.900597
p0729,p1085,2,0.887499
p0729,p1509,3,0.886044
p0729,p1059,4,0.882141
p0729,p0654,5,0.879598
p0730,p0734,1,0.960351
p0730,p0667,2,0.937991
p0730,p0672,3,0.913349
p0730,p0735,4,0.911344
p0730,p0755,5,0.896072
p0731,p0669,1,0.930218
p0731,p0572,2,0.897283
p0731,p0688,3,0.884822
p0731,p0719,4,0.867934
p0731,p0540,5,0.865220
p0732,p0670,1,0.965865
p0732,p0743,2,0.941428
p0732,p0629,3,0.931796
p0732,p0671,4,0.897531
p0732,p0733,5,0.886786
p0733,p0671,1,0.995353
p0733,p0679,2,0.939730
p0733,p0732,3,0.886786
p0733,p0670,4,0.879706
p0733,p0743,5,0.875390
p0734,p0730,1,0.960351
p0734,p0672,2,0.919681
p0734,p0743,3,0.914292
p0734,p0667,4,0.906476
p0734,p0735,5,0.904823
p0735,p0755,1,0.980259
p0735,p0632,2,0.976677
p0735,p0672,3,0.956792
p0735,p0667,4,0.943790
p0735,p0730,5,0.911344
p0736,p0673,1,0.945617
p0736,p0756,2,0.924750
p0736,p0755,3,0.897344
p0736,p0677,4,0.891450
p0736,p0632,5,0.889507
p0737,p0756,1,0.951015
p0737,p0673,2,0.945623
p0737,p0759,3,0.928673
p0737,p0742,4,0.906681
p0737,p0677,5,0.900627
p0738,p0674,1,0.982617
p0738,p0757,2,0.978570
p0738,p0677,3,0.930925
p0738,p0633,4,0.918810
p0738,p0742,5,0.915325
p0739,p0735,1,0.904044
p0739,p0755,2,0.886636
p0739,p0667,3,0.883143
p0739,p0672,4,0.880805
p0739,p0530,5,0.878795
p0740,p0675,1,0.979670
p0740,p0678,2,0.903757
p0740,p0614,3,0.871263
p0740,p0742,4,0.865222
p0740,p0661,5,0.859273
p0741,p0676,1,0.907811
p0741,p0589,2,0.907762
p0741,p0595,3,0.903100
p0741,p0660,4,0.895179
p0741,p0583,5,0.894846
p0742,p0677,1,0.946520
p0742,p0614,2,0.942180
p0742,p0674,3,0.938175
p0742,p0759,4,0.934724
p0742,p0673,5,0.925438
p0743,p0732,1,0.941428
p0743,p0734,2,0.914292
p0743,p0672,3,0.898886
p0743,p0670,4,0.896092
p0743,p0730,5,0.885429
p0744,p0599,1,0.906862
p0744,p0634,2,0.833773
p0744,p0678,3,0.822779
p0744,p0661,4,0.809386
p0744,p0669,5,0.805887
p0745,p1647,1,0.828724
p0745,p0638,2,0.798849
p0745,p0747,3,0.795592
p0745,p1132,4,0.793537
p0745,p0748,5,0.790393
p0746,p1254,1,0.848206
p0746,p0618,2,0.846087
p0746,p1515,3,0.832579
p0746,p1538,4,0.830688
p0746,p1528,5,0.829546
p0747,p1647,1,0.829343
p0747,p0618,2,0.800423
p0747,p0746,3,0.799213
p0747,p0745,4,0.795592
p0747,p1042,5,0.795003
p0748,p1524,1,0.881936
p0748,p0663,2,0.855128
p0748,p1656,3,0.854792
p0748,p1515,4,0.849580
p0748,p1259,5,0.844371
p0749,p0751,1,0.877003
p0749,p0667,2,0.860223
p0749,p0754,3,0.858423
p0749,p0611,4,0.846542
p0749,p0752,5,0.846227
p0750,p0698,1,0.953578
p0750,p0624,2,0.929897
p0750,p0563,3,0.912247
p0750,p0753,4,0.794997
p0750,p0524,5,0.793336
p0751,p0752,1,0.915690
p0751,p0749,2,0.877003
p0751,p0633,3,0.872848
p0751,p0754,4,0.868611
p0751,p0757,5,0.861343
p0752,p0751,1,0.915690
p0752,p0633,2,0.913794
p0752,p0742,3,0.904122
p0752,p0674,4,0.903577
p0752,p0757,5,0.891780
p0753,p0644,1,0.814787
p0753,p0556,2,0.805624
p0753,p0643,3,0.796698
p0753,p0750,4,0.794997
p0753,p0564,5,0.785996
p0754,p0752,1,0.877647
p0754,p0751,2,0.868611
p0754,p0749,3,0.858423
p0754,p0635,4,0.830777
p0754,p0646,5,0.828166
p0755,p0735,1,0.980259
p0755,p0632,2,0.980186
p0755,p0672,3,0.934529
p0755,p0667,4,0.926787
p0755,p0633,5,0.918224
p0756,p0673,1,0.990848
p0756,p0737,2,0.951015
p0756,p0759,3,0.930806
p0756,p0677,4,0.929193
p0756,p0736,5,0.924750
p0757,p0738,1,0.978570
p0757,p0674,2,0.973779
p0757,p0677,3,0.922592
p0757,p0742,4,0.903529
p0757,p0633,5,0.896659
p0758,p0660,1,0.999287
p0758,p0596,2,0.988339
p0758,p0613,3,0.988274
p0758,p0676,4,0.985106
p0758,p0656,5,0.894757
p0759,p0742,1,0.934724
p0759,p0756,2,0.930806
p0759,p0737,3,0.928673
p0759,p0614,4,0.922509
p0759,p0673,5,0.921034
p0760,p0504,1,0.934196
p0760,p0591,2,0.740111
p0760,p0260,3,0.716988
p0760,p0098,4,0.711089
p0760,p0184,5,0.711017
p0761,p1710,1,0.837711
p0761,p0764,2,0.824153
p0761,p1163,3,0.818171
p0761,p0769,4,0.818075
p0761,p1306,5,0.817438
p0762,p1561,1,0.721864
p0762,p1563,2,0.705815
p0762,p1683,3,0.692634
p0762,p1384,4,0.686281
p0762,p1338,5,0.676759
p0763,p1344,1,0.887088
p0763,p1382,2,0.856526
p0763,p1178,3,0.856100
p0763,p1086,4,0.853429
p0763,p0691,5,0.853304
p0764,p0766,1,0.883064
p0764,p1642,2,0.877215
p0764,p1710,3,0.873099
p0764,p0567,4,0.872447
p0764,p0521,5,0.870237
p0765,p0766,1,0.893910
p0765,p1673,2,0.890759
p0765,p0772,3,0.876107
p0765,p1642,4,0.874735
p0765,p0051,5,0.871628
p0766,p1642,1,0.901052
p0766,p0765,2,0.893910
p0766,p1710,3,0.891790
p0766,p0554,4,0.887970
p0766,p0764,5,0.883064
p0767,p1542,1,0.875021
p0767,p1092,2,0.871442
p0767,p0774,3,0.869437
p0767,p1111,4,0.867458
p0767,p1548,5,0.865920
p0768,p0772,1,0.834855
p0768,p1662,2,0.825423
p0768,p0764,3,0.823232
p0768,p0798,4,0.821818
p0768,p0826,5,0.821735
p0769,p1223,1,0.880280
p0769,p1163,2,0.869489
p0769,p1548,3,0.866989
p0769,p0517,4,0.865704
p0769,p1432,5,0.864188
p0770,p1513,1,0.827127
p0770,p0772,2,0.821032
p0770,p0775,3,0.808958
p0770,p1223,4,0.808888
p0770,p1561,5,0.797460
p0771,p0792,1,0.687995
p0771,p0794,2,0.681257
p0771,p1119,3,0.674210
p0771,p0790,4,0.669115
p0771,p1584,5,0.663806
p0772,p1459,1,0.884191
p0772,p0765,2,0.876107
p0772,p1673,3,0.874530
p0772,p0517,4,0.860897
p0772,p1311,5,0.859649
p0773,p1092,1,0.853728
p0773,p0769,2,0.836513
p0773,p1099,3,0.832726
p0773,p1369,4,0.831124
p0773,p0767,5,0.829133
p0774,p0767,1,0.869437
p0774,p1223,2,0.861478
p0774,p0517,3,0.838053
p0774,p0978,4,0.832886
p0774,p0775,5,0.825547
p0775,p1541,1,0.886934
p0775,p1311,2,0.856509
p0775,p0517,3,0.853235
p0775,p0772,4,0.836504
p0775,p1679,5,0.832460
p0776,p0533,1,0.869923
p0776,p1329,2,0.836184
p0776,p1293,3,0.825866
p0776,p0825,4,0.823922
p0776,p0534,5,0.821966
p0777,p1674,1,0.787784
p0777,p1649,2,0.780667
p0777,p1411,3,0.765016
p0777,p1313,4,0.763777
p0777,p1329,5,0.757257
p0778,p0795,1,0.891997
p0778,p0780,2,0.889218
p0778,p0811,3,0.887169
p0778,p0793,4,0.874303
p0778,p0803,5,0.872253
p0779,p1305,1,0.897403
p0779,p0804,2,0.889092
p0779,p0825,3,0.885386
p0779,p0832,4,0.884682
p0779,p1457,5,0.881586
p0780,p0795,1,0.894538
p0780,p0778,2,0.889218
p0780,p1016,3,0.885687
p0780,p0785,4,0.884430
p0780,p0786,5,0.881471
p0781,p0811,1,0.917244
p0781,p0778,2,0.849681
p0781,p0795,3,0.837301
p0781,p1457,4,0.830657
p0781,p0772,5,0.822032
p0782,p1530,1,0.864942
p0782,p1710,2,0.852649
p0782,p1412,3,0.845697
p0782,p1634,4,0.838765
p0782,p1221,5,0.838441
p0783,p0867,1,0.806335
p0783,p0868,2,0.806055
p0783,p1031,3,0.796458
p0783,p1002,4,0.770493
p0783,p0921,5,0.770371
p0784,p1096,1,0.878065
p0784,p1119,2,0.851138
p0784,p0813,3,0.828432
p0784,p0715,4,0.823502
p0784,p1012,5,0.822859
p0785,p0780,1,0.884430
p0785,p0795,2,0.873085
p0785,p0827,3,0.865996
p0785,p1016,4,0.863011
p0785,p0575,5,0.862170
p0786,p0804,1,0.901972
p0786,p0827,2,0.893418
p0786,p0823,3,0.884212
p0786,p0780,4,0.881471
p0786,p1305,5,0.881284
p0787,p0811,1,0.818092
p0787,p1456,2,0.791345
p0787,p0816,3,0.781342
p0787,p0795,4,0.758022
p0787,p0780,5,0.743566
p0788,p0781,1,0.717175
p0788,p0791,2,0.712993
p0788,p0802,3,0.708157
p0788,p0529,4,0.688672
p0788,p0810,5,0.682574
p0789,p0780,1,0.851685
p0789,p0823,2,0.844382
p0789,p0778,3,0.842479
p0789,p0795,4,0.840726
p0789,p0791,5,0.839628
p0790,p0809,1,0.874183
p0790,p1119,2,0.871804
p0790,p0792,3,0.870504
p0790,p0795,4,0.867010
p0790,p0780,5,0.863342
p0791,p0792,1,0.880863
p0791,p0795,2,0.879980
p0791,p0780,3,0.859776
p0791,p0810,4,0.858692
p0791,p0811,5,0.848984
p0792,p1119,1,0.894093
p0792,p0791,2,0.880863
p0792,p0790,3,0.870504
p0792,p0780,4,0.855573
p0792,p0809,5,0.848575
p0793,p0795,1,0.879934
p0793,p0778,2,0.874303
p0793,p0780,3,0.856282
p0793,p1410,4,0.847592
p0793,p0798,5,0.839963
p0794,p0804,1,0.850767
p0794,p0786,2,0.841300
p0794,p1408,3,0.829916
p0794,p0828,4,0.819531
p0794,p0790,5,0.818679
p0795,p0780,1,0.894538
p0795,p0778,2,0.891997
p0795,p0811,3,0.881946
p0795,p0791,4,0.879980
p0795,p0793,5,0.879934
p0796,p1231,1,0.849305
p0796,p0829,2,0.845049
p0796,p0575,3,0.834434
p0796,p0708,4,0.830459
p0796,p0798,5,0.829096
p0797,p0823,1,0.871919
p0797,p1299,2,0.845237
p0797,p0827,3,0.845135
p0797,p0804,4,0.844748
p0797,p1016,5,0.837181
p0798,p0823,1,0.863715
p0798,p0790,2,0.855906
p0798,p0829,3,0.845155
p0798,p0793,4,0.839963
p0798,p0778,5,0.836363
p0799,p1175,1,0.857007
p0799,p1012,2,0.824057
p0799,p0574,3,0.807710
p0799,p0784,4,0.792140
p0799,p0826,5,0.788965
p0800,p1009,1,0.802879
p0800,p1108,2,0.800222
p0800,p0982,3,0.791919
p0800,p1683,4,0.791278
p0800,p1122,5,0.782456
p0801,p0832,1,0.835827
p0801,p0772,2,0.831091
p0801,p1455,3,0.819981
p0801,p1313,4,0.819064
p0801,p0816,5,0.818217
p0802,p1305,1,0.841576
p0802,p0779,2,0.840631
p0802,p0967,3,0.824537
p0802,p1298,4,0.820903
p0802,p0804,5,0.810040
p0803,p0827,1,0.877193
p0803,p0778,2,0.872253
p0803,p0714,3,0.865113
p0803,p0828,4,0.863320
p0803,p0823,5,0.861606
p0804,p0825,1,0.904053
p0804,p1457,2,0.902098
p0804,p0786,3,0.901972
p0804,p0823,4,0.891114
p0804,p1294,5,0.889648
p0805,p0895,1,0.839728
p0805,p1318,2,0.838285
p0805,p0903,3,0.835711
p0805,p1311,4,0.832557
p0805,p1678,5,0.830004
p0806,p0768,1,0.818491
p0806,p0824,2,0.803113
p0806,p0815,3,0.777719
p0806,p0798,4,0.776135
p0806,p0813,5,0.772660
p0807,p0798,1,0.786765
p0807,p0576,2,0.775756
p0807,p0715,3,0.763286
p0807,p1015,4,0.755042
p0807,p0768,5,0.739072
p0808,p0775,1,0.779276
p0808,p0798,2,0.767820
p0808,p0802,3,0.757535
p0808,p1541,4,0.744238
p0808,p0816,5,0.743804
p0809,p0790,1,0.874183
p0809,p0786,2,0.867914
p0809,p0516,3,0.862429
p0809,p1092,4,0.858096
p0809,p1016,5,0.852198
p0810,p0795,1,0.860591
p0810,p0791,2,0.858692
p0810,p0832,3,0.839961
p0810,p0816,4,0.836158
p0810,p1016,5,0.835653
p0811,p0781,1,0.917244
p0811,p0778,2,0.887169
p0811,p0795,3,0.881946
p0811,p0816,4,0.875054
p0811,p1457,5,0.866131
p0812,p0793,1,0.816161
p0812,p0768,2,0.795401
p0812,p0813,3,0.794934
p0812,p0784,4,0.794072
p0812,p0707,5,0.791319
p0813,p0784,1,0.828432
p0813,p0707,2,0.804821
p0813,p0812,3,0.794934
p0813,p0826,4,0.787783
p0813,p0796,5,0.785306
p0814,p1296,1,0.838264
p0814,p1292,2,0.813689
p0814,p0797,3,0.788423
p0814,p0802,4,0.784272
p0814,p0779,5,0.780494
p0815,p0785,1,0.805863
p0815,p0784,2,0.805239
p0815,p1013,3,0.801920
p0815,p0768,4,0.782031
p0815,p0767,5,0.780846
p0816,p0832,1,0.892994
p0816,p1455,2,0.876626
p0816,p0780,3,0.875685
p0816,p0811,4,0.875054
p0816,p0778,5,0.868785
p0817,p1431,1,0.834540
p0817,p1443,2,0.819113
p0817,p1707,3,0.815344
p0817,p1447,4,0.811940
p0817,p1123,5,0.808607
p0818,p0051,1,0.828424
p0818,p0076,2,0.828009
p0818,p0049,3,0.807689
p0818,p0081,4,0.806006
p0818,p1450,5,0.801958
p0819,p1455,1,0.912508
p0819,p1459,2,0.878589
p0819,p1300,3,0.871161
p0819,p1232,4,0.861735
p0819,p1302,5,0.851315
p0820,p0708,1,0.840058
p0820,p0829,2,0.778589
p0820,p1231,3,0.778194
p0820,p0793,4,0.769868
p0820,p0706,5,0.767134
p0821,p0714,1,0.890451
p0821,p0578,2,0.886541
p0821,p0709,3,0.882891
p0821,p0681,4,0.871268
p0821,p0577,5,0.868437
p0822,p1450,1,0.827539
p0822,p0304,2,0.729989
p0822,p0093,3,0.723111
p0822,p0281,4,0.711377
p0822,p0204,5,0.707305
p0823,p0827,1,0.912153
p0823,p0825,2,0.910845
p0823,p1016,3,0.904974
p0823,p0804,4,0.891114
p0823,p1232,5,0.887658
p0824,p0806,1,0.803113
p0824,p0795,2,0.801654
p0824,p0799,3,0.783139
p0824,p0768,4,0.781600
p0824,p0796,5,0.781275
p0825,p0832,1,0.915471
p0825,p0823,2,0.910845
p0825,p0804,3,0.904053
p0825,p1455,4,0.898376
p0825,p1453,5,0.892269
p0826,p0710,1,0.857291
p0826,p0714,2,0.851718
p0826,p0577,3,0.844218
p0826,p0516,4,0.843583
p0826,p0715,5,0.837973
p0827,p0823,1,0.912153
p0827,p1016,2,0.896300
p0827,p0786,3,0.893418
p0827,p0825,4,0.887748
p0827,p1459,5,0.883340
p0828,p0714,1,0.904892
p0828,p0827,2,0.878719
p0828,p0681,3,0.877596
p0828,p0832,4,0.877408
p0828,p1642,5,0.876836
p0829,p1016,1,0.880902
p0829,p1021,2,0.874522
p0829,p0715,3,0.871765
p0829,p0830,4,0.867862
p0829,p0823,5,0.865948
p0830,p1016,1,0.923699
p0830,p0823,2,0.872588
p0830,p0827,3,0.870768
p0830,p0834,4,0.870265
p0830,p0829,5,0.867862
p0831,p0967,1,0.899427
p0831,p0825,2,0.887946
p0831,p0832,3,0.883052
p0831,p1329,4,0.875750
p0831,p0827,5,0.869398
p0832,p0825,1,0.915471
p0832,p1457,2,0.895627
p0832,p0816,3,0.892994
p0832,p0779,4,0.884682
p0832,p0831,5,0.883052
p0833,p1461,1,0.913470
p0833,p1300,2,0.909636
p0833,p1295,3,0.894042
p0833,p0834,4,0.846790
p0833,p0830,5,0.824664
p0834,p0830,1,0.870265
p0834,p1234,2,0.869299
p0834,p1016,3,0.857702
p0834,p1461,4,0.851277
p0834,p0833,5,0.846790
p0835,p0842,1,0.907436
p0835,p0844,2,0.900443
p0835,p0839,3,0.874966
p0835,p0836,4,0.871643
p0835,p0837,5,0.856053
p0836,p0837,1,0.877480
p0836,p0843,2,0.876190
p0836,p0845,3,0.875085
p0836,p0835,4,0.871643
p0836,p0853,5,0.856581
p0837,p0836,1,0.877480
p0837,p0835,2,0.856053
p0837,p0842,3,0.843890
p0837,p0844,4,0.813294
p0837,p0853,5,0.811083
p0838,p0845,1,0.850418
p0838,p0843,2,0.812807
p0838,p0836,3,0.800030
p0838,p0860,4,0.790868
p0838,p1001,5,0.784017
p0839,p0835,1,0.874966
p0839,p0836,2,0.833542
p0839,p0842,3,0.832931
p0839,p0855,4,0.825118
p0839,p0853,5,0.814558
p0840,p0849,1,0.965251
p0840,p0847,2,0.963238
p0840,p0841,3,0.917293
p0840,p0851,4,0.824877
p0840,p0399,5,0.814792
p0841,p0847,1,0.933309
p0841,p0849,2,0.922317
p0841,p0840,3,0.917293
p0841,p0846,4,0.902818
p0841,p0848,5,0.902381
p0842,p0844,1,0.980200
p0842,p0835,2,0.907436
p0842,p0853,3,0.864608
p0842,p0855,4,0.863914
p0842,p0836,5,0.845304
p0843,p0845,1,0.963832
p0843,p0836,2,0.876190
p0843,p0998,3,0.863761
p0843,p0861,4,0.855094
p0843,p0853,5,0.852454
p0844,p0842,1,0.980200
p0844,p0835,2,0.900443
p0844,p0855,3,0.866249
p0844,p0853,4,0.864102
p0844,p0836,5,0.843515
p0845,p0843,1,0.963832
p0845,p0853,2,0.876110
p0845,p0836,3,0.875085
p0845,p0861,4,0.870227
p0845,p0998,5,0.864970
p0846,p0848,1,0.999932
p0846,p0850,2,0.927601
p0846,p0841,3,0.902818
p0846,p0500,4,0.878470
p0846,p0051,5,0.870227
p0847,p0849,1,0.995695
p0847,p0840,2,0.963238
p0847,p0841,3,0.933309
p0847,p0766,4,0.831647
p0847,p0415,5,0.828107
p0848,p0846,1,0.999932
p0848,p0850,2,0.927057
p0848,p0841,3,0.902381
p0848,p0500,4,0.877438
p0848,p1710,5,0.869710
p0849,p0847,1,0.995695
p0849,p0840,2,0.965251
p0849,p0841,3,0.922317
p0849,p0766,4,0.824606
p0849,p0851,5,0.821701
p0850,p0846,1,0.927601
p0850,p0848,2,0.927057
p0850,p1710,3,0.873229
p0850,p0841,4,0.869210
p0850,p1715,5,0.856565
p0851,p0841,1,0.865063
p0851,p0855,2,0.850244
p0851,p1254,3,0.838601
p0851,p0037,4,0.836720
p0851,p1028,5,0.835926
p0852,p0836,1,0.768204
p0852,p0863,2,0.762867
p0852,p0842,3,0.760947
p0852,p0864,4,0.753400
p0852,p0844,5,0.749501
p0853,p0855,1,0.948048
p0853,p0857,2,0.886589
p0853,p0845,3,0.876110
p0853,p0861,4,0.869677
p0853,p0842,5,0.864608
p0854,p0856,1,0.999729
p0854,p0998,2,0.834675
p0854,p0845,3,0.823633
p0854,p0843,4,0.823267
p0854,p0862,5,0.804540
p0855,p0853,1,0.948048
p0855,p0857,2,0.872846
p0855,p0844,3,0.866249
p0855,p0842,4,0.863914
p0855,p0845,5,0.853798
p0856,p0854,1,0.999729
p0856,p0998,2,0.833266
p0856,p0843,3,0.823538
p0856,p0845,4,0.822695
p0856,p0862,5,0.804946
p0857,p0853,1,0.886589
p0857,p0841,2,0.874963
p0857,p0855,3,0.872846
p0857,p1130,4,0.855888
p0857,p1247,5,0.844060
p0858,p0867,1,0.819768
p0858,p0868,2,0.819202
p0858,p0851,3,0.812308
p0858,p0863,4,0.806205
p0858,p0841,5,0.805132
p0859,p1413,1,0.772229
p0859,p1249,2,0.701745
p0859,p0880,3,0.691988
p0859,p0860,4,0.683228
p0859,p0885,5,0.678278
p0860,p0841,1,0.814988
p0860,p0845,2,0.809803
p0860,p0838,3,0.790868
p0860,p0858,4,0.769956
p0860,p0847,5,0.769657
p0861,p0862,1,0.884015
p0861,p0845,2,0.870227
p0861,p0853,3,0.869677
p0861,p0843,4,0.855094
p0861,p0998,5,0.843168
p0862,p0861,1,0.884015
p0862,p0998,2,0.849799
p0862,p0836,3,0.827023
p0862,p0865,4,0.823668
p0862,p0843,5,0.819813
p0863,p0841,1,0.823056
p0863,p0847,2,0.812930
p0863,p0849,3,0.812561
p0863,p0867,4,0.810441
p0863,p0868,5,0.808140
p0864,p0865,1,0.852062
p0864,p1416,2,0.845717
p0864,p0861,3,0.839956
p0864,p0843,4,0.832746
p0864,p0846,5,0.827977
p0865,p0864,1,0.852062
p0865,p0836,2,0.842981
p0865,p0998,3,0.833173
p0865,p0051,4,0.825836
p0865,p0862,5,0.823668
p0866,p0842,1,0.830003
p0866,p0844,2,0.804911
p0866,p0869,3,0.802138
p0866,p0867,4,0.794268
p0866,p0868,5,0.793247
p0867,p0868,1,0.999866
p0867,p1001,2,0.860221
p0867,p1691,3,0.859251
p0867,p0992,4,0.847212
p0867,p1696,5,0.844898
p0868,p0867,1,0.999866
p0868,p1001,2,0.858369
p0868,p1691,3,0.857769
p0868,p0992,4,0.845682
p0868,p1696,5,0.843814
p0869,p0037,1,0.848744
p0869,p1710,2,0.844130
p0869,p1097,3,0.842187
p0869,p0995,4,0.839393
p0869,p0500,5,0.837528
p0870,p0869,1,0.835621
p0870,p0051,2,0.828650
p0870,p0165,3,0.821187
p0870,p0872,4,0.817113
p0870,p0841,5,0.813993
p0871,p0853,1,0.849038
p0871,p1673,2,0.838278
p0871,p1717,3,0.834092
p0871,p1650,4,0.833320
p0871,p0554,5,0.832676
p0872,p0841,1,0.842021
p0872,p0848,2,0.837389
p0872,p0846,3,0.837162
p0872,p1691,4,0.836068
p0872,p0051,5,0.835866
p0873,p0094,1,0.831320
p0873,p0076,2,0.831199
p0873,p0046,3,0.826954
p0873,p0221,4,0.820058
p0873,p0497,5,0.817397
p0874,p0055,1,0.794054
p0874,p0064,2,0.771387
p0874,p0102,3,0.770329
p0874,p1466,4,0.758712
p0874,p0091,5,0.755605
p0875,p0876,1,0.886674
p0875,p1619,2,0.856474
p0875,p1656,3,0.856194
p0875,p0885,4,0.852975
p0875,p1555,5,0.843781
p0876,p0875,1,0.886674
p0876,p0618,2,0.847987
p0876,p1555,3,0.845330
p0876,p0851,4,0.825014
p0876,p1082,5,0.821619
p0877,p0879,1,0.961931
p0877,p0882,2,0.867372
p0877,p0087,3,0.833757
p0877,p0088,4,0.825430
p0877,p0090,5,0.822188
p0878,p1128,1,0.825880
p0878,p1078,2,0.783050
p0878,p0619,3,0.779284
p0878,p1498,4,0.768340
p0878,p1569,5,0.757259
p0879,p0877,1,0.961931
p0879,p0882,2,0.826438
p0879,p0087,3,0.807657
p0879,p0165,4,0.781507
p0879,p0088,5,0.775738
p0880,p0885,1,0.782090
p0880,p1249,2,0.740093
p0880,p1080,3,0.729777
p0880,p1128,4,0.728956
p0880,p1631,5,0.728632
p0881,p0992,1,0.795021
p0881,p1002,2,0.792570
p0881,p0865,3,0.791838
p0881,p0095,4,0.784859
p0881,p1238,5,0.782102
p0882,p0877,1,0.867372
p0882,p0059,2,0.847378
p0882,p0069,3,0.839580
p0882,p0496,4,0.837702
p0882,p0879,5,0.826438
p0883,p0618,1,0.854736
p0883,p0728,2,0.843288
p0883,p1530,3,0.843125
p0883,p0638,4,0.839664
p0883,p0663,5,0.835649
p0884,p1426,1,0.767393
p0884,p1234,2,0.743626
p0884,p1142,3,0.742467
p0884,p0761,4,0.730362
p0884,p1221,5,0.726609
p0885,p0875,1,0.852975
p0885,p1287,2,0.850053
p0885,p1254,3,0.830509
p0885,p1554,4,0.829684
p0885,p1617,5,0.824484
p0886,p0887,1,0.795836
p0886,p1273,2,0.769298
p0886,p1042,3,0.753634
p0886,p0885,4,0.753377
p0886,p1555,5,0.750638
p0887,p0886,1,0.795836
p0887,p1418,2,0.782064
p0887,p0945,3,0.770599
p0887,p1078,4,0.767311
p0887,p1042,5,0.758002
p0888,p1230,1,0.997957
p0888,p1043,2,0.997908
p0888,p0961,3,0.996673
p0888,p1509,4,0.996353
p0888,p1085,5,0.995936
p0889,p1044,1,0.997045
p0889,p1398,2,0.977031
p0889,p0960,3,0.913148
p0889,p0095,4,0.826024
p0889,p0051,5,0.823573
p0890,p1649,1,0.853068
p0890,p1674,2,0.835935
p0890,p1691,3,0.829977
p0890,p1688,4,0.829103
p0890,p1696,5,0.815175
p0891,p1308,1,0.791672
p0891,p1236,2,0.779154
p0891,p0818,3,0.775296
p0891,p0994,4,0.764635
p0891,p1048,5,0.759501
p0892,p0899,1,0.873717
p0892,p0898,2,0.816136
p0892,p0895,3,0.803366
p0892,p0900,4,0.798416
p0892,p1226,5,0.782785
p0893,p1320,1,0.931634
p0893,p1325,2,0.916251
p0893,p0898,3,0.903029
p0893,p1309,4,0.891521
p0893,p1678,5,0.889593
p0894,p0895,1,0.900040
p0894,p0903,2,0.892692
p0894,p0904,3,0.876168
p0894,p1684,4,0.872831
p0894,p0910,5,0.867402
p0895,p0903,1,0.902342
p0895,p0894,2,0.900040
p0895,p0902,3,0.886332
p0895,p0899,4,0.885645
p0895,p0901,5,0.879082
p0896,p0967,1,0.892598
p0896,p0966,2,0.875775
p0896,p1320,3,0.868678
p0896,p0895,4,0.867451
p0896,p1329,5,0.864233
p0897,p1288,1,0.858107
p0897,p0894,2,0.829276
p0897,p1650,3,0.828991
p0897,p0534,4,0.825557
p0897,p0535,5,0.822477
p0898,p0893,1,0.903029
p0898,p1326,2,0.883205
p0898,p0895,3,0.878402
p0898,p1461,4,0.874588
p0898,p0900,5,0.870876
p0899,p0901,1,0.886809
p0899,p0895,2,0.885645
p0899,p0903,3,0.883701
p0899,p0892,4,0.873717
p0899,p0909,5,0.873482
p0900,p0902,1,0.900286
p0900,p0898,2,0.870876
p0900,p0895,3,0.869745
p0900,p1687,4,0.864069
p0900,p1326,5,0.856312
p0901,p0899,1,0.886809
p0901,p0895,2,0.879082
p0901,p1687,3,0.854815
p0901,p0894,4,0.843724
p0901,p0900,5,0.838542
p0902,p0900,1,0.900286
p0902,p0895,2,0.886332
p0902,p1687,3,0.852629
p0902,p0903,4,0.852208
p0902,p1326,5,0.851230
p0903,p0895,1,0.902342
p0903,p0894,2,0.892692
p0903,p0899,3,0.883701
p0903,p0909,4,0.869459
p0903,p1326,5,0.858976
p0904,p0534,1,0.881354
p0904,p0894,2,0.876168
p0904,p1234,3,0.870924
p0904,p1459,4,0.868787
p0904,p0898,5,0.867661
p0905,p0895,1,0.871771
p0905,p0899,2,0.861316
p0905,p0907,3,0.852685
p0905,p0534,4,0.851053
p0905,p0903,5,0.849306
p0906,p1650,1,0.866305
p0906,p1394,2,0.846359
p0906,p0903,3,0.844280
p0906,p1684,4,0.826591
p0906,p1673,5,0.825837
p0907,p0534,1,0.865141
p0907,p0905,2,0.852685
p0907,p0565,3,0.851213
p0907,p0896,4,0.840749
p0907,p1685,5,0.836243
p0908,p0903,1,0.756023
p0908,p0805,2,0.750794
p0908,p1684,3,0.742025
p0908,p0909,4,0.735526
p0908,p0906,5,0.730060
p0909,p0899,1,0.873482
p0909,p0903,2,0.869459
p0909,p0895,3,0.867941
p0909,p1686,4,0.850980
p0909,p0905,5,0.849175
p0910,p1687,1,0.885296
p0910,p1686,2,0.870583
p0910,p0894,3,0.867402
p0910,p0899,4,0.856687
p0910,p0902,5,0.845327
p0911,p1035,1,0.834730
p0911,p1074,2,0.830580
p0911,p1657,3,0.830546
p0911,p1530,4,0.829670
p0911,p0926,5,0.824228
p0912,p1178,1,0.858906
p0912,p1344,2,0.853527
p0912,p0691,3,0.852125
p0912,p0763,4,0.850387
p0912,p0636,5,0.835618
p0913,p0912,1,0.818026
p0913,p1374,2,0.793627
p0913,p1542,3,0.791957
p0913,p1344,4,0.788626
p0913,p0409,5,0.788359
p0914,p0915,1,0.726726
p0914,p1349,2,0.692042
p0914,p0007,3,0.656054
p0914,p0209,4,0.653521
p0914,p1555,5,0.653221
p0915,p1166,1,0.780229
p0915,p1622,2,0.767640
p0915,p0951,3,0.762959
p0915,p0767,4,0.762346
p0915,p1542,5,0.753544
p0916,p1368,1,0.789742
p0916,p0693,2,0.788526
p0916,p1395,3,0.765656
p0916,p1335,4,0.764621
p0916,p1177,5,0.751689
p0917,p1173,1,0.825479
p0917,p1508,2,0.812219
p0917,p0918,3,0.804242
p0917,p1049,4,0.798744
p0917,p0618,5,0.793684
p0918,p1190,1,0.853550
p0918,p1173,2,0.827994
p0918,p1528,3,0.827102
p0918,p1630,4,0.815774
p0918,p1129,5,0.814811
p0919,p0926,1,0.844682
p0919,p0618,2,0.836271
p0919,p0638,3,0.832566
p0919,p0925,4,0.829289
p0919,p0922,5,0.826500
p0920,p1223,1,0.841555
p0920,p1268,2,0.819537
p0920,p0961,3,0.814402
p0920,p1672,4,0.811756
p0920,p1399,5,0.810696
p0921,p1369,1,0.884242
p0921,p0691,2,0.863574
p0921,p1247,3,0.860623
p0921,p0943,4,0.856992
p0921,p0554,5,0.850437
p0922,p1205,1,0.875544
p0922,p1092,2,0.872158
p0922,p1634,3,0.867856
p0922,p0663,4,0.853655
p0922,p1143,5,0.852035
p0923,p0939,1,0.847833
p0923,p1256,2,0.840460
p0923,p0748,3,0.839877
p0923,p1205,4,0.837675
p0923,p1130,5,0.831171
p0924,p1659,1,0.814743
p0924,p0948,2,0.795661
p0924,p1582,3,0.786096
p0924,p1031,4,0.783208
p0924,p1035,5,0.781841
p0925,p0638,1,0.860045
p0925,p1205,2,0.846486
p0925,p0926,3,0.845793
p0925,p1254,4,0.843510
p0925,p1071,5,0.839423
p0926,p0605,1,0.874081
p0926,p1546,2,0.871276
p0926,p0728,3,0.867033
p0926,p0638,4,0.863535
p0926,p0663,5,0.860040
p0927,p1517,1,0.827672
p0927,p1559,2,0.808006
p0927,p1634,3,0.800985
p0927,p1042,4,0.799299
p0927,p1647,5,0.791674
p0928,p1533,1,0.954389
p0928,p1526,2,0.812716
p0928,p1556,3,0.799213
p0928,p1024,4,0.795313
p0928,p1531,5,0.781270
p0929,p0765,1,0.838276
p0929,p0930,2,0.833855
p0929,p1718,3,0.829236
p0929,p1717,4,0.828610
p0929,p0766,5,0.821500
p0930,p0765,1,0.854104
p0930,p1673,2,0.849329
p0930,p1338,3,0.849134
p0930,p1696,4,0.842199
p0930,p0929,5,0.833855
p0931,p0809,1,0.771061
p0931,p0574,2,0.770188
p0931,p1612,3,0.762886
p0931,p0481,4,0.758694
p0931,p0649,5,0.756897
p0932,p1216,1,0.826370
p0932,p0637,2,0.824848
p0932,p1622,3,0.819818
p0932,p1437,4,0.806670
p0932,p1659,5,0.805170
p0933,p1193,1,0.782432
p0933,p1601,2,0.723709
p0933,p1514,3,0.694404
p0933,p1275,4,0.692285
p0933,p1534,5,0.682159
p0934,p1028,1,0.783225
p0934,p1501,2,0.779847
p0934,p1515,3,0.774939
p0934,p1540,4,0.773535
p0934,p1546,5,0.770272
p0935,p1578,1,0.775563
p0935,p1210,2,0.770588
p0935,p1165,3,0.742526
p0935,p1198,4,0.728119
p0935,p1145,5,0.725916
p0936,p1219,1,0.742087
p0936,p1583,2,0.739997
p0936,p1659,3,0.736961
p0936,p1098,4,0.735818
p0936,p1178,5,0.730850
p0937,p0989,1,0.689674
p0937,p0956,2,0.660385
p0937,p1147,3,0.642501
p0937,p1660,4,0.639181
p0937,p1057,5,0.636980
p0938,p1028,1,0.835131
p0938,p0948,2,0.830244
p0938,p0919,3,0.826083
p0938,p0955,4,0.823485
p0938,p1063,5,0.821417
p0939,p0923,1,0.847833
p0939,p0951,2,0.830032
p0939,p0447,3,0.814020
p0939,p0926,4,0.813843
p0939,p1028,5,0.801774
p0940,p1181,1,0.684376
p0940,p0941,2,0.664520
p0940,p1207,3,0.660163
p0940,p1182,4,0.659636
p0940,p0745,5,0.615439
p0941,p1207,1,0.768152
p0941,p1517,2,0.746421
p0941,p1026,3,0.725326
p0941,p0927,4,0.723832
p0941,p1559,5,0.710235
p0942,p0057,1,0.776678
p0942,p1062,2,0.766265
p0942,p1668,3,0.761447
p0942,p0038,4,0.756774
p0942,p1042,5,0.752380
p0943,p1656,1,0.881034
p0943,p1710,2,0.868044
p0943,p1369,3,0.863961
p0943,p0600,4,0.859649
p0943,p1178,5,0.857723
p0944,p1166,1,0.868885
p0944,p1145,2,0.854118
p0944,p1063,3,0.839656
p0944,p1501,4,0.837415
p0944,p0949,5,0.836291
p0945,p0949,1,0.844457
p0945,p0926,2,0.835700
p0945,p0948,3,0.831592
p0945,p0638,4,0.827855
p0945,p1555,5,0.825968
p0946,p1167,1,0.837311
p0946,p1078,2,0.827687
p0946,p1280,3,0.813556
p0946,p1051,4,0.809098
p0946,p1131,5,0.808703
p0947,p0926,1,0.743389
p0947,p0945,2,0.730521
p0947,p1240,3,0.729197
p0947,p0938,4,0.725278
p0947,p1257,5,0.713873
p0948,p0949,1,0.873242
p0948,p1035,2,0.871256
p0948,p1555,3,0.862360
p0948,p1063,4,0.853927
p0948,p1273,5,0.848275
p0949,p0948,1,0.873242
p0949,p1205,2,0.857096
p0949,p1501,3,0.847331
p0949,p0926,4,0.845130
p0949,p0945,5,0.844457
p0950,p1035,1,0.816982
p0950,p0550,2,0.800546
p0950,p1657,3,0.800089
p0950,p1656,4,0.798612
p0950,p1092,5,0.797506
p0951,p0141,1,0.830168
p0951,p0939,2,0.830032
p0951,p1574,3,0.802587
p0951,p0767,4,0.800704
p0951,p1124,5,0.796150
p0952,p1284,1,0.832362
p0952,p0745,2,0.727361
p0952,p1597,3,0.722518
p0952,p1198,4,0.721114
p0952,p1282,5,0.717593
p0953,p0954,1,0.697276
p0953,p1547,2,0.652795
p0953,p1034,3,0.633237
p0953,p1057,4,0.618433
p0953,p1040,5,0.614737
p0954,p0934,1,0.737542
p0954,p0915,2,0.730661
p0954,p1667,3,0.723051
p0954,p0493,4,0.720133
p0954,p1224,5,0.718606
p0955,p1063,1,0.875206
p0955,p1280,2,0.838270
p0955,p0943,3,0.836885
p0955,p1028,4,0.836620
p0955,p1622,5,0.835308
p0956,p0989,1,0.711274
p0956,p0745,2,0.707312
p0956,p1082,3,0.702219
p0956,p0941,4,0.691118
p0956,p1415,5,0.690629
p0957,p0943,1,0.832019
p0957,p1060,2,0.815977
p0957,p1061,3,0.813024
p0957,p0621,4,0.809046
p0957,p1508,5,0.805870
p0958,p0949,1,0.838301
p0958,p1031,2,0.837006
p0958,p0637,3,0.836613
p0958,p1508,4,0.827274
p0958,p1501,5,0.823593
p0959,p0961,1,0.871794
p0959,p1397,2,0.864215
p0959,p1043,3,0.863488
p0959,p1399,4,0.863158
p0959,p1059,5,0.863025
p0960,p1397,1,0.955442
p0960,p1509,2,0.948172
p0960,p1399,3,0.947008
p0960,p1043,4,0.945928
p0960,p1230,5,0.945526
p0961,p1043,1,0.997892
p0961,p1230,2,0.997884
p0961,p1509,3,0.996825
p0961,p1399,4,0.996753
p0961,p0888,5,0.996673
p0962,p0963,1,0.995768
p0962,p0063,2,0.822849
p0962,p0156,3,0.808763
p0962,p0511,4,0.795769
p0962,p0384,5,0.787385
p0963,p0962,1,0.995768
p0963,p0156,2,0.815514
p0963,p0063,3,0.814017
p0963,p0149,4,0.788976
p0963,p0384,5,0.786076
p0964,p1595,1,0.844416
p0964,p0981,2,0.834192
p0964,p1670,3,0.812514
p0964,p0972,4,0.807078
p0964,p1023,5,0.803628
p0965,p0966,1,0.840086
p0965,p0980,2,0.834022
p0965,p0970,3,0.829811
p0965,p1596,4,0.789116
p0965,p1549,5,0.786427
p0966,p0896,1,0.875775
p0966,p1683,2,0.849563
p0966,p1679,3,0.843553
p0966,p0965,4,0.840086
p0966,p1561,5,0.839069
p0967,p1329,1,0.915123
p0967,p1679,2,0.902155
p0967,p0831,3,0.899427
p0967,p0896,4,0.892598
p0967,p1464,5,0.888988
p0968,p0045,1,0.830965
p0968,p1110,2,0.821933
p0968,p1548,3,0.795910
p0968,p0650,4,0.795088
p0968,p1105,5,0.791152
p0969,p0073,1,0.842772
p0969,p1457,2,0.833427
p0969,p0804,3,0.831909
p0969,p0827,4,0.827639
p0969,p0828,5,0.825307
p0970,p0965,1,0.829811
p0970,p0972,2,0.825779
p0970,p1549,3,0.819407
p0970,p1602,4,0.805071
p0970,p1596,5,0.803199
p0971,p1017,1,0.821345
p0971,p0774,2,0.811226
p0971,p0978,3,0.810363
p0971,p0809,4,0.800411
p0971,p1611,5,0.794835
p0972,p0970,1,0.825779
p0972,p0964,2,0.807078
p0972,p1502,3,0.785087
p0972,p1117,4,0.777175
p0972,p0728,5,0.777158
p0973,p0980,1,0.757837
p0973,p0965,2,0.752449
p0973,p0988,3,0.746044
p0973,p1596,4,0.721976
p0973,p0966,5,0.706617
p0974,p1464,1,0.727341
p0974,p0971,2,0.716065
p0974,p0966,3,0.715956
p0974,p1410,4,0.714418
p0974,p1301,5,0.698233
p0975,p0988,1,0.794259
p0975,p1577,2,0.791747
p0975,p1595,3,0.787198
p0975,p1023,4,0.785952
p0975,p1596,5,0.781154
p0976,p0979,1,0.812191
p0976,p1503,2,0.737538
p0976,p0638,3,0.720679
p0976,p0935,4,0.717645
p0976,p0932,5,0.717095
p0977,p0978,1,0.804859
p0977,p1040,2,0.798256
p0977,p1421,3,0.789540
p0977,p1437,4,0.768413
p0977,p0971,5,0.761046
p0978,p0774,1,0.832886
p0978,p1421,2,0.818998
p0978,p1504,3,0.814780
p0978,p0971,4,0.810363
p0978,p0767,5,0.806945
p0979,p0976,1,0.812191
p0979,p0964,2,0.779251
p0979,p1503,3,0.766764
p0979,p1585,4,0.758817
p0979,p1502,5,0.755015
p0980,p0965,1,0.834022
p0980,p0966,2,0.795150
p0980,p0970,3,0.784845
p0980,p1563,4,0.775527
p0980,p1683,5,0.773266
p0981,p0728,1,0.843620
p0981,p1502,2,0.839839
p0981,p1546,3,0.834421
p0981,p0964,4,0.834192
p0981,p1023,5,0.821862
p0982,p1596,1,0.822179
p0982,p0800,2,0.791919
p0982,p1117,3,0.789796
p0982,p1595,4,0.773431
p0982,p0970,5,0.768353
p0983,p1323,1,0.999709
p0983,p1302,2,0.825360
p0983,p0532,3,0.796447
p0983,p1313,4,0.789792
p0983,p0566,5,0.784519
p0984,p1294,1,0.811656
p0984,p1311,2,0.811481
p0984,p0967,3,0.811037
p0984,p0896,4,0.807068
p0984,p1329,5,0.797385
p0985,p1223,1,0.822200
p0985,p1571,2,0.819570
p0985,p1008,3,0.815980
p0985,p1675,4,0.815306
p0985,p1387,5,0.808648
p0986,p0728,1,0.852401
p0986,p0663,2,0.850884
p0986,p0767,3,0.838046
p0986,p1092,4,0.835016
p0986,p0764,5,0.834522
p0987,p1329,1,0.811201
p0987,p0680,2,0.806137
p0987,p0896,3,0.797666
p0987,p1023,4,0.794824
p0987,p1232,5,0.783602
p0988,p0975,1,0.794259
p0988,p0972,2,0.772657
p0988,p0965,3,0.749440
p0988,p0973,4,0.746044
p0988,p1596,5,0.738436
p0989,p1017,1,0.774718
p0989,p0651,2,0.772062
p0989,p1527,3,0.765208
p0989,p1559,4,0.753031
p0989,p0650,5,0.744474
p0990,p1714,1,0.856547
p0990,p1110,2,0.853100
p0990,p1105,3,0.832686
p0990,p0765,4,0.827411
p0990,p0141,5,0.820963
p0991,p1009,1,0.795769
p0991,p0971,2,0.772388
p0991,p1014,3,0.767587
p0991,p0774,4,0.764289
p0991,p1110,5,0.763155
p0992,p0995,1,0.896829
p0992,p1693,2,0.876364
p0992,p1003,3,0.873562
p0992,p1690,4,0.871980
p0992,p1695,5,0.871815
p0993,p0996,1,0.818623
p0993,p0930,2,0.801050
p0993,p0236,3,0.797365
p0993,p1537,4,0.791901
p0993,p1576,5,0.789503
p0994,p0996,1,0.795471
p0994,p1236,2,0.765425
p0994,p0891,3,0.764635
p0994,p1722,4,0.762720
p0994,p1238,5,0.759051
p0995,p0992,1,0.896829
p0995,p1710,2,0.887279
p0995,p1001,3,0.875372
p0995,p1059,4,0.860541
p0995,p0848,5,0.859140
p0996,p1576,1,0.852005
p0996,p0998,2,0.842586
p0996,p1238,3,0.840763
p0996,p0236,4,0.828988
p0996,p1004,5,0.828753
p0997,p1414,1,0.820512
p0997,p0943,2,0.817982
p0997,p1656,3,0.810418
p0997,p1640,4,0.809937
p0997,p1622,5,0.809125
p0998,p0845,1,0.864970
p0998,p0843,2,0.863761
p0998,p1000,3,0.858828
p0998,p0853,4,0.854986
p0998,p0992,5,0.854584
p0999,p0836,1,0.765570
p0999,p0862,2,0.745375
p0999,p0865,3,0.745033
p0999,p0996,4,0.744128
p0999,p0998,5,0.737844
p1000,p0853,1,0.859305
p1000,p0998,2,0.858828
p1000,p1399,3,0.855369
p1000,p1696,4,0.854425
p1000,p1644,5,0.854168
p1001,p0729,1,0.875936
p1001,p0995,2,0.875372
p1001,p0841,3,0.872775
p1001,p0867,4,0.860221
p1001,p1031,5,0.858578
p1002,p0867,1,0.840926
p1002,p0868,2,0.839878
p1002,p0992,3,0.828867
p1002,p0996,4,0.826172
p1002,p1696,5,0.825356
p1003,p1690,1,0.876422
p1003,p1693,2,0.873827
p1003,p0992,3,0.873562
p1003,p1695,4,0.869996
p1003,p1718,5,0.862612
p1004,p0996,1,0.828753
p1004,p1576,2,0.796197
p1004,p1000,3,0.771584
p1004,p1704,4,0.768401
p1004,p1002,5,0.767346
p1005,p0575,1,0.895158
p1005,p1008,2,0.872981
p1005,p0785,3,0.859377
p1005,p0827,4,0.851093
p1005,p1232,5,0.848448
p1006,p0784,1,0.771743
p1006,p0829,2,0.743873
p1006,p0785,3,0.743175
p1006,p1096,4,0.742629
p1006,p0576,5,0.738961
p1007,p1008,1,0.839376
p1007,p1005,2,0.834362
p1007,p1679,3,0.826611
p1007,p1407,4,0.804306
p1007,p1544,5,0.792148
p1008,p1005,1,0.872981
p1008,p1223,2,0.843579
p1008,p1007,3,0.839376
p1008,p1092,4,0.831584
p1008,p1013,5,0.829826
p1009,p0800,1,0.802879
p1009,p0991,2,0.795769
p1009,p0971,3,0.763640
p1009,p1574,4,0.752551
p1009,p1108,5,0.750966
p1010,p0785,1,0.806864
p1010,p0809,2,0.798723
p1010,p1096,3,0.794425
p1010,p0784,4,0.794372
p1010,p1016,5,0.781021
p1011,p0806,1,0.744220
p1011,p1096,2,0.740326
p1011,p1010,3,0.734015
p1011,p0784,4,0.731408
p1011,p0979,5,0.726366
p1012,p0574,1,0.881856
p1012,p0515,2,0.879298
p1012,p0766,3,0.867069
p1012,p1229,4,0.860406
p1012,p1023,5,0.855693
p1013,p1111,1,0.849770
p1013,p1092,2,0.845663
p1013,p1501,3,0.845097
p1013,p1586,4,0.843512
p1013,p1109,5,0.833031
p1014,p1501,1,0.819820
p1014,p1024,2,0.807257
p1014,p0664,3,0.801267
p1014,p1387,4,0.784872
p1014,p1001,5,0.782800
p1015,p0784,1,0.802181
p1015,p0944,2,0.789932
p1015,p1438,3,0.787658
p1015,p0576,4,0.785700
p1015,p1096,5,0.772939
p1016,p0830,1,0.923699
p1016,p0823,2,0.904974
p1016,p0827,3,0.896300
p1016,p0780,4,0.885687
p1016,p0829,5,0.880902
p1017,p0971,1,0.821345
p1017,p0978,2,0.785392
p1017,p1037,3,0.778246
p1017,p1014,4,0.775367
p1017,p0989,5,0.774718
p1018,p0575,1,0.828725
p1018,p0827,2,0.827187
p1018,p1016,3,0.823202
p1018,p0785,4,0.813923
p1018,p0809,5,0.810052
p1019,p1021,1,0.863529
p1019,p1016,2,0.835471
p1019,p0830,3,0.804299
p1019,p0829,4,0.793289
p1019,p0823,5,0.779584
p1020,p0814,1,0.736473
p1020,p1317,2,0.723018
p1020,p1296,3,0.717786
p1020,p0127,4,0.700172
p1020,p0779,5,0.685754
p1021,p0829,1,0.874522
p1021,p1016,2,0.869609
p1021,p0830,3,0.863663
p1021,p1019,4,0.863529
p1021,p0834,5,0.818418
p1022,p0825,1,0.844698
p1022,p1299,2,0.810317
p1022,p0834,3,0.808028
p1022,p1298,4,0.807424
p1022,p0823,5,0.804899
p1023,p1012,1,0.855693
p1023,p0728,2,0.833165
p1023,p1595,3,0.830570
p1023,p1232,4,0.829296
p1023,p0823,5,0.823717
p1024,p1014,1,0.807257
p1024,p0726,2,0.795801
p1024,p0928,3,0.795313
p1024,p1531,4,0.783656
p1024,p1516,5,0.772715
p1025,p1030,1,0.635456
p1025,p0132,2,0.587851
p1025,p1275,3,0.572582
p1025,p1599,4,0.565569
p1025,p1252,5,0.562868
p1026,p1042,1,0.830352
p1026,p1548,2,0.818623
p1026,p1638,3,0.797146
p1026,p1504,4,0.787371
p1026,p0767,5,0.783365
p1027,p1556,1,0.805984
p1027,p1601,2,0.777172
p1027,p1589,3,0.771534
p1027,p1414,4,0.755639
p1027,p1526,5,0.753947
p1028,p1555,1,0.864101
p1028,p0008,2,0.856759
p1028,p1042,3,0.854414
p1028,p0926,4,0.852769
p1028,p1622,5,0.846710
p1029,p1579,1,0.701777
p1029,p1549,2,0.689912
p1029,p1519,3,0.681816
p1029,p1038,4,0.675571
p1029,p0934,5,0.672727
p1030,p1556,1,0.795712
p1030,p1526,2,0.768317
p1030,p1024,3,0.760980
p1030,p0928,4,0.750709
p1030,p1589,5,0.746027
p1031,p1001,1,0.858578
p1031,p0958,2,0.837006
p1031,p0921,3,0.835725
p1031,p1063,4,0.833768
p1031,p0766,5,0.832103
p1032,p1246,1,0.669788
p1032,p1572,2,0.658305
p1032,p1214,3,0.654408
p1032,p1036,4,0.642558
p1032,p0989,5,0.628443
p1033,p0607,1,0.776843
p1033,p1042,2,0.743814
p1033,p1440,3,0.740269
p1033,p1622,4,0.732713
p1033,p1434,5,0.731894
p1034,p0606,1,0.763669
p1034,p0774,2,0.731745
p1034,p1090,3,0.721693
p1034,p1589,4,0.717894
p1034,p1425,5,0.710652
p1035,p1656,1,0.892552
p1035,p0663,2,0.881076
p1035,p0605,3,0.875518
p1035,p1555,4,0.873752
p1035,p0948,5,0.871256
p1036,p1599,1,0.700176
p1036,p1032,2,0.642558
p1036,p1512,3,0.620495
p1036,p0207,4,0.620349
p1036,p1193,5,0.620250
p1037,p0971,1,0.788192
p1037,p0978,2,0.784273
p1037,p1017,3,0.778246
p1037,p1014,4,0.765927
p1037,p1024,5,0.759805
p1038,p1601,1,0.811978
p1038,p1639,2,0.782388
p1038,p1589,3,0.766015
p1038,p1062,4,0.764431
p1038,p1708,5,0.763236
p1039,p0767,1,0.815259
p1039,p1407,2,0.798987
p1039,p1584,3,0.796870
p1039,p1121,4,0.796244
p1039,p0038,5,0.788456
p1040,p1437,1,0.851705
p1040,p0045,2,0.830326
p1040,p1504,3,0.829245
p1040,p1425,4,0.824001
p1040,p1547,5,0.822043
p1041,p1163,1,0.815348
p1041,p0769,2,0.812224
p1041,p0516,3,0.803773
p1041,p1548,4,0.799103
p1041,p0767,5,0.797834
p1042,p0607,1,0.863247
p1042,p1028,2,0.854414
p1042,p1659,3,0.850339
p1042,p0948,4,0.841353
p1042,p1274,5,0.839368
p1043,p1230,1,0.998390
p1043,p0888,2,0.997908
p1043,p0961,3,0.997892
p1043,p1509,4,0.997888
p1043,p1085,5,0.997229
p1044,p0889,1,0.997045
p1044,p1398,2,0.981150
p1044,p0960,3,0.916025
p1044,p0095,4,0.830481
p1044,p0051,5,0.821711
p1045,p0850,1,0.855239
p1045,p1235,2,0.833642
p1045,p0846,3,0.825593
p1045,p0848,4,0.825526
p1045,p1430,5,0.811255
p1046,p1239,1,0.867328
p1046,p1688,2,0.839934
p1046,p1695,3,0.822021
p1046,p0077,4,0.821863
p1046,p1693,5,0.820231
p1047,p1235,1,0.765947
p1047,p1048,2,0.763916
p1047,p0835,3,0.763104
p1047,p0839,4,0.759858
p1047,p0998,5,0.747721
p1048,p1238,1,0.824712
p1048,p0998,2,0.817198
p1048,p0836,3,0.800008
p1048,p0960,4,0.798462
p1048,p1689,5,0.797538
p1049,p0621,1,0.799926
p1049,p0917,2,0.798744
p1049,p0617,3,0.787635
p1049,p0009,4,0.781312
p1049,p0746,5,0.755572
p1050,p1498,1,0.825535
p1050,p1515,2,0.808225
p1050,p0617,3,0.789039
p1050,p1570,4,0.766045
p1050,p0957,5,0.759424
p1051,p1052,1,0.821166
p1051,p0946,2,0.809098
p1051,p1149,3,0.806904
p1051,p1210,4,0.802115
p1051,p1151,5,0.797786
p1052,p1051,1,0.821166
p1052,p1128,2,0.783616
p1052,p1129,3,0.761595
p1052,p0946,4,0.760138
p1052,p1415,5,0.755522
p1053,p1196,1,0.798274
p1053,p1191,2,0.773594
p1053,p1526,3,0.767246
p1053,p1192,4,0.751197
p1053,p1514,5,0.736856
p1054,p1518,1,0.715032
p1054,p0519,2,0.712422
p1054,p1001,3,0.695721
p1054,p0868,4,0.695100
p1054,p0867,5,0.694351
p1055,p1173,1,0.780864
p1055,p1260,2,0.780400
p1055,p1079,3,0.779595
p1055,p1254,4,0.758262
p1055,p1249,5,0.754973
p1056,p1507,1,0.986854
p1056,p1190,2,0.871928
p1056,p1502,3,0.798020
p1056,p1498,4,0.797749
p1056,p0618,5,0.776079
p1057,p0989,1,0.715586
p1057,p1058,2,0.700340
p1057,p1437,3,0.692060
p1057,p0931,4,0.684930
p1057,p1113,5,0.683116
p1058,p1437,1,0.772261
p1058,p1591,2,0.762776
p1058,p1040,3,0.735152
p1058,p1547,4,0.729636
p1058,p1660,5,0.719686
p1059,p1085,1,0.995149
p1059,p0961,2,0.993851
p1059,p1509,3,0.993499
p1059,p1043,4,0.992956
p1059,p1702,5,0.992846
p1060,p0621,1,0.851307
p1060,p1061,2,0.846979
p1060,p1508,3,0.833845
p1060,p0005,4,0.825057
p1060,p0957,5,0.815977
p1061,p1508,1,0.968383
p1061,p1060,2,0.846979
p1061,p0621,3,0.827856
p1061,p0620,4,0.827606
p1061,p0958,5,0.822795
p1062,p1433,1,0.812958
p1062,p0057,2,0.806017
p1062,p0942,3,0.766265
p1062,p1429,4,0.765741
p1062,p1567,5,0.764585
p1063,p0955,1,0.875206
p1063,p1035,2,0.855710
p1063,p0948,3,0.853927
p1063,p1501,4,0.851652
p1063,p1166,5,0.848526
p1064,p1280,1,0.806679
p1064,p1415,2,0.800976
p1064,p1274,3,0.798084
p1064,p1374,4,0.791411
p1064,p0955,5,0.791261
p1065,p1265,1,0.739414
p1065,p1284,2,0.727224
p1065,p1285,3,0.724397
p1065,p1286,4,0.721013
p1065,p1545,5,0.720742
p1066,p1659,1,0.773312
p1066,p1042,2,0.743256
p1066,p1382,3,0.739788
p1066,p1274,4,0.737670
p1066,p1339,5,0.732917
p1067,p1066,1,0.703908
p1067,p1417,2,0.694262
p1067,p1262,3,0.659658
p1067,p1289,4,0.656531
p1067,p1051,5,0.648344
p1068,p1431,1,0.827144
p1068,p1277,2,0.790153
p1068,p0519,3,0.781579
p1068,p0957,4,0.769893
p1068,p1556,5,0.769614
p1069,p1431,1,0.745279
p1069,p0957,2,0.719108
p1069,p1369,3,0.715429
p1069,p1068,4,0.707989
p1069,p0817,5,0.698446
p1070,p1178,1,0.868029
p1070,p1369,2,0.854781
p1070,p0620,3,0.853777
p1070,p0637,4,0.853512
p1070,p0013,5,0.851903
p1071,p0925,1,0.839423
p1071,p1254,2,0.823491
p1071,p1335,3,0.822429
p1071,p0618,4,0.817280
p1071,p1555,5,0.815300
p1072,p0638,1,0.783802
p1072,p1151,2,0.779221
p1072,p0745,3,0.754455
p1072,p1190,4,0.753419
p1072,p1131,5,0.739559
p1073,p1555,1,0.814714
p1073,p1530,2,0.804189
p1073,p0948,3,0.802915
p1073,p1273,4,0.802043
p1073,p1274,5,0.801060
p1074,p1287,1,0.864098
p1074,p0769,2,0.850690
p1074,p1710,3,0.847191
p1074,p0850,4,0.847126
p1074,p1412,5,0.845568
p1075,p1655,1,0.796617
p1075,p1420,2,0.716834
p1075,p1605,3,0.683975
p1075,p1520,4,0.680413
p1075,p1597,5,0.677919
p1076,p0030,1,0.696436
p1076,p0008,2,0.687504
p1076,p1705,3,0.682406
p1076,p1244,4,0.682320
p1076,p1351,5,0.681397
p1077,p1276,1,0.815075
p1077,p0921,2,0.795581
p1077,p0951,3,0.791524
p1077,p0923,4,0.789236
p1077,p1074,5,0.789232
p1078,p1079,1,0.849406
p1078,p1701,2,0.832020
p1078,p0946,3,0.827687
p1078,p1136,4,0.815326
p1078,p1167,5,0.814024
p1079,p1078,1,0.849406
p1079,p1274,2,0.790691
p1079,p1382,3,0.785018
p1079,p1701,4,0.779921
p1079,p1055,5,0.779595
p1080,p1630,1,0.810463
p1080,p1268,2,0.807920
p1080,p1554,3,0.796198
p1080,p0918,4,0.794522
p1080,p1167,5,0.792797
p1081,p0918,1,0.757279
p1081,p1190,2,0.750775
p1081,p1188,3,0.713995
p1081,p1173,4,0.713051
p1081,p1129,5,0.712987
p1082,p0637,1,0.861306
p1082,p0636,2,0.855228
p1082,p1555,3,0.849027
p1082,p1530,4,0.839863
p1082,p1656,5,0.836173
p1083,p1336,1,0.698929
p1083,p1351,2,0.697693
p1083,p1370,3,0.696924
p1083,p1090,4,0.688255
p1083,p1030,5,0.684519
p1084,p1374,1,0.818181
p1084,p1719,2,0.810107
p1084,p1351,3,0.789645
p1084,p0995,4,0.778626
p1084,p1287,5,0.778264
p1085,p1509,1,0.997762
p1085,p1702,2,0.997247
p1085,p1043,3,0.997229
p1085,p0961,4,0.996669
p1085,p1230,5,0.996134
p1086,p1344,1,0.869094
p1086,p0763,2,0.853429
p1086,p1178,3,0.844503
p1086,p1369,4,0.843370
p1086,p0600,5,0.833303
p1087,p1086,1,0.822353
p1087,p1656,2,0.819631
p1087,p0767,3,0.815366
p1087,p1223,4,0.811768
p1087,p1586,5,0.810977
p1088,p1288,1,0.826213
p1088,p1344,2,0.816310
p1088,p1650,3,0.814735
p1088,p1202,4,0.797620
p1088,p1710,5,0.795660
p1089,p1554,1,0.707491
p1089,p1088,2,0.705689
p1089,p0947,3,0.704163
p1089,p1634,4,0.702612
p1089,p1079,5,0.701822
p1090,p1219,1,0.802032
p1090,p1250,2,0.794003
p1090,p0763,3,0.783801
p1090,p0038,4,0.783612
p1090,p1389,5,0.779742
p1091,p1219,1,0.804437
p1091,p1070,2,0.786103
p1091,p1711,3,0.774693
p1091,p1090,4,0.770197
p1091,p1178,5,0.763989
p1092,p0515,1,0.883212
p1092,p1121,2,0.880109
p1092,p0649,3,0.872465
p1092,p0922,4,0.872158
p1092,p0767,5,0.871442
p1093,p1280,1,0.705029
p1093,p1014,2,0.699320
p1093,p1501,3,0.697399
p1093,p1606,4,0.696601
p1093,p1387,5,0.687314
p1094,p1527,1,0.812239
p1094,p1437,2,0.792874
p1094,p1421,3,0.790802
p1094,p1369,4,0.789393
p1094,p1440,5,0.782783
p1095,p0078,1,0.869375
p1095,p1397,2,0.864453
p1095,p0888,3,0.857355
p1095,p1399,4,0.854492
p1095,p1043,5,0.852949
p1096,p0784,1,0.878065
p1096,p1008,2,0.807363
p1096,p1010,3,0.794425
p1096,p1574,4,0.789360
p1096,p1005,5,0.785943
p1097,p1099,1,0.875890
p1097,p0767,2,0.849767
p1097,p1110,3,0.844401
p1097,p0943,4,0.844045
p1097,p1123,5,0.843395
p1098,p1092,1,0.831085
p1098,p1035,2,0.822381
p1098,p1583,3,0.818266
p1098,p0926,4,0.815041
p1098,p1117,5,0.811693
p1099,p1097,1,0.875890
p1099,p0079,2,0.860127
p1099,p1223,3,0.857448
p1099,p0961,4,0.853513
p1099,p1542,5,0.851846
p1100,p1101,1,0.797239
p1100,p1103,2,0.762913
p1100,p1596,3,0.760086
p1100,p0986,4,0.757567
p1100,p0809,5,0.756891
p1101,p1121,1,0.895323
p1101,p0515,2,0.890525
p1101,p1102,3,0.886860
p1101,p1104,4,0.877319
p1101,p1092,5,0.870698
p1102,p1101,1,0.886860
p1102,p0515,2,0.856105
p1102,p1121,3,0.845637
p1102,p0579,4,0.841700
p1102,p0729,5,0.840150
p1103,p1121,1,0.871106
p1103,p0790,2,0.851521
p1103,p1117,3,0.851307
p1103,p1111,4,0.837932
p1103,p0515,5,0.837278
p1104,p1101,1,0.877319
p1104,p0515,2,0.876985
p1104,p0574,3,0.872431
p1104,p1092,4,0.860744
p1104,p1012,5,0.851266
p1105,p1110,1,0.838679
p1105,p0141,2,0.835030
p1105,p0990,3,0.832686
p1105,p0765,4,0.820775
p1105,p0769,5,0.805536
p1106,p0773,1,0.801988
p1106,p1658,2,0.801407
p1106,p0517,3,0.796940
p1106,p1099,4,0.796836
p1106,p0990,5,0.795960
p1107,p1685,1,0.853078
p1107,p0515,2,0.852315
p1107,p1101,3,0.845697
p1107,p0574,4,0.844048
p1107,p1369,5,0.841232
p1108,p0800,1,0.800222
p1108,p1122,2,0.753018
p1108,p1009,3,0.750966
p1108,p1107,4,0.713672
p1108,p1718,5,0.703779
p1109,p1111,1,0.892326
p1109,p1656,2,0.864878
p1109,p1092,3,0.861537
p1109,p1117,4,0.850683
p1109,p0662,5,0.847450
p1110,p0769,1,0.861433
p1110,p0990,2,0.853100
p1110,p1223,3,0.851166
p1110,p1548,4,0.848190
p1110,p0051,5,0.846725
p1111,p1109,1,0.892326
p1111,p1121,2,0.883414
p1111,p0767,3,0.867458
p1111,p1101,4,0.857140
p1111,p1092,5,0.853682
p1112,p1012,1,0.839148
p1112,p1117,2,0.836031
p1112,p0986,3,0.832959
p1112,p0728,4,0.828325
p1112,p0515,5,0.827403
p1113,p0767,1,0.782176
p1113,p1110,2,0.780916
p1113,p0692,3,0.764815
p1113,p0045,4,0.763856
p1113,p1063,5,0.760223
p1114,p1661,1,0.815004
p1114,p1097,2,0.814030
p1114,p1109,3,0.805842
p1114,p1577,4,0.803755
p1114,p1586,5,0.802379
p1115,p1118,1,0.833129
p1115,p1548,2,0.813016
p1115,p0767,3,0.811940
p1115,p0042,4,0.802466
p1115,p1688,5,0.802213
p1116,p0649,1,0.886469
p1116,p0567,2,0.855927
p1116,p0691,3,0.846003
p1116,p0636,4,0.842895
p1116,p0663,5,0.836510
p1117,p1101,1,0.863049
p1117,p1103,2,0.851307
p1117,p1109,3,0.850683
p1117,p1012,4,0.836847
p1117,p1112,5,0.836031
p1118,p1120,1,0.849592
p1118,p1115,2,0.833129
p1118,p0790,3,0.823083
p1118,p0798,4,0.813243
p1118,p1410,5,0.801245
p1119,p0792,1,0.894093
p1119,p0790,2,0.871804
p1119,p0784,3,0.851138
p1119,p0809,4,0.848882
p1119,p1408,5,0.842443
p1120,p1118,1,0.849592
p1120,p0798,2,0.812366
p1120,p1110,3,0.811421
p1120,p0768,4,0.803187
p1120,p0774,5,0.798733
p1121,p1101,1,0.895323
p1121,p1111,2,0.883414
p1121,p1092,3,0.880109
p1121,p0515,4,0.872250
p1121,p1103,5,0.871106
p1122,p0765,1,0.828440
p1122,p1717,2,0.828201
p1122,p1293,3,0.816239
p1122,p1642,4,0.812824
p1122,p0969,5,0.808398
p1123,p1656,1,0.881871
p1123,p0580,2,0.872914
p1123,p1695,3,0.863872
p1123,p0500,4,0.858544
p1123,p0579,5,0.857099
p1124,p1397,1,0.851065
p1124,p0765,2,0.843029
p1124,p1509,3,0.842920
p1124,p1399,4,0.840859
p1124,p1059,5,0.839308
p1125,p1617,1,0.836515
p1125,p0949,2,0.826886
p1125,p1634,3,0.819568
p1125,p1163,4,0.819320
p1125,p1554,5,0.816444
p1126,p1189,1,0.655548
p1126,p1622,2,0.641082
p1126,p0878,3,0.635338
p1126,p0860,4,0.633911
p1126,p1148,5,0.629093
p1127,p1128,1,0.769930
p1127,p1141,2,0.700357
p1127,p1050,3,0.691184
p1127,p1139,4,0.689519
p1127,p1049,5,0.688894
p1128,p0878,1,0.825880
p1128,p1129,2,0.815134
p1128,p0876,3,0.795902
p1128,p0918,4,0.795416
p1128,p0885,5,0.795410
p1129,p1173,1,0.845606
p1129,p0618,2,0.818636
p1129,p1128,3,0.815134
p1129,p0918,4,0.814811
p1129,p1141,5,0.807502
p1130,p0636,1,0.856593
p1130,p0857,2,0.855888
p1130,p1163,3,0.854890
p1130,p0921,4,0.838693
p1130,p1369,5,0.831495
p1131,p1133,1,0.901628
p1131,p1132,2,0.816493
p1131,p0946,3,0.808703
p1131,p1210,4,0.800685
p1131,p1282,5,0.795582
p1132,p1546,1,0.825304
p1132,p1131,2,0.816493
p1132,p0745,3,0.793537
p1132,p1257,4,0.784927
p1132,p1553,5,0.782042
p1133,p1131,1,0.901628
p1133,p1210,2,0.782597
p1133,p1051,3,0.781887
p1133,p0946,4,0.776878
p1133,p1151,5,0.755386
p1134,p1553,1,0.822046
p1134,p0946,2,0.771225
p1134,p1198,3,0.749294
p1134,p1257,4,0.742261
p1134,p1515,5,0.731770
p1135,p1132,1,0.756064
p1135,p1257,2,0.754735
p1135,p1520,3,0.746582
p1135,p1558,4,0.722437
p1135,p1546,5,0.709984
p1136,p1268,1,0.844903
p1136,p1178,2,0.844105
p1136,p0690,3,0.829312
p1136,p1287,4,0.824408
p1136,p1335,5,0.823216
p1137,p1622,1,0.819727
p1137,p1374,2,0.815124
p1137,p1707,3,0.802186
p1137,p1184,4,0.800535
p1137,p1624,5,0.797807
p1138,p1273,1,0.826050
p1138,p1139,2,0.813424
p1138,p1555,3,0.810710
p1138,p0883,4,0.801461
p1138,p1619,5,0.788913
p1139,p1138,1,0.813424
p1139,p0876,2,0.789952
p1139,p0875,3,0.789904
p1139,p1141,4,0.781546
p1139,p1554,5,0.774512
p1140,p1173,1,0.819646
p1140,p1498,2,0.811571
p1140,p1136,3,0.806272
p1140,p1078,4,0.799247
p1140,p1156,5,0.788823
p1141,p1125,1,0.812636
p1141,p1129,2,0.807502
p1141,p1515,3,0.803437
p1141,p0917,4,0.793260
p1141,p1254,5,0.791395
p1142,p1710,1,0.868289
p1142,p1221,2,0.850643
p1142,p1344,3,0.844906
p1142,p1163,4,0.843870
p1142,p1222,5,0.843663
p1143,p1205,1,0.935467
p1143,p0922,2,0.852035
p1143,p1013,3,0.832068
p1143,p1166,4,0.830543
p1143,p1501,5,0.829008
p1144,p1206,1,0.947730
p1144,p1146,2,0.879464
p1144,p1012,3,0.849109
p1144,p1229,4,0.846265
p1144,p0515,5,0.845737
p1145,p0944,1,0.854118
p1145,p0949,2,0.828018
p1145,p1166,3,0.789144
p1145,p1638,4,0.783554
p1145,p0946,5,0.777811
p1146,p1206,1,0.913072
p1146,p1144,2,0.879464
p1146,p0517,3,0.846389
p1146,p0565,4,0.846268
p1146,p1673,5,0.845163
p1147,p1151,1,0.785755
p1147,p0946,2,0.766111
p1147,p1149,3,0.753571
p1147,p1203,4,0.748757
p1147,p0746,5,0.715048
p1148,p1149,1,0.752760
p1148,p1155,2,0.745879
p1148,p1051,3,0.744629
p1148,p1145,4,0.738157
p1148,p1165,5,0.719990
p1149,p1165,1,0.810033
p1149,p1051,2,0.806904
p1149,p1280,3,0.802067
p1149,p1151,4,0.789841
p1149,p0955,5,0.786912
p1150,p1555,1,0.826353
p1150,p0638,2,0.822063
p1150,p1205,3,0.820893
p1150,p0949,4,0.818024
p1150,p1063,5,0.812373
p1151,p0638,1,0.844306
p1151,p0746,2,0.817223
p1151,p1205,3,0.816016
p1151,p0946,4,0.804523
p1151,p1051,5,0.797786
p1152,p1246,1,0.651049
p1152,p1243,2,0.647331
p1152,p1242,3,0.635900
p1152,p1208,4,0.626923
p1152,p1415,5,0.616924
p1153,p0946,1,0.764991
p1153,p1212,2,0.760612
p1153,p1190,3,0.737112
p1153,p1188,4,0.723002
p1153,p1204,5,0.711029
p1154,p0946,1,0.676137
p1154,p0925,2,0.675373
p1154,p0947,3,0.660287
p1154,p1141,4,0.649238
p1154,p1132,5,0.647130
p1155,p1148,1,0.745879
p1155,p1149,2,0.731968
p1155,p1140,3,0.697813
p1155,p1156,4,0.697805
p1155,p1051,5,0.690324
p1156,p0885,1,0.806543
p1156,p1078,2,0.806188
p1156,p1080,3,0.791319
p1156,p1141,4,0.790285
p1156,p1140,5,0.788823
p1157,p1699,1,0.782671
p1157,p0912,2,0.780430
p1157,p0763,3,0.751319
p1157,p1698,4,0.743538
p1157,p1352,5,0.734855
p1158,p1372,1,0.653123
p1158,p1446,2,0.652043
p1158,p1247,3,0.633101
p1158,p0847,4,0.626644
p1158,p0863,5,0.625329
p1159,p1133,1,0.681489
p1159,p1210,2,0.666521
p1159,p1147,3,0.656679
p1159,p0619,4,0.653154
p1159,p1521,5,0.647950
p1160,p1542,1,0.783462
p1160,p1280,2,0.771073
p1160,p1414,3,0.766518
p1160,p1064,4,0.765369
p1160,p1659,5,0.735204
p1161,p0946,1,0.718844
p1161,p1131,2,0.707644
p1161,p1701,3,0.705991
p1161,p1132,4,0.704574
p1161,p0745,5,0.703553
p1162,p1063,1,0.822585
p1162,p1254,2,0.817300
p1162,p1555,3,0.813264
p1162,p1625,4,0.812565
p1162,p1071,5,0.810660
p1163,p0553,1,0.892138
p1163,p1710,2,0.871063
p1163,p0663,3,0.870498
p1163,p0769,4,0.869489
p1163,p1221,5,0.867862
p1164,p1717,1,0.831472
p1164,p1718,2,0.830837
p1164,p1704,3,0.821564
p1164,p0397,4,0.815217
p1164,p1719,5,0.799190
p1165,p1149,1,0.810033
p1165,p1092,2,0.802628
p1165,p1528,3,0.801279
p1165,p1268,4,0.797691
p1165,p1501,5,0.795023
p1166,p0944,1,0.868885
p1166,p1634,2,0.850583
p1166,p1063,3,0.848526
p1166,p1638,4,0.843752
p1166,p0949,5,0.835705
p1167,p0946,1,0.837311
p1167,p1257,2,0.835553
p1167,p1078,3,0.814024
p1167,p0918,4,0.800220
p1167,p1701,5,0.797533
p1168,p1514,1,0.706856
p1168,p1275,2,0.705711
p1168,p0933,3,0.675510
p1168,p1516,4,0.671722
p1168,p1213,5,0.666836
p1169,p1191,1,0.533913
p1169,p1171,2,0.527285
p1169,p1638,3,0.517095
p1169,p1196,4,0.517090
p1169,p1187,5,0.514568
p1170,p1659,1,0.772842
p1170,p1216,2,0.748032
p1170,p1638,3,0.746493
p1170,p1423,4,0.737021
p1170,p0607,5,0.734002
p1171,p1622,1,0.693803
p1171,p1705,2,0.680272
p1171,p1051,3,0.665234
p1171,p1374,4,0.662168
p1171,p1416,5,0.660354
p1172,p0692,1,0.748618
p1172,p0622,2,0.746809
p1172,p0451,3,0.737652
p1172,p0664,4,0.735442
p1172,p0858,5,0.734767
p1173,p1129,1,0.845606
p1173,p0918,2,0.827994
p1173,p0917,3,0.825479
p1173,p1190,4,0.824413
p1173,p1140,5,0.819646
p1174,p0958,1,0.779956
p1174,p0918,2,0.768134
p1174,p1173,3,0.767617
p1174,p0917,4,0.761893
p1174,p1190,5,0.740789
p1175,p0799,1,0.857007
p1175,p0926,2,0.842656
p1175,p1012,3,0.840964
p1175,p1092,4,0.833466
p1175,p1166,5,0.832752
p1176,p0922,1,0.811283
p1176,p1175,2,0.806258
p1176,p1013,3,0.803501
p1176,p1146,4,0.791735
p1176,p1143,5,0.777247
p1177,p0690,1,0.828227
p1177,p1268,2,0.825329
p1177,p1178,3,0.794242
p1177,p1070,4,0.789580
p1177,p0912,5,0.787919
p1178,p1369,1,0.895911
p1178,p1268,2,0.868754
p1178,p1070,3,0.868029
p1178,p1344,4,0.864918
p1178,p1710,5,0.863623
p1179,p0989,1,0.742903
p1179,p0726,2,0.738257
p1179,p1531,3,0.737688
p1179,p1527,4,0.734851
p1179,p1645,5,0.732768
p1180,p1414,1,0.798615
p1180,p1524,2,0.795610
p1180,p1707,3,0.783136
p1180,p1554,4,0.776801
p1180,p1335,5,0.772740
p1181,p1207,1,0.758477
p1181,p1182,2,0.731105
p1181,p0940,3,0.684376
p1181,p1527,4,0.679910
p1181,p1210,5,0.667757
p1182,p1207,1,0.761507
p1182,p1271,2,0.736629
p1182,p0951,3,0.736152
p1182,p1181,4,0.731105
p1182,p1042,5,0.710900
p1183,p0007,1,0.790231
p1183,p1064,2,0.767118
p1183,p1659,3,0.748875
p1183,p1340,4,0.741545
p1183,p0690,5,0.736458
p1184,p1414,1,0.840986
p1184,p0769,2,0.821014
p1184,p1656,3,0.812656
p1184,p0693,4,0.807313
p1184,p1542,5,0.807210
p1185,p1375,1,0.999848
p1185,p1163,2,0.821323
p1185,p1125,3,0.803682
p1185,p1268,4,0.798584
p1185,p1142,5,0.795240
p1186,p1268,1,0.859275
p1186,p1205,2,0.837781
p1186,p0567,3,0.830193
p1186,p1368,4,0.826820
p1186,p0922,5,0.817266
p1187,p1659,1,0.830196
p1187,p1501,2,0.808956
p1187,p1414,3,0.807900
p1187,p1542,4,0.807226
p1187,p1178,5,0.801687
p1188,p1128,1,0.793762
p1188,p1129,2,0.785755
p1188,p0918,3,0.778956
p1188,p1156,4,0.764545
p1188,p1630,5,0.762677
p1189,p1173,1,0.772900
p1189,p1188,2,0.753986
p1189,p1141,3,0.736218
p1189,p0918,4,0.726892
p1189,p1129,5,0.722144
p1190,p1056,1,0.871928
p1190,p1507,2,0.854186
p1190,p0918,3,0.853550
p1190,p1173,4,0.824413
p1190,p0618,5,0.821648
p1191,p1196,1,0.891363
p1191,p1192,2,0.821015
p1191,p1053,3,0.773594
p1191,p1514,4,0.733121
p1191,p0626,5,0.708583
p1192,p1191,1,0.821015
p1192,p1515,2,0.767335
p1192,p1366,3,0.753675
p1192,p0726,4,0.752667
p1192,p1053,5,0.751197
p1193,p0933,1,0.782432
p1193,p1601,2,0.780567
p1193,p1027,3,0.743773
p1193,p0727,4,0.737830
p1193,p1589,5,0.728132
p1194,p0620,1,0.842830
p1194,p0031,2,0.840876
p1194,p1369,3,0.815044
p1194,p1508,4,0.813300
p1194,p1123,5,0.810860
p1195,p1622,1,0.796520
p1195,p1137,2,0.790941
p1195,p1194,3,0.784348
p1195,p1418,4,0.779349
p1195,p0932,5,0.773566
p1196,p1191,1,0.891363
p1196,p1053,2,0.798274
p1196,p1197,3,0.785529
p1196,p1192,4,0.748806
p1196,p1275,5,0.743677
p1197,p1196,1,0.785529
p1197,p1514,2,0.729376
p1197,p1192,3,0.723954
p1197,p1053,4,0.717292
p1197,p1191,5,0.706737
p1198,p1528,1,0.860281
p1198,p1210,2,0.828859
p1198,p1501,3,0.789632
p1198,p0726,4,0.780813
p1198,p1267,5,0.770659
p1199,p1581,1,0.953702
p1199,p1131,2,0.746123
p1199,p1167,3,0.736739
p1199,p0946,4,0.734467
p1199,p1133,5,0.723613
p1200,p0938,1,0.796877
p1200,p1553,2,0.781719
p1200,p1546,3,0.780116
p1200,p0949,4,0.771085
p1200,p0922,5,0.765751
p1201,p1098,1,0.744477
p1201,p1202,2,0.734284
p1201,p1248,3,0.728826
p1201,p1717,4,0.711821
p1201,p0452,5,0.709323
p1202,p1288,1,0.826373
p1202,p1338,2,0.816485
p1202,p1344,3,0.811127
p1202,p1650,4,0.805951
p1202,p1088,5,0.797620
p1203,p1212,1,0.749622
p1203,p1147,2,0.748757
p1203,p1140,3,0.733879
p1203,p1173,4,0.723908
p1203,p1151,5,0.723690
p1204,p0946,1,0.806151
p1204,p1212,2,0.779066
p1204,p1151,3,0.752479
p1204,p1149,4,0.750718
p1204,p1188,5,0.750029
p1205,p1143,1,0.935467
p1205,p0922,2,0.875544
p1205,p0638,3,0.863023
p1205,p0649,4,0.857776
p1205,p0949,5,0.857096
p1206,p1144,1,0.947730
p1206,p1146,2,0.913072
p1206,p1223,3,0.841390
p1206,p0517,4,0.837252
p1206,p1672,5,0.836151
p1207,p1274,1,0.795402
p1207,p1042,2,0.776382
p1207,p1633,3,0.772834
p1207,p0941,4,0.768152
p1207,p1182,5,0.761507
p1208,p0927,1,0.754732
p1208,p1419,2,0.751077
p1208,p1517,3,0.748570
p1208,p1437,4,0.739396
p1208,p1167,5,0.735275
p1209,p0663,1,0.843796
p1209,p1558,2,0.827605
p1209,p0472,3,0.821599
p1209,p0729,4,0.820684
p1209,p0662,5,0.820377
p1210,p1198,1,0.828859
p1210,p1528,2,0.802604
p1210,p1051,3,0.802115
p1210,p1131,4,0.800685
p1210,p0946,5,0.796843
p1211,p1212,1,0.749150
p1211,p1072,2,0.651225
p1211,p1282,3,0.649958
p1211,p1204,4,0.645580
p1211,p0981,5,0.644737
p1212,p1204,1,0.779066
p1212,p1151,2,0.776046
p1212,p1500,3,0.773246
p1212,p0946,4,0.772977
p1212,p1140,5,0.766275
p1213,p1274,1,0.715465
p1213,p1148,2,0.682783
p1213,p1155,3,0.681531
p1213,p1064,4,0.674970
p1213,p1168,5,0.666836
p1214,p1213,1,0.663623
p1214,p1032,2,0.654408
p1214,p1064,3,0.649698
p1214,p1415,4,0.641474
p1214,p1615,5,0.617498
p1215,p1531,1,0.759249
p1215,p1216,2,0.750067
p1215,p1274,3,0.713496
p1215,p1351,4,0.708936
p1215,p0693,5,0.706903
p1216,p1659,1,0.846019
p1216,p0943,2,0.845473
p1216,p1063,3,0.841803
p1216,p1273,4,0.833305
p1216,p1028,5,0.832890
p1217,p1614,1,0.804584
p1217,p0238,2,0.793171
p1217,p0231,3,0.747532
p1217,p0398,4,0.747293
p1217,p0251,5,0.740722
p1218,p1311,1,0.861983
p1218,p1541,2,0.852349
p1218,p1685,3,0.832366
p1218,p1313,4,0.830964
p1218,p0772,5,0.829832
p1219,p1369,1,0.855914
p1219,p0038,2,0.853681
p1219,p1589,3,0.836302
p1219,p1178,4,0.832094
p1219,p1574,5,0.830894
p1220,p1223,1,0.854325
p1220,p1163,2,0.844178
p1220,p0764,3,0.841909
p1220,p1221,4,0.841069
p1220,p0567,5,0.826051
p1221,p1710,1,0.881472
p1221,p0535,2,0.877304
p1221,p1163,3,0.867862
p1221,p1642,4,0.859976
p1221,p0904,5,0.859960
p1222,p1223,1,0.855432
p1222,p1142,2,0.843663
p1222,p0037,3,0.832257
p1222,p0763,4,0.827643
p1222,p1221,5,0.809914
p1223,p1710,1,0.887311
p1223,p0517,2,0.883338
p1223,p0769,3,0.880280
p1223,p0766,4,0.874312
p1223,p1228,5,0.873591
p1224,p1223,1,0.817831
p1224,p1595,2,0.792878
p1224,p0985,3,0.784163
p1224,p1602,4,0.780875
p1224,p1220,5,0.780092
p1225,p0535,1,0.844844
p1225,p1394,2,0.837843
p1225,p1650,3,0.827130
p1225,p1684,4,0.826219
p1225,p1226,5,0.825968
p1226,p1394,1,0.837397
p1226,p1225,2,0.825968
p1226,p0895,3,0.820177
p1226,p1227,4,0.819172
p1226,p1316,5,0.812739
p1227,p1650,1,0.852705
p1227,p1673,2,0.845997
p1227,p0894,3,0.838793
p1227,p0534,4,0.832809
p1227,p0535,5,0.832446
p1228,p1223,1,0.873591
p1228,p1675,2,0.854181
p1228,p1672,3,0.853260
p1228,p0517,4,0.851209
p1228,p0500,5,0.850855
p1229,p0565,1,0.890401
p1229,p1650,2,0.873420
p1229,p1459,3,0.872507
p1229,p1710,4,0.867084
p1229,p1673,5,0.865968
p1230,p1043,1,0.998390
p1230,p0888,2,0.997957
p1230,p0961,3,0.997884
p1230,p1509,4,0.997006
p1230,p1702,5,0.996954
p1231,p0829,1,0.864519
p1231,p1455,2,0.859408
p1231,p1232,3,0.856252
p1231,p1234,4,0.852531
p1231,p0796,5,0.849305
p1232,p0823,1,0.887658
p1232,p1459,2,0.881036
p1232,p0680,3,0.877226
p1232,p1455,4,0.875229
p1232,p0827,5,0.873950
p1233,p1231,1,0.817156
p1233,p0793,2,0.774118
p1233,p0829,3,0.773600
p1233,p0706,4,0.772722
p1233,p0796,5,0.772416
p1234,p1311,1,0.876368
p1234,p1455,2,0.875419
p1234,p1459,3,0.875331
p1234,p0904,4,0.870924
p1234,p0834,5,0.869299
p1235,p1045,1,0.833642
p1235,p1001,2,0.786135
p1235,p1070,3,0.784618
p1235,p1707,4,0.784247
p1235,p0848,5,0.780713
p1236,p1237,1,0.985976
p1236,p0960,2,0.849880
p1236,p1644,3,0.847035
p1236,p0040,4,0.843186
p1236,p0998,5,0.842503
p1237,p1236,1,0.985976
p1237,p1644,2,0.847937
p1237,p0051,3,0.844542
p1237,p1000,4,0.844103
p1237,p0960,5,0.843811
p1238,p0095,1,0.849386
p1238,p0996,2,0.840763
p1238,p1048,3,0.824712
p1238,p0960,4,0.818767
p1238,p0889,5,0.818502
p1239,p1046,1,0.867328
p1239,p1237,2,0.814732
p1239,p1124,3,0.799815
p1239,p0961,4,0.796180
p1239,p1043,5,0.795827
p1240,p1515,1,0.799759
p1240,p1167,2,0.796569
p1240,p0946,3,0.795133
p1240,p1257,4,0.787997
p1240,p1131,5,0.784388
p1241,p1515,1,0.752629
p1241,p0878,2,0.740069
p1241,p0726,3,0.737763
p1241,p0958,4,0.737715
p1241,p0038,5,0.733053
p1242,p1559,1,0.714950
p1242,p1244,2,0.710573
p1242,p1243,3,0.709927
p1242,p0747,4,0.701454
p1242,p0927,5,0.695101
p1243,p1246,1,0.717357
p1243,p1242,2,0.709927
p1243,p1572,3,0.659994
p1243,p1152,4,0.647331
p1243,p0989,5,0.643681
p1244,p1042,1,0.741956
p1244,p0747,2,0.732056
p1244,p1242,3,0.710573
p1244,p1351,4,0.706567
p1244,p1274,5,0.706027
p1245,p1593,1,0.770740
p1245,p0769,2,0.744922
p1245,p1714,3,0.723427
p1245,p1223,4,0.722366
p1245,p0761,5,0.720482
p1246,p1243,1,0.717357
p1246,p1435,2,0.698112
p1246,p1434,3,0.694421
p1246,p0977,4,0.692376
p1246,p1572,5,0.689072
p1247,p0921,1,0.860623
p1247,p1707,2,0.850721
p1247,p1369,3,0.847882
p1247,p0857,4,0.844060
p1247,p1640,5,0.839816
p1248,p1719,1,0.825756
p1248,p0236,2,0.796436
p1248,p0992,3,0.796404
p1248,p0998,4,0.794926
p1248,p1359,5,0.792207
p1249,p1554,1,0.794840
p1249,p0855,2,0.783672
p1249,p0876,3,0.773865
p1249,p0853,4,0.771593
p1249,p1374,5,0.771154
p1250,p1363,1,0.811391
p1250,p1090,2,0.794003
p1250,p1352,3,0.783180
p1250,p1251,4,0.782797
p1250,p1370,5,0.777711
p1251,p1719,1,0.786391
p1251,p1250,2,0.782797
p1251,p0996,3,0.755589
p1251,p1351,4,0.751357
p1251,p1704,5,0.745882
p1252,p1094,1,0.703447
p1252,p1342,2,0.696506
p1252,p1534,3,0.689609
p1252,p1350,4,0.675222
p1252,p1371,5,0.671158
p1253,p1719,1,0.774824
p1253,p0930,2,0.762342
p1253,p0853,3,0.757107
p1253,p1367,4,0.756536
p1253,p1378,5,0.753696
p1254,p1287,1,0.865061
p1254,p0618,2,0.856799
p1254,p1268,3,0.853776
p1254,p1256,4,0.848804
p1254,p0746,5,0.848206
p1255,p1553,1,0.763647
p1255,p1257,2,0.747690
p1255,p1646,3,0.722065
p1255,p1167,4,0.717713
p1255,p0746,5,0.717364
p1256,p1254,1,0.848804
p1256,p0923,2,0.840460
p1256,p1277,3,0.836560
p1256,p1647,4,0.826186
p1256,p1273,5,0.825249
p1257,p1167,1,0.835553
p1257,p1647,2,0.814537
p1257,p0746,3,0.813302
p1257,p1553,4,0.803930
p1257,p0618,5,0.803812
p1258,p1417,1,0.746403
p1258,p1434,2,0.736826
p1258,p1412,3,0.729900
p1258,p1276,4,0.722166
p1258,p1259,5,0.719890
p1259,p1268,1,0.847334
p1259,p0748,2,0.844371
p1259,p1277,3,0.837327
p1259,p1074,4,0.828661
p1259,p1625,5,0.828462
p1260,p1347,1,0.820928
p1260,p0857,2,0.812153
p1260,p1254,3,0.802032
p1260,p1055,4,0.780400
p1260,p1385,5,0.777469
p1261,p1216,1,0.767851
p1261,p0932,2,0.759180
p1261,p0955,3,0.752035
p1261,p1414,4,0.745889
p1261,p0618,5,0.728395
p1262,p1545,1,0.743439
p1262,p1286,2,0.737762
p1262,p1281,3,0.737545
p1262,p1265,4,0.735377
p1262,p1284,5,0.722187
p1263,p1290,1,0.811654
p1263,p1284,2,0.720015
p1263,p1281,3,0.719947
p1263,p1545,4,0.692774
p1263,p1065,5,0.690592
p1264,p1265,1,0.804185
p1264,p1281,2,0.787538
p1264,p1284,3,0.771665
p1264,p1286,4,0.751845
p1264,p1262,5,0.717637
p1265,p1284,1,0.834833
p1265,p1264,2,0.804185
p1265,p1281,3,0.761779
p1265,p0946,4,0.761481
p1265,p1286,5,0.761366
p1266,p1287,1,0.829464
p1266,p1254,2,0.828167
p1266,p1698,3,0.813918
p1266,p0746,4,0.800510
p1266,p1647,5,0.799650
p1267,p0925,1,0.830792
p1267,p1071,2,0.815005
p1267,p1546,3,0.811144
p1267,p0638,4,0.810374
p1267,p0728,5,0.805019
p1268,p1178,1,0.868754
p1268,p1710,2,0.868089
p1268,p1656,3,0.865149
p1268,p1344,4,0.864677
p1268,p0637,5,0.860121
p1269,p1271,1,0.683206
p1269,p1033,2,0.680561
p1269,p1615,3,0.666846
p1269,p1639,4,0.664360
p1269,p1197,5,0.660732
p1270,p1271,1,0.697615
p1270,p0865,2,0.652481
p1270,p1371,3,0.650601
p1270,p1452,4,0.648812
p1270,p1421,5,0.643214
p1271,p1429,1,0.786199
p1271,p1428,2,0.758530
p1271,p1374,3,0.751173
p1271,p1343,4,0.750941
p1271,p0038,5,0.747757
p1272,p1058,1,0.710546
p1272,p0932,2,0.699253
p1272,p1437,3,0.696318
p1272,p0637,4,0.680913
p1272,p1138,5,0.680520
p1273,p1277,1,0.853848
p1273,p1555,2,0.853615
p1273,p0948,3,0.848275
p1273,p1035,4,0.843199
p1273,p1647,5,0.837333
p1274,p1042,1,0.839368
p1274,p1216,2,0.814046
p1274,p1382,3,0.812381
p1274,p1073,4,0.801060
p1274,p1064,5,0.798084
p1275,p1601,1,0.802882
p1275,p1062,2,0.753683
p1275,p1038,3,0.749156
p1275,p1064,4,0.744369
p1275,p1196,5,0.743677
p1276,p1625,1,0.850115
p1276,p1063,2,0.829275
p1276,p1669,3,0.829155
p1276,p1077,4,0.815075
p1276,p1042,5,0.814285
p1277,p1273,1,0.853848
p1277,p1259,2,0.837327
p1277,p1256,3,0.836560
p1277,p0948,4,0.831208
p1277,p0955,5,0.827093
p1278,p0053,1,0.772563
p1278,p0073,2,0.763346
p1278,p0882,3,0.756902
p1278,p0063,4,0.752457
p1278,p0059,5,0.749688
p1279,p1244,1,0.684607
p1279,p0747,2,0.682048
p1279,p0745,3,0.670552
p1279,p0008,4,0.662956
p1279,p0602,5,0.657596
p1280,p0955,1,0.838270
p1280,p1553,2,0.827213
p1280,p1028,3,0.822817
p1280,p1063,4,0.815298
p1280,p0946,5,0.813556
p1281,p1286,1,0.844425
p1281,p1264,2,0.787538
p1281,p1545,3,0.783190
p1281,p1284,4,0.773484
p1281,p1265,5,0.761779
p1282,p1284,1,0.806572
p1282,p1131,2,0.795582
p1282,p1546,3,0.789891
p1282,p0883,4,0.789330
p1282,p1132,5,0.780868
p1283,p1264,1,0.472006
p1283,p1154,2,0.466950
p1283,p1382,3,0.454078
p1283,p0901,4,0.451917
p1283,p1292,5,0.442006
p1284,p1265,1,0.834833
p1284,p0952,2,0.832362
p1284,p1282,3,0.806572
p1284,p1286,4,0.793194
p1284,p1162,5,0.789300
p1285,p1545,1,0.779759
p1285,p1286,2,0.743195
p1285,p1065,3,0.724397
p1285,p1281,4,0.715924
p1285,p1290,5,0.692889
p1286,p1281,1,0.844425
p1286,p1284,2,0.793194
p1286,p1545,3,0.783988
p1286,p1265,4,0.761366
p1286,p1264,5,0.751845
p1287,p1254,1,0.865061
p1287,p1074,2,0.864098
p1287,p1268,3,0.851993
p1287,p0885,4,0.850053
p1287,p1555,5,0.844340
p1288,p1650,1,0.897311
p1288,p1394,2,0.893600
p1288,p1673,3,0.881878
p1288,p1393,4,0.858724
p1288,p0897,5,0.858107
p1289,p1265,1,0.724847
p1289,p1262,2,0.714116
p1289,p1545,3,0.713496
p1289,p1065,4,0.704182
p1289,p1215,5,0.692850
p1290,p1263,1,0.811654
p1290,p1065,2,0.710376
p1290,p1284,3,0.701307
p1290,p1285,4,0.692889
p1290,p1286,5,0.692344
p1291,p1293,1,0.863027
p1291,p1642,2,0.856450
p1291,p1459,3,0.842775
p1291,p0766,4,0.838094
p1291,p1306,5,0.837071
p1292,p1298,1,0.820160
p1292,p0814,2,0.813689
p1292,p1320,3,0.787057
p1292,p1299,4,0.785310
p1292,p0802,5,0.784946
p1293,p1642,1,0.893969
p1293,p0502,2,0.887091
p1293,p0500,3,0.870856
p1293,p0766,4,0.865571
p1293,p1308,5,0.864328
p1294,p0825,1,0.890007
p1294,p0804,2,0.889648
p1294,p1457,3,0.881866
p1294,p0823,4,0.872720
p1294,p1299,5,0.872060
p1295,p1300,1,0.903604
p1295,p0833,2,0.894042
p1295,p1461,3,0.844775
p1295,p1459,4,0.843891
p1295,p1456,5,0.834723
p1296,p0814,1,0.838264
p1296,p1298,2,0.811461
p1296,p1457,3,0.801679
p1296,p0804,4,0.796538
p1296,p0797,5,0.795272
p1297,p1231,1,0.798059
p1297,p1504,2,0.781668
p1297,p0819,3,0.768174
p1297,p1223,4,0.766651
p1297,p1008,5,0.760955
p1298,p1299,1,0.865756
p1298,p0967,2,0.849802
p1298,p1320,3,0.839826
p1298,p1325,4,0.832955
p1298,p0966,5,0.832063
p1299,p0804,1,0.878671
p1299,p0823,2,0.876509
p1299,p0825,3,0.875002
p1299,p1294,4,0.872060
p1299,p1325,5,0.868715
p1300,p0833,1,0.909636
p1300,p1295,2,0.903604
p1300,p1459,3,0.882160
p1300,p0819,4,0.871161
p1300,p1461,5,0.866965
p1301,p1296,1,0.758118
p1301,p0966,2,0.749140
p1301,p0971,3,0.738011
p1301,p1680,4,0.732563
p1301,p0808,5,0.726667
p1302,p1455,1,0.906266
p1302,p1460,2,0.879690
p1302,p1451,3,0.879211
p1302,p1304,4,0.858840
p1302,p0825,5,0.858437
p1303,p0680,1,0.786997
p1303,p1458,2,0.784220
p1303,p0827,3,0.783014
p1303,p0826,4,0.782157
p1303,p1300,5,0.780444
p1304,p1302,1,0.858840
p1304,p1455,2,0.850865
p1304,p0823,3,0.848962
p1304,p0829,4,0.845666
p1304,p1456,5,0.843797
p1305,p0779,1,0.897403
p1305,p0786,2,0.881284
p1305,p1457,3,0.873881
p1305,p0827,4,0.866506
p1305,p0804,5,0.866386
p1306,p1308,1,0.934188
p1306,p0764,2,0.863458
p1306,p1642,3,0.843758
p1306,p1291,4,0.837071
p1306,p1710,5,0.832029
p1307,p0222,1,0.771442
p1307,p1722,2,0.769834
p1307,p0217,3,0.759696
p1307,p0098,4,0.753960
p1307,p0219,5,0.751488
p1308,p1306,1,0.934188
p1308,p0051,2,0.876043
p1308,p1691,3,0.870898
p1308,p1642,4,0.866969
p1308,p1696,5,0.866173
p1309,p1310,1,0.901732
p1309,p1330,2,0.899875
p1309,p0893,3,0.891521
p1309,p1312,4,0.890749
p1309,p1325,5,0.890404
p1310,p1319,1,0.909459
p1310,p1309,2,0.901732
p1310,p1312,3,0.895256
p1310,p1320,4,0.892604
p1310,p1331,5,0.891360
p1311,p1234,1,0.876368
p1311,p1541,2,0.874281
p1311,p1455,3,0.868070
p1311,p1326,4,0.862905
p1311,p1218,5,0.861983
p1312,p1678,1,0.939169
p1312,p1319,2,0.921409
p1312,p1325,3,0.915455
p1312,p1320,4,0.909252
p1312,p1331,5,0.895282
p1313,p1329,1,0.881533
p1313,p1315,2,0.875821
p1313,p1327,3,0.873043
p1313,p0534,4,0.870613
p1313,p1464,5,0.868212
p1314,p1328,1,0.987948
p1314,p1317,2,0.878484
p1314,p1680,3,0.840222
p1314,p1322,4,0.784088
p1314,p1450,5,0.749725
p1315,p1460,1,0.900171
p1315,p1330,2,0.879610
p1315,p1313,3,0.875821
p1315,p1451,4,0.848731
p1315,p1679,5,0.845378
p1316,p1460,1,0.904828
p1316,p1687,2,0.900075
p1316,p1678,3,0.863744
p1316,p1318,4,0.860083
p1316,p1313,5,0.858186
p1317,p1328,1,0.914424
p1317,p1314,2,0.878484
p1317,p1680,3,0.877109
p1317,p1322,4,0.856430
p1317,p0524,5,0.810372
p1318,p1678,1,0.935494
p1318,p1312,2,0.891699
p1318,p1310,3,0.881957
p1318,p1309,4,0.877653
p1318,p1319,5,0.873550
p1319,p1312,1,0.921409
p1319,p1310,2,0.909459
p1319,p1320,3,0.896042
p1319,p1325,4,0.885356
p1319,p1678,5,0.880455
p1320,p0893,1,0.931634
p1320,p1331,2,0.929858
p1320,p1325,3,0.923305
p1320,p1334,4,0.913748
p1320,p1312,5,0.909252
p1321,p1309,1,0.882121
p1321,p0893,2,0.861506
p1321,p1460,3,0.859380
p1321,p1312,4,0.856199
p1321,p1678,5,0.848559
p1322,p1680,1,0.859357
p1322,p1317,2,0.856430
p1322,p1328,3,0.811512
p1322,p1314,4,0.784088
p1322,p1450,5,0.774942
p1323,p0983,1,0.999709
p1323,p1302,2,0.826707
p1323,p0532,3,0.795742
p1323,p1313,4,0.789233
p1323,p0566,5,0.785189
p1324,p1464,1,0.837887
p1324,p1329,2,0.825223
p1324,p0896,3,0.814324
p1324,p0967,4,0.806686
p1324,p0893,5,0.804074
p1325,p1320,1,0.923305
p1325,p0893,2,0.916251
p1325,p1312,3,0.915455
p1325,p1678,4,0.895253
p1325,p1309,5,0.890404
p1326,p1320,1,0.906692
p1326,p1687,2,0.905832
p1326,p1678,3,0.890878
p1326,p0898,4,0.883205
p1326,p0893,5,0.882728
p1327,p1313,1,0.873043
p1327,p1464,2,0.846285
p1327,p1680,3,0.841613
p1327,p1312,4,0.837023
p1327,p1316,5,0.825087
p1328,p1314,1,0.987948
p1328,p1317,2,0.914424
p1328,p1680,3,0.859557
p1328,p1322,4,0.811512
p1328,p1450,5,0.757693
p1329,p0967,1,0.915123
p1329,p1464,2,0.884835
p1329,p1313,3,0.881533
p1329,p0831,4,0.875750
p1329,p1679,5,0.875379
p1330,p1460,1,0.913903
p1330,p1309,2,0.899875
p1330,p0893,3,0.888859
p1330,p1310,4,0.887298
p1330,p1312,5,0.883748
p1331,p1320,1,0.929858
p1331,p1334,2,0.911387
p1331,p1312,3,0.895282
p1331,p1310,4,0.891360
p1331,p1325,5,0.889180
p1332,p0709,1,0.843369
p1332,p0516,2,0.834293
p1332,p1444,3,0.831512
p1332,p0713,4,0.827977
p1332,p0502,5,0.824402
p1333,p0237,1,0.845718
p1333,p0406,2,0.842617
p1333,p0404,3,0.831003
p1333,p0231,4,0.827878
p1333,p0082,5,0.820511
p1334,p1320,1,0.913748
p1334,p1331,2,0.911387
p1334,p1310,3,0.878677
p1334,p0893,4,0.878518
p1334,p1325,5,0.867798
p1335,p0690,1,0.869842
p1335,p0636,2,0.864365
p1335,p1368,3,0.849051
p1335,p1268,4,0.845863
p1335,p1254,5,0.843521
p1336,p1370,1,0.787794
p1336,p1343,2,0.777804
p1336,p1367,3,0.771304
p1336,p1379,4,0.766698
p1336,p1389,5,0.766267
p1337,p1288,1,0.826212
p1337,p1673,2,0.806386
p1337,p1650,3,0.802988
p1337,p1346,4,0.794411
p1337,p1371,5,0.793998
p1338,p1288,1,0.856690
p1338,p0930,2,0.849134
p1338,p1391,3,0.842780
p1338,p1344,4,0.841722
p1338,p1378,5,0.841498
p1339,p1379,1,0.836340
p1339,p1344,2,0.823117
p1339,p0763,3,0.822240
p1339,p1142,4,0.818709
p1339,p1376,5,0.805898
p1340,p1250,1,0.775932
p1340,p1389,2,0.758617
p1340,p1351,3,0.749533
p1340,p1363,4,0.742881
p1340,p1183,5,0.741545
p1341,p1090,1,0.736626
p1341,p1042,2,0.732957
p1341,p0057,3,0.729790
p1341,p1219,4,0.727471
p1341,p1351,5,0.722759
p1342,p1252,1,0.696506
p1342,p1388,2,0.681509
p1342,p1350,3,0.653980
p1342,p1380,4,0.639822
p1342,p1343,5,0.636597
p1343,p1379,1,0.816134
p1343,p1364,2,0.813689
p1343,p0921,3,0.807773
p1343,p1351,4,0.807293
p1343,p1369,5,0.804408
p1344,p0763,1,0.887088
p1344,p1382,2,0.875362
p1344,p1710,3,0.872586
p1344,p1086,4,0.869094
p1344,p0690,5,0.868405
p1345,p0763,1,0.739586
p1345,p1090,2,0.712429
p1345,p1659,3,0.693117
p1345,p1219,4,0.689380
p1345,p1389,5,0.674082
p1346,p1288,1,0.831542
p1346,p1347,2,0.814043
p1346,p1358,3,0.812471
p1346,p1367,4,0.797982
p1346,p1338,5,0.797143
p1347,p1367,1,0.831381
p1347,p0857,2,0.827926
p1347,p1260,3,0.820928
p1347,p1288,4,0.818608
p1347,p1344,5,0.816054
p1348,p0005,1,0.724220
p1348,p1721,2,0.719919
p1348,p0012,3,0.716588
p1348,p1194,4,0.715758
p1348,p0692,5,0.715137
p1349,p1576,1,0.789006
p1349,p1721,2,0.780347
p1349,p1397,3,0.779261
p1349,p1706,4,0.771622
p1349,p1124,5,0.770566
p1350,p1590,1,0.750869
p1350,p1370,2,0.706321
p1350,p1038,3,0.702611
p1350,p1601,4,0.699822
p1350,p1708,5,0.694692
p1351,p1542,1,0.827194
p1351,p0038,2,0.825012
p1351,p1374,3,0.824891
p1351,p1086,4,0.821881
p1351,p1376,5,0.817324
p1352,p1250,1,0.783180
p1352,p1376,2,0.757710
p1352,p0763,3,0.756954
p1352,p1429,4,0.748733
p1352,p1157,5,0.734855
p1353,p1377,1,0.767196
p1353,p1430,2,0.731403
p1353,p1351,3,0.730528
p1353,p1247,4,0.727586
p1353,p1253,5,0.726547
p1354,p1376,1,0.849687
p1354,p0763,2,0.806686
p1354,p1379,3,0.784631
p1354,p1344,4,0.781639
p1354,p1367,5,0.769653
p1355,p1372,1,0.654225
p1355,p1532,2,0.629956
p1355,p1543,3,0.627101
p1355,p1339,4,0.624469
p1355,p0946,5,0.622966
p1356,p1431,1,0.718880
p1356,p1250,2,0.715132
p1356,p1601,3,0.705425
p1356,p1193,4,0.700537
p1356,p1027,5,0.686626
p1357,p1644,1,0.787273
p1357,p0536,2,0.785652
p1357,p1393,3,0.781800
p1357,p0396,4,0.778112
p1357,p1000,5,0.771983
p1358,p1346,1,0.812471
p1358,p1338,2,0.783357
p1358,p1391,3,0.762505
p1358,p1367,4,0.757677
p1358,p1347,5,0.756383
p1359,p1719,1,0.851996
p1359,p1378,2,0.848663
p1359,p1142,3,0.832418
p1359,p1389,4,0.825860
p1359,p1696,5,0.818275
p1360,p1359,1,0.662944
p1360,p0236,2,0.645930
p1360,p1576,3,0.633361
p1360,p0192,4,0.632037
p1360,p0215,5,0.620778
p1361,p1394,1,0.840722
p1361,p1288,2,0.822797
p1361,p1674,3,0.817627
p1361,p1649,4,0.808717
p1361,p1650,5,0.800582
p1362,p1338,1,0.832483
p1362,p1346,2,0.781644
p1362,p1288,3,0.781018
p1362,p1394,4,0.745984
p1362,p1386,5,0.743022
p1363,p1250,1,0.811391
p1363,p1340,2,0.742881
p1363,p1090,3,0.737407
p1363,p1251,4,0.732772
p1363,p1271,5,0.721371
p1364,p1390,1,0.850470
p1364,p1379,2,0.833334
p1364,p1344,3,0.817646
p1364,p1343,4,0.813689
p1364,p1394,5,0.811688
p1365,p1501,1,0.777957
p1365,p1387,2,0.752533
p1365,p1388,3,0.740939
p1365,p1573,4,0.739624
p1365,p1014,5,0.733697
p1366,p0855,1,0.774951
p1366,p1388,2,0.766029
p1366,p1515,3,0.765063
p1366,p0853,4,0.757174
p1366,p1192,5,0.753675
p1367,p1347,1,0.831381
p1367,p1338,2,0.821722
p1367,p0763,3,0.821092
p1367,p0691,4,0.820965
p1367,p1000,5,0.820239
p1368,p1344,1,0.859183
p1368,p1335,2,0.849051
p1368,p1369,3,0.830124
p1368,p1186,4,0.826820
p1368,p1178,5,0.822520
p1369,p1178,1,0.895911
p1369,p0921,2,0.884242
p1369,p1710,3,0.882267
p1369,p0532,4,0.874782
p1369,p0554,5,0.874348
p1370,p1351,1,0.793444
p1370,p1336,2,0.787794
p1370,p1343,3,0.783648
p1370,p1250,4,0.777711
p1370,p1389,5,0.772400
p1371,p1674,1,0.799403
p1371,p1673,2,0.798524
p1371,p1337,3,0.793998
p1371,p1288,4,0.788321
p1371,p0930,5,0.784893
p1372,p0691,1,0.818131
p1372,p1347,2,0.807497
p1372,p1130,3,0.805253
p1372,p1344,4,0.799253
p1372,p0636,5,0.796595
p1373,p1364,1,0.790454
p1373,p0930,2,0.754837
p1373,p1343,3,0.750930
p1373,p1389,4,0.750012
p1373,p1719,5,0.743400
p1374,p0038,1,0.853731
p1374,p0550,2,0.849301
p1374,p1223,3,0.846299
p1374,p1622,4,0.845366
p1374,p1634,5,0.843839
p1375,p1185,1,0.999848
p1375,p1163,2,0.820918
p1375,p1125,3,0.800826
p1375,p1268,4,0.795977
p1375,p1142,5,0.793958
p1376,p1354,1,0.849687
p1376,p1379,2,0.821174
p1376,p1351,3,0.817324
p1376,p1367,4,0.817258
p1376,p1389,5,0.811971
p1377,p1353,1,0.767196
p1377,p1184,2,0.765888
p1377,p1351,3,0.755118
p1377,p0865,4,0.753777
p1377,p1674,5,0.753336
p1378,p1359,1,0.848663
p1378,p1338,2,0.841498
p1378,p1288,3,0.838570
p1378,p1344,4,0.828179
p1378,p1650,5,0.812879
p1379,p1344,1,0.851354
p1379,p1339,2,0.836340
p1379,p1364,3,0.833334
p1379,p1385,4,0.827439
p1379,p1376,5,0.821174
p1380,p1336,1,0.723371
p1380,p1379,2,0.720526
p1380,p1351,3,0.716153
p1380,p1367,4,0.701848
p1380,p1396,5,0.701597
p1381,p1253,1,0.747612
p1381,p1367,2,0.714601
p1381,p0468,3,0.700402
p1381,p1346,4,0.695031
p1381,p1000,5,0.690958
p1382,p1344,1,0.875362
p1382,p0763,2,0.856526
p1382,p1338,3,0.827231
p1382,p0690,4,0.824399
p1382,p1383,5,0.824027
p1383,p1338,1,0.833015
p1383,p0763,2,0.829374
p1383,p1344,3,0.828369
p1383,p1382,4,0.824027
p1383,p1391,5,0.816858
p1384,p1465,1,0.759247
p1384,p1563,2,0.750720
p1384,p1561,3,0.732462
p1384,p0775,4,0.722260
p1384,p0966,5,0.714259
p1385,p1379,1,0.827439
p1385,p1346,2,0.791584
p1385,p1396,3,0.782870
p1385,p1378,4,0.782798
p1385,p1260,5,0.777469
p1386,p1288,1,0.825197
p1386,p1394,2,0.821397
p1386,p1364,3,0.805774
p1386,p1086,4,0.804216
p1386,p1338,5,0.798933
p1387,p1501,1,0.855550
p1387,p1178,2,0.854161
p1387,p1101,3,0.852906
p1387,p1369,4,0.850926
p1387,p1223,5,0.840808
p1388,p1366,1,0.766029
p1388,p1367,2,0.750030
p1388,p0690,3,0.742901
p1388,p1365,4,0.740939
p1388,p1335,5,0.718960
p1389,p1719,1,0.846912
p1389,p1359,2,0.825860
p1389,p1376,3,0.811971
p1389,p1379,4,0.811666
p1389,p0763,5,0.809853
p1390,p1364,1,0.850470
p1390,p1288,2,0.830594
p1390,p1344,3,0.812379
p1390,p1394,4,0.806876
p1390,p1338,5,0.794634
p1391,p1338,1,0.842780
p1391,p1383,2,0.816858
p1391,p1359,3,0.814897
p1391,p1378,4,0.805279
p1391,p1382,5,0.800442
p1392,p1445,1,0.849888
p1392,p1338,2,0.809861
p1392,p0763,3,0.786113
p1392,p1344,4,0.785765
p1392,p1364,5,0.785054
p1393,p1394,1,0.875821
p1393,p1288,2,0.858724
p1393,p1649,3,0.833952
p1393,p0532,4,0.816396
p1393,p1000,5,0.815992
p1394,p1288,1,0.893600
p1394,p1650,2,0.880088
p1394,p1673,3,0.878738
p1394,p1393,4,0.875821
p1394,p1684,5,0.855204
p1395,p1657,1,0.827840
p1395,p0767,2,0.811076
p1395,p0923,3,0.809311
p1395,p1175,4,0.803176
p1395,p0637,5,0.800252
p1396,p1385,1,0.782870
p1396,p1379,2,0.775712
p1396,p1367,3,0.765259
p1396,p1346,4,0.761245
p1396,p1391,5,0.751839
p1397,p1399,1,0.994662
p1397,p1043,2,0.992382
p1397,p1230,3,0.992360
p1397,p1509,4,0.992132
p1397,p1702,5,0.991565
p1398,p1044,1,0.981150
p1398,p0889,2,0.977031
p1398,p0960,3,0.882646
p1398,p0042,4,0.809962
p1398,p0095,5,0.801337
p1399,p0961,1,0.996753
p1399,p1230,2,0.996570
p1399,p1043,3,0.996476
p1399,p1509,4,0.996139
p1399,p0888,5,0.995546
p1400,p1528,1,0.754345
p1400,p0618,2,0.739115
p1400,p1498,3,0.733500
p1400,p1543,4,0.715369
p1400,p1198,5,0.714052
p1401,p0484,1,0.738059
p1401,p1467,2,0.698839
p1401,p1484,3,0.690986
p1401,p0578,4,0.689545
p1401,p0372,5,0.677990
p1402,p1405,1,0.761477
p1402,p1644,2,0.718240
p1402,p1406,3,0.715926
p1402,p1236,4,0.710873
p1402,p1237,5,0.696853
p1403,p1406,1,0.775840
p1403,p0430,2,0.706036
p1403,p1405,3,0.704346
p1403,p1720,4,0.697478
p1403,p1402,5,0.665487
p1404,p1406,1,0.770835
p1404,p0315,2,0.734290
p1404,p0390,3,0.724411
p1404,p0214,4,0.723142
p1404,p1044,5,0.713919
p1405,p1644,1,0.847527
p1405,p0536,2,0.835795
p1405,p1399,3,0.830080
p1405,p0961,4,0.828182
p1405,p1509,5,0.827549
p1406,p0960,1,0.792156
p1406,p0315,2,0.783968
p1406,p0889,3,0.783919
p1406,p1044,4,0.783910
p1406,p0996,5,0.782644
p1407,p1121,1,0.837869
p1407,p0769,2,0.828313
p1407,p1565,3,0.823704
p1407,p0793,4,0.818005
p1407,p0790,5,0.817328
p1408,p0778,1,0.866377
p1408,p0715,2,0.856187
p1408,p1119,3,0.842443
p1408,p0795,4,0.841970
p1408,p0772,5,0.840247
p1409,p0790,1,0.826404
p1409,p0793,2,0.814670
p1409,p1408,3,0.808031
p1409,p1407,4,0.803030
p1409,p0794,5,0.794491
p1410,p0793,1,0.847592
p1410,p1561,2,0.837835
p1410,p0966,3,0.835430
p1410,p1464,4,0.820401
p1410,p0798,5,0.811843
p1411,p0832,1,0.837420
p1411,p0772,2,0.830601
p1411,p0816,3,0.818664
p1411,p1457,4,0.817977
p1411,p0803,5,0.815402
p1412,p1417,1,0.874200
p1412,p1617,2,0.860966
p1412,p0782,3,0.845697
p1412,p1074,4,0.845568
p1412,p1669,5,0.845521
p1413,p1554,1,0.809558
p1413,p1631,2,0.784570
p1413,p1617,3,0.781244
p1413,p1141,4,0.778272
p1413,p1412,5,0.778179
p1414,p1184,1,0.840986
p1414,p1554,2,0.826676
p1414,p1622,3,0.823054
p1414,p1659,4,0.823054
p1414,p0997,5,0.820512
p1415,p1064,1,0.800976
p1415,p1051,2,0.796442
p1415,p1042,3,0.785815
p1415,p1417,4,0.778026
p1415,p1280,5,0.777833
p1416,p0864,1,0.845717
p1416,p1412,2,0.834149
p1416,p1627,3,0.821422
p1416,p1268,4,0.819205
p1416,p1622,5,0.817950
p1417,p1412,1,0.874200
p1417,p1669,2,0.835499
p1417,p1530,3,0.827354
p1417,p1554,4,0.827057
p1417,p1447,5,0.817022
p1418,p1447,1,0.849377
p1418,p0013,2,0.839554
p1418,p1070,3,0.834806
p1418,p1627,4,0.829490
p1418,p1707,5,0.824906
p1419,p1417,1,0.788687
p1419,p1619,2,0.774380
p1419,p1028,3,0.772613
p1419,p1530,4,0.768805
p1419,p1274,5,0.767860
p1420,p1520,1,0.795730
p1420,p1647,2,0.769130
p1420,p1657,3,0.764794
p1420,p1028,4,0.761975
p1420,p0939,5,0.759954
p1421,p0978,1,0.818998
p1421,p1040,2,0.806244
p1421,p1437,3,0.802017
p1421,p1504,4,0.800048
p1421,p1094,5,0.790802
p1422,p0978,1,0.762742
p1422,p0774,2,0.761382
p1422,p0773,3,0.760967
p1422,p1653,4,0.755571
p1422,p1223,5,0.755308
p1423,p1447,1,0.835633
p1423,p0038,2,0.823194
p1423,p0769,3,0.820944
p1423,p1688,4,0.806747
p1423,p1436,5,0.805409
p1424,p1436,1,0.811812
p1424,p1691,2,0.776761
p1424,p1644,3,0.773147
p1424,p0042,4,0.763074
p1424,p0890,5,0.762081
p1425,p1040,1,0.824001
p1425,p1351,2,0.801703
p1425,p0606,3,0.781746
p1425,p0038,4,0.780411
p1425,p1435,5,0.779564
p1426,p1412,1,0.843179
p1426,p0782,2,0.828749
p1426,p1710,3,0.828686
p1426,p0769,4,0.828146
p1426,p1669,5,0.822525
p1427,p1428,1,0.753825
p1427,p1423,2,0.720129
p1427,p0768,3,0.705504
p1427,p1271,4,0.703758
p1427,p1491,5,0.700623
p1428,p1271,1,0.758530
p1428,p1427,2,0.753825
p1428,p1429,3,0.715661
p1428,p1033,4,0.690014
p1428,p1182,5,0.684909
p1429,p0057,1,0.820106
p1429,p1659,2,0.807356
p1429,p0607,3,0.800504
p1429,p0606,4,0.792363
p1429,p1187,5,0.791157
p1430,p0943,1,0.837882
p1430,p1710,2,0.834435
p1430,p0038,3,0.829432
p1430,p1707,4,0.820582
p1430,p0769,5,0.814236
p1431,p0817,1,0.834540
p1431,p1432,2,0.829868
p1431,p1068,3,0.827144
p1431,p1443,4,0.818545
p1431,p1440,5,0.816069
p1432,p0769,1,0.864188
p1432,p1412,2,0.840857
p1432,p1447,3,0.831554
p1432,p1431,4,0.829868
p1432,p1669,5,0.820870
p1433,p1062,1,0.812958
p1433,p1639,2,0.754439
p1433,p1615,3,0.748115
p1433,p1275,4,0.742403
p1433,p1429,5,0.714490
p1434,p1659,1,0.820477
p1434,p1042,2,0.798195
p1434,p1437,3,0.797810
p1434,p0769,4,0.789098
p1434,p1440,5,0.785375
p1435,p0038,1,0.818986
p1435,p1447,2,0.812747
p1435,p0761,3,0.809036
p1435,p0769,4,0.806308
p1435,p1437,5,0.802155
p1436,p1548,1,0.859946
p1436,p0042,2,0.846664
p1436,p1691,3,0.841162
p1436,p1649,4,0.838446
p1436,p0500,5,0.836405
p1437,p1040,1,0.851705
p1437,p1440,2,0.821229
p1437,p1548,3,0.817097
p1437,p0637,4,0.814829
p1437,p1042,5,0.809922
p1438,p1013,1,0.804418
p1438,p1603,2,0.800468
p1438,p1574,3,0.792327
p1438,p1638,4,0.791747
p1438,p0784,5,0.789151
p1439,p1708,1,0.720471
p1439,p1639,2,0.701552
p1439,p0057,3,0.697286
p1439,p1429,4,0.693259
p1439,p1062,5,0.692791
p1440,p0943,1,0.840105
p1440,p1437,2,0.821229
p1440,p1669,3,0.818025
p1440,p0710,4,0.817346
p1440,p1431,5,0.816069
p1441,p1442,1,0.756787
p1441,p1656,2,0.752806
p1441,p0997,3,0.751977
p1441,p1216,4,0.749035
p1441,p1624,5,0.742312
p1442,p0769,1,0.802796
p1442,p0921,2,0.800681
p1442,p0943,3,0.797063
p1442,p1430,4,0.795457
p1442,p1074,5,0.794709
p1443,p0710,1,0.856715
p1443,p1369,2,0.841976
p1443,p0680,3,0.823690
p1443,p0817,4,0.819113
p1443,p1431,5,0.818545
p1444,p1459,1,0.840745
p1444,p0680,2,0.834638
p1444,p0681,3,0.832880
p1444,p1293,4,0.832815
p1444,p1332,5,0.831512
p1445,p1392,1,0.849888
p1445,p1451,2,0.828059
p1445,p1302,3,0.825346
p1445,p1329,4,0.824323
p1445,p1464,5,0.824212
p1446,p1158,1,0.652043
p1446,p0880,2,0.636855
p1446,p1141,3,0.636816
p1446,p0462,4,0.629728
p1446,p1185,5,0.626115
p1447,p1418,1,0.849377
p1447,p1178,2,0.835862
p1447,p1423,3,0.835633
p1447,p1369,4,0.833903
p1447,p1432,5,0.831554
p1448,p1321,1,0.816495
p1448,p1452,2,0.813623
p1448,p1302,3,0.799270
p1448,p1455,4,0.796912
p1448,p1464,5,0.784422
p1449,p1302,1,0.851790
p1449,p1232,2,0.846339
p1449,p1455,3,0.844203
p1449,p1451,4,0.833772
p1449,p1452,5,0.830433
p1450,p0822,1,0.827539
p1450,p0818,2,0.801958
p1450,p1322,3,0.774942
p1450,p0304,4,0.769836
p1450,p0093,5,0.761730
p1451,p0825,1,0.886450
p1451,p1453,2,0.885015
p1451,p1302,3,0.879211
p1451,p1455,4,0.875613
p1451,p1462,5,0.867655
p1452,p1449,1,0.830433
p1452,p1448,2,0.813623
p1452,p1447,3,0.795856
p1452,p1232,4,0.792257
p1452,p1464,5,0.791848
p1453,p1462,1,0.905300
p1453,p0825,2,0.892269
p1453,p1460,3,0.890332
p1453,p1451,4,0.885015
p1453,p0893,5,0.880165
p1454,p1312,1,0.858935
p1454,p1334,2,0.854968
p1454,p1319,3,0.847667
p1454,p1310,4,0.840735
p1454,p1320,5,0.839825
p1455,p0819,1,0.912508
p1455,p1302,2,0.906266
p1455,p0825,3,0.898376
p1455,p0823,4,0.882804
p1455,p1459,5,0.879050
p1456,p1455,1,0.878424
p1456,p0832,2,0.868065
p1456,p1457,3,0.855467
p1456,p0780,4,0.850292
p1456,p0714,5,0.849884
p1457,p0804,1,0.902098
p1457,p0832,2,0.895627
p1457,p0825,3,0.885806
p1457,p1294,4,0.881866
p1457,p0779,5,0.881586
p1458,p1303,1,0.784220
p1458,p0708,2,0.765811
p1458,p0829,3,0.760291
p1458,p1232,4,0.755450
p1458,p0706,5,0.754339
p1459,p1642,1,0.888988
p1459,p0772,2,0.884191
p1459,p0827,3,0.883340
p1459,p1300,4,0.882160
p1459,p1232,5,0.881036
p1460,p1330,1,0.913903
p1460,p1316,2,0.904828
p1460,p1315,3,0.900171
p1460,p1453,4,0.890332
p1460,p0893,5,0.887908
p1461,p0833,1,0.913470
p1461,p0898,2,0.874588
p1461,p1300,3,0.866965
p1461,p0834,4,0.851277
p1461,p1453,5,0.847172
p1462,p1453,1,0.905300
p1462,p1463,2,0.891377
p1462,p1451,3,0.867655
p1462,p0825,4,0.862601
p1462,p1455,5,0.852746
p1463,p1462,1,0.891377
p1463,p1460,2,0.844774
p1463,p1454,3,0.838025
p1463,p1453,4,0.824893
p1463,p0825,5,0.824861
p1464,p0967,1,0.888988
p1464,p1329,2,0.884835
p1464,p1561,3,0.874748
p1464,p1313,4,0.868212
p1464,p1679,5,0.863280
p1465,p0967,1,0.808577
p1465,p1329,2,0.805459
p1465,p1683,3,0.794649
p1465,p1464,4,0.782103
p1465,p0966,5,0.781212
p1466,p0275,1,0.851126
p1466,p0270,2,0.838942
p1466,p0185,3,0.832056
p1466,p0289,4,0.818150
p1466,p0230,5,0.816752
p1467,p1471,1,0.814067
p1467,p1484,2,0.806768
p1467,p1468,3,0.792018
p1467,p1476,4,0.786502
p1467,p0580,5,0.779165
p1468,p1471,1,0.842018
p1468,p1476,2,0.820883
p1468,p1474,3,0.816645
p1468,p1470,4,0.800434
p1468,p1486,5,0.797584
p1469,p1475,1,0.789511
p1469,p1476,2,0.782640
p1469,p1486,3,0.768803
p1469,p1468,4,0.767405
p1469,p1467,5,0.765882
p1470,p1468,1,0.800434
p1470,p1471,2,0.783033
p1470,p1476,3,0.733066
p1470,p0475,4,0.713841
p1470,p0473,5,0.708944
p1471,p1468,1,0.842018
p1471,p1467,2,0.814067
p1471,p1476,3,0.789245
p1471,p1470,4,0.783033
p1471,p1644,5,0.766683
p1472,p0835,1,0.801875
p1472,p0844,2,0.799537
p1472,p1236,3,0.796621
p1472,p0842,4,0.796079
p1472,p0855,5,0.789738
p1473,p1492,1,0.767120
p1473,p1477,2,0.680397
p1473,p1409,3,0.661497
p1473,p1410,4,0.655813
p1473,p0770,5,0.655042
p1474,p1476,1,0.859511
p1474,p0411,2,0.838909
p1474,p1644,3,0.829288
p1474,p1486,4,0.822762
p1474,p1468,5,0.816645
p1475,p1478,1,0.810139
p1475,p1469,2,0.789511
p1475,p1481,3,0.770696
p1475,p1476,4,0.750686
p1475,p1492,5,0.746221
p1476,p1486,1,0.870886
p1476,p1474,2,0.859511
p1476,p0097,3,0.852527
p1476,p0411,4,0.849949
p1476,p1566,5,0.841915
p1477,p1476,1,0.774389
p1477,p1479,2,0.762756
p1477,p1486,3,0.754934
p1477,p0796,4,0.750645
p1477,p1474,5,0.746907
p1478,p1475,1,0.810139
p1478,p1494,2,0.777181
p1478,p1481,3,0.766449
p1478,p1471,4,0.733895
p1478,p1468,5,0.729900
p1479,p1482,1,0.837719
p1479,p1474,2,0.794810
p1479,p0037,3,0.787563
p1479,p1491,4,0.769702
p1479,p1472,5,0.768501
p1480,p1492,1,0.725055
p1480,p1471,2,0.693395
p1480,p1476,3,0.684826
p1480,p1470,4,0.673265
p1480,p1475,5,0.673097
p1481,p1475,1,0.770696
p1481,p1478,2,0.766449
p1481,p1471,3,0.756493
p1481,p1468,4,0.741051
p1481,p1495,5,0.728929
p1482,p1479,1,0.837719
p1482,p1495,2,0.773453
p1482,p1459,3,0.769903
p1482,p1484,4,0.765992
p1482,p1467,5,0.762379
p1483,p1677,1,0.722944
p1483,p1675,2,0.714251
p1483,p1688,3,0.707116
p1483,p0003,4,0.701463
p1483,p1228,5,0.699828
p1484,p0407,1,0.833005
p1484,p0215,2,0.824478
p1484,p1476,3,0.818292
p1484,p1696,4,0.816605
p1484,p0051,5,0.813713
p1485,p1484,1,0.804032
p1485,p1482,2,0.743653
p1485,p1476,3,0.742361
p1485,p1567,4,0.741618
p1485,p0978,5,0.736602
p1486,p1476,1,0.870886
p1486,p0473,2,0.864929
p1486,p0411,3,0.845157
p1486,p0478,4,0.840856
p1486,p0412,5,0.835067
p1487,p0475,1,0.726066
p1487,p0266,2,0.696879
p1487,p0218,3,0.694752
p1487,p0346,4,0.693983
p1487,p0161,5,0.692267
p1488,p1484,1,0.774177
p1488,p1219,2,0.722984
p1488,p0056,3,0.721740
p1488,p0051,4,0.711432
p1488,p1677,5,0.710849
p1489,p1468,1,0.763846
p1489,p0682,2,0.723693
p1489,p1494,3,0.722656
p1489,p1471,4,0.718731
p1489,p0473,5,0.718677
p1490,p1470,1,0.630397
p1490,p0475,2,0.619884
p1490,p0467,3,0.592574
p1490,p1492,4,0.591431
p1490,p1486,5,0.585427
p1491,p0032,1,0.817205
p1491,p1436,2,0.807899
p1491,p0875,3,0.805158
p1491,p1361,4,0.795934
p1491,p1548,5,0.794051
p1492,p1473,1,0.767120
p1492,p1475,2,0.746221
p1492,p1477,3,0.734415
p1492,p1482,4,0.729568
p1492,p1480,5,0.725055
p1493,p1476,1,0.817235
p1493,p1688,2,0.812854
p1493,p0097,3,0.808922
p1493,p1693,4,0.806790
p1493,p1690,5,0.798464
p1494,p0536,1,0.825661
p1494,p0580,2,0.822915
p1494,p1644,3,0.820523
p1494,p1123,4,0.820145
p1494,p1566,5,0.811474
p1495,p1482,1,0.773453
p1495,p1086,2,0.760947
p1495,p1386,3,0.757164
p1495,p1471,4,0.752025
p1495,p1395,5,0.748862
p1496,p1497,1,0.608096
p1496,p1492,2,0.599141
p1496,p1495,3,0.590514
p1496,p1475,4,0.560214
p1496,p1057,5,0.537224
p1497,p1469,1,0.697324
p1497,p1468,2,0.683635
p1497,p1475,3,0.681133
p1497,p1467,4,0.670419
p1497,p1476,5,0.647388
p1498,p0618,1,0.835862
p1498,p0619,2,0.827636
p1498,p1050,3,0.825535
p1498,p0746,4,0.814013
p1498,p1140,5,0.811571
p1499,p1542,1,0.786977
p1499,p1501,2,0.762718
p1499,p1098,3,0.750109
p1499,p1035,4,0.740667
p1499,p1659,5,0.739698
p1500,p1501,1,0.873766
p1500,p1670,2,0.829191
p1500,p0729,3,0.822639
p1500,p1502,4,0.822296
p1500,p0981,5,0.821425
p1501,p1546,1,0.883076
p1501,p1500,2,0.873766
p1501,p1092,3,0.859531
p1501,p1387,4,0.855550
p1501,p1063,5,0.851652
p1502,p0981,1,0.839839
p1502,p0728,2,0.832496
p1502,p1500,3,0.822296
p1502,p0926,4,0.814411
p1502,p0638,5,0.814010
p1503,p0979,1,0.766764
p1503,p1519,2,0.741407
p1503,p1502,3,0.740645
p1503,p0976,4,0.737538
p1503,p1510,5,0.729302
p1504,p1223,1,0.846971
p1504,p0769,2,0.837586
p1504,p1548,3,0.833819
p1504,p1040,4,0.829245
p1504,p1649,5,0.818318
p1505,p1369,1,0.867422
p1505,p1649,2,0.829668
p1505,p1640,3,0.828586
p1505,p1219,4,0.824295
p1505,p1178,5,0.817796
p1506,p1505,1,0.794305
p1506,p0773,2,0.777602
p1506,p1552,3,0.763778
p1506,p1518,4,0.750320
p1506,p0868,5,0.749517
p1507,p1056,1,0.986854
p1507,p1190,2,0.854186
p1507,p1502,3,0.792245
p1507,p1498,4,0.790701
p1507,p0618,5,0.780633
p1508,p1061,1,0.968383
p1508,p0663,2,0.843367
p1508,p0620,3,0.843357
p1508,p1060,4,0.833845
p1508,p0958,5,0.827274
p1509,p1043,1,0.997888
p1509,p1085,2,0.997762
p1509,p1230,3,0.997006
p1509,p0961,4,0.996825
p1509,p1702,5,0.996575
p1510,p1501,1,0.790114
p1510,p1008,2,0.780783
p1510,p0925,3,0.777102
p1510,p1267,4,0.777084
p1510,p0922,5,0.774951
p1511,p1714,1,0.793659
p1511,p1582,2,0.781179
p1511,p1550,3,0.778442
p1511,p1209,4,0.772561
p1511,p0141,5,0.766043
p1512,p1556,1,0.787404
p1512,p1534,2,0.773021
p1512,p1708,3,0.752841
p1512,p1639,4,0.735601
p1512,p1589,5,0.721975
p1513,p0770,1,0.827127
p1513,p1311,2,0.806012
p1513,p0517,3,0.796922
p1513,p1676,4,0.796040
p1513,p0775,5,0.791120
p1514,p1196,1,0.741503
p1514,p1053,2,0.736856
p1514,p1191,3,0.733121
p1514,p1197,4,0.729376
p1514,p1275,5,0.714246
p1515,p0748,1,0.849580
p1515,p1254,2,0.838113
p1515,p0746,3,0.832579
p1515,p1287,4,0.831965
p1515,p0948,5,0.830031
p1516,p1556,1,0.796374
p1516,p1024,2,0.772715
p1516,p1531,3,0.750976
p1516,p0928,4,0.746682
p1516,p1526,5,0.743918
p1517,p0927,1,0.827672
p1517,p1669,2,0.824991
p1517,p1559,3,0.820204
p1517,p0748,4,0.817888
p1517,p1523,5,0.807157
p1518,p0769,1,0.833801
p1518,p1146,2,0.822836
p1518,p1206,3,0.818443
p1518,p1223,4,0.815256
p1518,p1542,5,0.810253
p1519,p1520,1,0.800478
p1519,p1028,2,0.778307
p1519,p0928,3,0.775119
p1519,p1515,4,0.773227
p1519,p1526,5,0.767800
p1520,p1519,1,0.800478
p1520,p1558,2,0.800328
p1520,p1420,3,0.795730
p1520,p1028,4,0.792678
p1520,p1668,5,0.791212
p1521,p0745,1,0.738181
p1521,p1645,2,0.737083
p1521,p0746,3,0.732125
p1521,p0619,4,0.729849
p1521,p1523,5,0.724474
p1522,p0693,1,0.714332
p1522,p0045,2,0.714243
p1522,p1040,3,0.690543
p1522,p1542,4,0.677785
p1522,p0142,5,0.675821
p1523,p1517,1,0.807157
p1523,p1558,2,0.764646
p1523,p1622,3,0.740785
p1523,p1031,4,0.740607
p1523,p1593,5,0.736918
p1524,p0748,1,0.881936
p1524,p1035,2,0.860822
p1524,p0663,3,0.849580
p1524,p1063,4,0.844458
p1524,p1656,5,0.843315
p1525,p1257,1,0.765705
p1525,p1031,2,0.748542
p1525,p1515,3,0.743942
p1525,p1553,4,0.740060
p1525,p1546,5,0.739949
p1526,p0928,1,0.812716
p1526,p1556,2,0.808604
p1526,p1533,3,0.792706
p1526,p1585,4,0.778196
p1526,p1709,5,0.777864
p1527,p1094,1,0.812239
p1527,p1531,2,0.812004
p1527,p1437,3,0.769863
p1527,p1559,4,0.769738
p1527,p0939,5,0.769304
p1528,p1198,1,0.860281
p1528,p1501,2,0.851439
p1528,p0618,3,0.846085
p1528,p1543,4,0.839706
p1528,p0925,5,0.837532
p1529,p0774,1,0.783909
p1529,p1577,2,0.756066
p1529,p1102,3,0.749601
p1529,p1101,4,0.741153
p1529,p1387,5,0.741014
p1530,p1669,1,0.879570
p1530,p0782,2,0.864942
p1530,p1555,3,0.862995
p1530,p0764,4,0.861404
p1530,p0636,5,0.857892
p1531,p1527,1,0.812004
p1531,p1024,2,0.783656
p1531,p0928,3,0.781270
p1531,p1556,4,0.778105
p1531,p1273,5,0.770215
p1532,p0934,1,0.702829
p1532,p1531,2,0.695917
p1532,p0924,3,0.694520
p1532,p1051,4,0.688726
p1532,p1429,5,0.681586
p1533,p0928,1,0.954389
p1533,p1526,2,0.792706
p1533,p1556,3,0.771532
p1533,p1024,4,0.748494
p1533,p1531,5,0.745076
p1534,p1512,1,0.773021
p1534,p1024,2,0.697581
p1534,p1516,3,0.690425
p1534,p1252,4,0.689609
p1534,p0933,5,0.682159
p1535,p0602,1,0.670731
p1535,p0726,2,0.669617
p1535,p1207,3,0.668698
p1535,p0932,4,0.660430
p1535,p1151,5,0.657303
p1536,p1209,1,0.772109
p1536,p0472,2,0.755137
p1536,p1558,3,0.750757
p1536,p1612,4,0.732654
p1536,p0986,5,0.729283
p1537,p0867,1,0.823479
p1537,p0868,2,0.822744
p1537,p1672,3,0.817270
p1537,p1124,4,0.815118
p1537,p0396,5,0.802540
p1538,p0746,1,0.830688
p1538,p1498,2,0.792264
p1538,p0618,3,0.773209
p1538,p1528,4,0.763943
p1538,p0726,5,0.758912
p1539,p1145,1,0.743388
p1539,p0944,2,0.733598
p1539,p1166,3,0.730962
p1539,p1078,4,0.725475
p1539,p0915,5,0.721490
p1540,p1622,1,0.823037
p1540,p0949,2,0.816014
p1540,p1031,3,0.810013
p1540,p1515,4,0.807882
p1540,p1063,5,0.807444
p1541,p1679,1,0.892986
p1541,p0775,2,0.886934
p1541,p0967,3,0.884172
p1541,p1311,4,0.874281
p1541,p1685,5,0.871635
p1542,p0767,1,0.875021
p1542,p0600,2,0.869681
p1542,p0769,3,0.864059
p1542,p0038,4,0.858732
p1542,p0606,5,0.853037
p1543,p1528,1,0.839706
p1543,p0925,2,0.834617
p1543,p1198,3,0.764013
p1543,p0618,4,0.756312
p1543,p1267,5,0.752199
p1544,p0516,1,0.816199
p1544,p1595,2,0.810559
p1544,p0518,3,0.809556
p1544,p0764,4,0.808785
p1544,p1369,5,0.803286
p1545,p1286,1,0.783988
p1545,p1281,2,0.783190
p1545,p1285,3,0.779759
p1545,p1284,4,0.763789
p1545,p1262,5,0.743439
p1546,p1501,1,0.883076
p1546,p0728,2,0.872007
p1546,p0926,3,0.871276
p1546,p0663,4,0.858090
p1546,p1670,5,0.857525
p1547,p1040,1,0.822043
p1547,p0044,2,0.770580
p1547,p1548,3,0.751516
p1547,p0551,4,0.751305
p1547,p1442,5,0.748204
p1548,p0769,1,0.866989
p1548,p0767,2,0.865920
p1548,p0764,3,0.861799
p1548,p1436,4,0.859946
p1548,p0042,5,0.853029
p1549,p0970,1,0.819407
p1549,p0965,2,0.786427
p1549,p1596,3,0.762546
p1549,p0972,4,0.753428
p1549,p1595,5,0.741060
p1550,p1223,1,0.814053
p1550,p0605,2,0.813657
p1550,p1571,3,0.812932
p1550,p1028,4,0.809843
p1550,p0664,5,0.809318
p1551,p0391,1,0.667729
p1551,p0153,2,0.661155
p1551,p0206,3,0.652391
p1551,p0138,4,0.638283
p1551,p0348,5,0.635211
p1552,p1501,1,0.806861
p1552,p1548,2,0.802376
p1552,p1031,3,0.795874
p1552,p0867,4,0.785518
p1552,p0868,5,0.783969
p1553,p1280,1,0.827213
p1553,p1134,2,0.822046
p1553,p0938,3,0.811427
p1553,p1257,4,0.803930
p1553,p1528,5,0.801264
p1554,p1619,1,0.854887
p1554,p1617,2,0.840099
p1554,p1524,3,0.836521
p1554,p1634,4,0.835432
p1554,p0885,5,0.829684
p1555,p1035,1,0.873752
p1555,p1028,2,0.864101
p1555,p1530,3,0.862995
p1555,p0948,4,0.862360
p1555,p0637,5,0.860652
p1556,p1526,1,0.808604
p1556,p1027,2,0.805984
p1556,p0928,3,0.799213
p1556,p1516,4,0.796374
p1556,p1030,5,0.795712
p1557,p0867,1,0.814260
p1557,p0868,2,0.813503
p1557,p0038,3,0.800150
p1557,p0943,4,0.791383
p1557,p0949,5,0.782367
p1558,p1209,1,0.827605
p1558,p1520,2,0.800328
p1558,p0883,3,0.789552
p1558,p0663,4,0.785376
p1558,p0728,5,0.770945
p1559,p1517,1,0.820204
p1559,p0927,2,0.808006
p1559,p0748,3,0.788066
p1559,p0939,4,0.777848
p1559,p1026,5,0.777153
p1560,p1642,1,0.851490
p1560,p0553,2,0.849004
p1560,p0766,3,0.836467
p1560,p1643,4,0.825453
p1560,p0579,5,0.808332
p1561,p1679,1,0.883426
p1561,p1464,2,0.874748
p1561,p1325,3,0.862282
p1561,p0967,4,0.862126
p1561,p1329,5,0.859276
p1562,p1564,1,0.812745
p1562,p1563,2,0.812226
p1562,p1561,3,0.801012
p1562,p1410,4,0.796463
p1562,p0768,5,0.794821
p1563,p1561,1,0.849732
p1563,p1562,2,0.812226
p1563,p1410,3,0.811176
p1563,p1008,4,0.808707
p1563,p0966,5,0.805768
p1564,p0772,1,0.843623
p1564,p0516,2,0.834658
p1564,p0809,3,0.830908
p1564,p1561,4,0.822229
p1564,p0764,5,0.822036
p1565,p0516,1,0.859064
p1565,p1099,2,0.843304
p1565,p0943,3,0.841813
p1565,p0790,4,0.837396
p1565,p0515,5,0.836982
p1566,p0397,1,0.862174
p1566,p0396,2,0.857761
p1566,p0536,3,0.856143
p1566,p0045,4,0.849781
p1566,p1644,5,0.848915
p1567,p1589,1,0.828574
p1567,p1219,2,0.821580
p1567,p0990,3,0.808398
p1567,p1574,4,0.801991
p1567,p0038,5,0.797959
p1568,p1111,1,0.794149
p1568,p1117,2,0.780712
p1568,p0648,3,0.772995
p1568,p1121,4,0.759821
p1568,p0482,5,0.755851
p1569,p0619,1,0.766768
p1569,p0878,2,0.757259
p1569,p1498,3,0.753474
p1569,p1140,4,0.747313
p1569,p1078,5,0.738693
p1570,p0726,1,0.805302
p1570,p1498,2,0.800468
p1570,p1528,3,0.796549
p1570,p0958,4,0.790887
p1570,p1515,5,0.787882
p1571,p0985,1,0.819570
p1571,p1223,2,0.815700
p1571,p1550,3,0.812932
p1571,p1228,4,0.805022
p1571,p1675,5,0.802328
p1572,p1246,1,0.689072
p1572,p0977,2,0.678742
p1572,p0989,3,0.675607
p1572,p1527,4,0.670867
p1572,p0651,5,0.669739
p1573,p1501,1,0.826416
p1573,p1023,2,0.810857
p1573,p1387,3,0.803037
p1573,p0986,4,0.795649
p1573,p0663,5,0.793539
p1574,p1577,1,0.839264
p1574,p0767,2,0.834763
p1574,p1144,3,0.833129
p1574,p1219,4,0.830894
p1574,p1206,5,0.830023
p1575,p0978,1,0.706889
p1575,p1527,2,0.689077
p1575,p1548,3,0.673641
p1575,p1504,4,0.673091
p1575,p0774,5,0.671099
p1576,p1717,1,0.863594
p1576,p1720,2,0.859085
p1576,p0996,3,0.852005
p1576,p1397,4,0.836344
p1576,p1719,5,0.831418
p1577,p1574,1,0.839264
p1577,p1092,2,0.825772
p1577,p1685,3,0.824292
p1577,p1206,4,0.818074
p1577,p0774,5,0.816107
p1578,p0935,1,0.775563
p1578,p0976,2,0.626833
p1578,p1265,3,0.611564
p1578,p1133,4,0.609034
p1578,p1210,5,0.606822
p1579,p1008,1,0.800600
p1579,p1501,2,0.782462
p1579,p1510,3,0.771399
p1579,p1014,4,0.768247
p1579,p1595,5,0.752931
p1580,p1579,1,0.734500
p1580,p0979,2,0.696730
p1580,p0980,3,0.689242
p1580,p0988,4,0.687674
p1580,p1583,5,0.679207
p1581,p1199,1,0.953702
p1581,p1131,2,0.767153
p1581,p0946,3,0.757557
p1581,p1133,4,0.750796
p1581,p1605,5,0.738770
p1582,p0767,1,0.823418
p1582,p1542,2,0.817425
p1582,p0550,3,0.817218
p1582,p1548,4,0.811347
p1582,p1035,5,0.808314
p1583,p0605,1,0.848089
p1583,p0663,2,0.838208
p1583,p0728,3,0.833944
p1583,p1035,4,0.829151
p1583,p1670,5,0.828539
p1584,p1407,1,0.814559
p1584,p0141,2,0.809323
p1584,p0769,3,0.809099
p1584,p1039,4,0.796870
p1584,p1110,5,0.785174
p1585,p1526,1,0.778196
p1585,p0979,2,0.758817
p1585,p1519,3,0.742777
p1585,p0928,4,0.739639
p1585,p0925,5,0.732044
p1586,p1656,1,0.851121
p1586,p1035,2,0.846592
p1586,p0664,3,0.844959
p1586,p1013,4,0.843512
p1586,p0961,5,0.842984
p1587,p1435,1,0.736448
p1587,p1550,2,0.723226
p1587,p1548,3,0.720767
p1587,p1542,4,0.698345
p1587,p1513,5,0.690818
p1588,p1077,1,0.725367
p1588,p1531,2,0.722387
p1588,p1216,3,0.719815
p1588,p0911,4,0.714479
p1588,p1039,5,0.714326
p1589,p1219,1,0.836302
p1589,p1567,2,0.828574
p1589,p1601,3,0.804631
p1589,p0057,4,0.798618
p1589,p1708,5,0.787565
p1590,p1708,1,0.758441
p1590,p1350,2,0.750869
p1590,p1038,3,0.738665
p1590,p0928,4,0.706344
p1590,p1512,5,0.704613
p1591,p1437,1,0.804916
p1591,p1548,2,0.800086
p1591,p1040,3,0.789911
p1591,p1184,4,0.784238
p1591,p1611,5,0.783246
p1592,p0603,1,0.764843
p1592,p1040,2,0.737066
p1592,p1437,3,0.726626
p1592,p1591,4,0.721936
p1592,p0493,5,0.721145
p1593,p0769,1,0.811321
p1593,p1223,2,0.808276
p1593,p1675,3,0.796858
p1593,p1110,4,0.794615
p1593,p1518,5,0.794361
p1594,p1031,1,0.756155
p1594,p1563,2,0.749491
p1594,p0608,3,0.734273
p1594,p1028,4,0.730946
p1594,p1530,5,0.728119
p1595,p0964,1,0.844416
p1595,p0565,2,0.842132
p1595,p1012,3,0.840981
p1595,p1023,4,0.830570
p1595,p1602,5,0.830142
p1596,p0982,1,0.822179
p1596,p0903,2,0.821701
p1596,p0966,3,0.820502
p1596,p0970,4,0.803199
p1596,p1683,5,0.796575
p1597,p1121,1,0.806428
p1597,p0648,2,0.785755
p1597,p1111,3,0.764072
p1597,p0651,4,0.763976
p1597,p1103,5,0.760736
p1598,p1613,1,0.735899
p1598,p1207,2,0.710002
p1598,p0939,3,0.706805
p1598,p1597,4,0.702236
p1598,p1182,5,0.673695
p1599,p1036,1,0.700176
p1599,p1534,2,0.616903
p1599,p1032,3,0.612862
p1599,p1512,4,0.576578
p1599,p0953,5,0.570228
p1600,p1017,1,0.739931
p1600,p0601,2,0.727065
p1600,p1527,3,0.724616
p1600,p0926,4,0.723912
p1600,p1670,5,0.723587
p1601,p1038,1,0.811978
p1601,p1589,2,0.804631
p1601,p1275,3,0.802882
p1601,p1193,4,0.780567
p1601,p1027,5,0.777172
p1602,p1595,1,0.830142
p1602,p1023,2,0.820265
p1602,p0774,3,0.806491
p1602,p0970,4,0.805071
p1602,p0981,5,0.797304
p1603,p1438,1,0.800468
p1603,p1013,2,0.791412
p1603,p1008,3,0.779262
p1603,p0784,4,0.766004
p1603,p0945,5,0.765856
p1604,p0799,1,0.732481
p1604,p1012,2,0.723743
p1604,p0784,3,0.719744
p1604,p1005,4,0.712158
p1604,p0574,5,0.711565
p1605,p0925,1,0.766657
p1605,p1581,2,0.738770
p1605,p1608,3,0.734399
p1605,p1655,4,0.720767
p1605,p1585,5,0.716575
p1606,p1501,1,0.830300
p1606,p1216,2,0.807020
p1606,p0637,3,0.796002
p1606,p1178,4,0.789768
p1606,p1546,5,0.789090
p1607,p1606,1,0.716445
p1607,p0726,2,0.678013
p1607,p1528,3,0.670722
p1607,p1136,4,0.662750
p1607,p1210,5,0.660813
p1608,p0925,1,0.820996
p1608,p0923,2,0.803411
p1608,p1071,3,0.799941
p1608,p0951,4,0.777897
p1608,p1395,5,0.775593
p1609,p0978,1,0.761780
p1609,p1437,2,0.757432
p1609,p1094,3,0.748618
p1609,p1443,4,0.745886
p1609,p1504,5,0.744494
p1610,p1567,1,0.773618
p1610,p0990,2,0.758984
p1610,p0929,3,0.748234
p1610,p1589,4,0.744996
p1610,p0517,5,0.743327
p1611,p0971,1,0.794835
p1611,p1437,2,0.792590
p1611,p0990,3,0.790099
p1611,p1591,4,0.783246
p1611,p0141,5,0.782144
p1612,p1012,1,0.815621
p1612,p0554,2,0.813802
p1612,p0665,3,0.811559
p1612,p1117,4,0.809449
p1612,p0515,5,0.804469
p1613,p1598,1,0.735899
p1613,p0939,2,0.733757
p1613,p1608,3,0.708749
p1613,p0951,4,0.705259
p1613,p1597,5,0.699877
p1614,p0238,1,0.805661
p1614,p1217,2,0.804584
p1614,p0209,3,0.711275
p1614,p0237,4,0.692674
p1614,p0514,5,0.687597
p1615,p1429,1,0.758406
p1615,p1062,2,0.752452
p1615,p1433,3,0.748115
p1615,p1616,4,0.731524
p1615,p1064,5,0.718899
p1616,p1271,1,0.732902
p1616,p1615,2,0.731524
p1616,p1250,3,0.725312
p1616,p1659,4,0.716662
p1616,p0002,5,0.713122
p1617,p1412,1,0.860966
p1617,p1619,2,0.856608
p1617,p1554,3,0.840099
p1617,p1125,4,0.836515
p1617,p1631,5,0.832329
p1618,p1620,1,0.888237
p1618,p1622,2,0.798642
p1618,p1624,3,0.795872
p1618,p1074,4,0.774520
p1618,p1130,5,0.774471
p1619,p1631,1,0.861376
p1619,p1617,2,0.856608
p1619,p0875,3,0.856474
p1619,p1554,4,0.854887
p1619,p1634,5,0.845212
p1620,p1618,1,0.888237
p1620,p1074,2,0.733431
p1620,p1130,3,0.727214
p1620,p0236,4,0.723742
p1620,p0748,5,0.723494
p1621,p1631,1,0.852660
p1621,p1619,2,0.836055
p1621,p1617,3,0.804971
p1621,p1412,4,0.794928
p1621,p1634,5,0.791874
p1622,p1028,1,0.846710
p1622,p1063,2,0.846320
p1622,p1374,3,0.845366
p1622,p1624,4,0.841459
p1622,p0955,5,0.835308
p1623,p1631,1,0.755949
p1623,p1619,2,0.742494
p1623,p1633,3,0.739075
p1623,p1617,4,0.738637
p1623,p1628,5,0.731510
p1624,p1622,1,0.841459
p1624,p1374,2,0.838314
p1624,p1627,3,0.833593
p1624,p1656,4,0.828243
p1624,p1287,5,0.823839
p1625,p1035,1,0.860712
p1625,p1656,2,0.858169
p1625,p1276,3,0.850115
p1625,p1634,4,0.846955
p1625,p1259,5,0.828462
p1626,p1622,1,0.833645
p1626,p1374,2,0.830202
p1626,p0767,3,0.825894
p1626,p1040,4,0.820387
p1626,p1351,5,0.807475
p1627,p1634,1,0.864767
p1627,p1656,2,0.840329
p1627,p1374,3,0.840053
p1627,p0853,4,0.834316
p1627,p1624,5,0.833593
p1628,p1277,1,0.813000
p1628,p0885,2,0.810981
p1628,p1631,3,0.802106
p1628,p0943,4,0.794886
p1628,p1042,5,0.791029
p1629,p1414,1,0.652991
p1629,p0997,2,0.651523
p1629,p0603,3,0.638932
p1629,p1540,4,0.634919
p1629,p1184,5,0.634511
p1630,p0918,1,0.815774
p1630,p1080,2,0.810463
p1630,p0885,3,0.803008
p1630,p1190,4,0.797214
p1630,p1631,5,0.797076
p1631,p1619,1,0.861376
p1631,p1621,2,0.852660
p1631,p1617,3,0.832329
p1631,p1554,4,0.814839
p1631,p0885,5,0.811961
p1632,p1625,1,0.804329
p1632,p1554,2,0.784706
p1632,p1619,3,0.784580
p1632,p0927,4,0.777725
p1632,p1412,5,0.774576
p1633,p1635,1,0.820489
p1633,p1042,2,0.801665
p1633,p1216,3,0.776037
p1633,p0607,4,0.774451
p1633,p1207,5,0.772834
p1634,p0922,1,0.867856
p1634,p1627,2,0.864767
p1634,p1166,3,0.850583
p1634,p1625,4,0.846955
p1634,p1619,5,0.845212
p1635,p0769,1,0.846378
p1635,p1028,2,0.831593
p1635,p1637,3,0.830074
p1635,p1042,4,0.828531
p1635,p1622,5,0.821400
p1636,p1635,1,0.747221
p1636,p1374,2,0.744705
p1636,p0550,3,0.744580
p1636,p0607,4,0.739408
p1636,p1074,5,0.738088
p1637,p1635,1,0.830074
p1637,p1028,2,0.799714
p1637,p1550,3,0.786319
p1637,p1374,4,0.781751
p1637,p1622,5,0.777199
p1638,p1166,1,0.843752
p1638,p1634,2,0.842019
p1638,p0944,3,0.827858
p1638,p0773,4,0.809779
p1638,p1659,5,0.808243
p1639,p1038,1,0.782388
p1639,p1062,2,0.763718
p1639,p1433,3,0.754439
p1639,p1512,4,0.735601
p1639,p1556,5,0.724325
p1640,p1707,1,0.869372
p1640,p1369,2,0.853074
p1640,p1247,3,0.839816
p1640,p1505,4,0.828586
p1640,p1123,5,0.828314
p1641,p1184,1,0.732145
p1641,p0818,2,0.727356
p1641,p0650,3,0.723642
p1641,p0385,4,0.713000
p1641,p1110,5,0.712452
p1642,p0553,1,0.903318
p1642,p0766,2,0.901052
p1642,p1293,3,0.893969
p1642,p1459,4,0.888988
p1642,p1696,5,0.884344
p1643,p0536,1,0.873442
p1643,p1228,2,0.848259
p1643,p0396,3,0.844467
p1643,p0888,4,0.843901
p1643,p0961,5,0.843098
p1644,p0396,1,0.885103
p1644,p0888,2,0.874935
p1644,p1399,3,0.874268
p1644,p0961,4,0.874080
p1644,p1397,5,0.872646
p1645,p1037,1,0.743388
p1645,p0726,2,0.743323
p1645,p0638,3,0.737786
p1645,p1521,4,0.737083
p1645,p1179,5,0.732768
p1646,p0945,1,0.778793
p1646,p1553,2,0.759801
p1646,p0938,3,0.759532
p1646,p0638,4,0.759331
p1646,p0946,5,0.752231
p1647,p1555,1,0.850615
p1647,p0618,2,0.842729
p1647,p1028,3,0.838878
p1647,p1273,4,0.837333
p1647,p1287,5,0.836759
p1648,p0601,1,0.818185
p1648,p1023,2,0.789803
p1648,p1012,3,0.781800
p1648,p1595,4,0.765986
p1648,p0532,5,0.759598
p1649,p0537,1,0.894610
p1649,p1691,2,0.877304
p1649,p1696,3,0.876305
p1649,p1688,4,0.871418
p1649,p0051,5,0.871158
p1650,p1673,1,0.914769
p1650,p1288,2,0.897311
p1650,p0565,3,0.885289
p1650,p1394,4,0.880088
p1650,p0535,5,0.878931
p1651,p1673,1,0.842127
p1651,p0765,2,0.817111
p1651,p0051,3,0.815550
p1651,p0969,4,0.813588
p1651,p0867,5,0.813303
p1652,p1688,1,0.725799
p1652,p1504,2,0.716181
p1652,p0517,3,0.712868
p1652,p1432,4,0.712133
p1652,p1589,5,0.711094
p1653,p1651,1,0.792889
p1653,p1505,2,0.790430
p1653,p1649,3,0.788888
p1653,p0772,4,0.787720
p1653,p1504,5,0.784807
p1654,p0922,1,0.809268
p1654,p1634,2,0.779041
p1654,p1268,3,0.773396
p1654,p1167,4,0.765724
p1654,p0944,5,0.765049
p1655,p1075,1,0.796617
p1655,p0008,2,0.763771
p1655,p0926,3,0.756860
p1655,p0911,4,0.756145
p1655,p1657,5,0.744808
p1656,p1035,1,0.892552
p1656,p1123,2,0.881871
p1656,p0943,3,0.881034
p1656,p1707,4,0.867792
p1656,p0729,5,0.866137
p1657,p0767,1,0.858335
p1657,p1530,2,0.853739
p1657,p1668,3,0.849902
p1657,p1111,4,0.849634
p1657,p1667,5,0.843978
p1658,p1106,1,0.801407
p1658,p1459,2,0.792767
p1658,p0772,3,0.789466
p1658,p1642,4,0.781620
p1658,p0765,5,0.774411
p1659,p1042,1,0.850339
p1659,p1035,2,0.846798
p1659,p1216,3,0.846019
p1659,p0550,4,0.842833
p1659,p0948,5,0.841658
p1660,p0551,1,0.825194
p1660,p1548,2,0.807544
p1660,p1042,3,0.802126
p1660,p0764,4,0.798704
p1660,p1530,5,0.791139
p1661,p1644,1,0.860782
p1661,p0961,2,0.848498
p1661,p0396,3,0.845583
p1661,p1509,4,0.845568
p1661,p1085,5,0.845339
p1662,p0550,1,0.828965
p1662,p0768,2,0.825423
p1662,p1099,3,0.824747
p1662,p1374,4,0.821314
p1662,p1097,5,0.821273
p1663,p0837,1,0.765318
p1663,p1688,2,0.745294
p1663,p1110,3,0.735948
p1663,p1718,4,0.733345
p1663,p1690,5,0.728261
p1664,p1111,1,0.799792
p1664,p1063,2,0.794176
p1664,p0943,3,0.784523
p1664,p1092,4,0.784396
p1664,p1035,5,0.784261
p1665,p1099,1,0.792567
p1665,p1111,2,0.759354
p1665,p0767,3,0.757361
p1665,p0045,4,0.749137
p1665,p1097,5,0.745925
p1666,p0948,1,0.831611
p1666,p1659,2,0.819241
p1666,p1035,3,0.818265
p1666,p1542,4,0.811464
p1666,p0600,5,0.806736
p1667,p1668,1,0.855911
p1667,p1657,2,0.843978
p1667,p0008,3,0.816170
p1667,p1548,4,0.815713
p1667,p1028,5,0.808547
p1668,p1667,1,0.855911
p1668,p1657,2,0.849902
p1668,p0008,3,0.830904
p1668,p1028,4,0.823219
p1668,p1074,5,0.815362
p1669,p1530,1,0.879570
p1669,p1369,2,0.854413
p1669,p1707,3,0.847325
p1669,p1412,4,0.845521
p1669,p0769,5,0.837484
p1670,p0638,1,0.874474
p1670,p0649,2,0.861801
p1670,p1546,3,0.857525
p1670,p1205,4,0.851615
p1670,p0926,5,0.850078
p1671,p0919,1,0.725677
p1671,p1670,2,0.721308
p1671,p0815,3,0.689848
p1671,p1605,4,0.683127
p1671,p1581,5,0.679532
p1672,p1673,1,0.885322
p1672,p0729,2,0.856711
p1672,p1399,3,0.856023
p1672,p1085,4,0.854987
p1672,p0888,5,0.854947
p1673,p1650,1,0.914769
p1673,p0565,2,0.892519
p1673,p0765,3,0.890759
p1673,p1672,4,0.885322
p1673,p1288,5,0.881878
p1674,p0890,1,0.835935
p1674,p1361,2,0.817627
p1674,p0930,3,0.814687
p1674,p0865,4,0.810171
p1674,p1649,5,0.808957
p1675,p1688,1,0.867020
p1675,p1673,2,0.856663
p1675,p1691,3,0.855910
p1675,p1228,4,0.854181
p1675,p1696,5,0.846778
p1676,p1311,1,0.801702
p1676,p1513,2,0.796040
p1676,p0565,3,0.786173
p1676,p0770,4,0.783330
p1676,p0775,5,0.779914
p1677,p1484,1,0.780885
p1677,p0775,2,0.760575
p1677,p1675,3,0.758645
p1677,p0868,4,0.755502
p1677,p0867,5,0.754289
p1678,p1312,1,0.939169
p1678,p1318,2,0.935494
p1678,p1325,3,0.895253
p1678,p1326,4,0.890878
p1678,p0893,5,0.889593
p1679,p0967,1,0.902155
p1679,p1541,2,0.892986
p1679,p1561,3,0.883426
p1679,p1329,4,0.875379
p1679,p1320,5,0.869559
p1680,p1317,1,0.877109
p1680,p1328,2,0.859557
p1680,p1322,3,0.859357
p1680,p1327,4,0.841613
p1680,p1314,5,0.840222
p1681,p1326,1,0.876028
p1681,p1686,2,0.850572
p1681,p0902,3,0.849414
p1681,p1687,4,0.844754
p1681,p0900,5,0.837644
p1682,p1683,1,0.835194
p1682,p1679,2,0.791410
p1682,p0907,3,0.772009
p1682,p1007,4,0.771317
p1682,p0800,5,0.765693
p1683,p1679,1,0.855981
p1683,p0967,2,0.853762
p1683,p1561,3,0.851510
p1683,p0966,4,0.849563
p1683,p1682,5,0.835194
p1684,p0894,1,0.872831
p1684,p1394,2,0.855204
p1684,p0895,3,0.855008
p1684,p0905,4,0.845602
p1684,p0904,5,0.845126
p1685,p0565,1,0.874886
p1685,p0766,2,0.871791
p1685,p1541,3,0.871635
p1685,p1329,4,0.865753
p1685,p1459,5,0.865574
p1686,p0910,1,0.870583
p1686,p1326,2,0.857963
p1686,p1687,3,0.854305
p1686,p0909,4,0.850980
p1686,p1681,5,0.850572
p1687,p1326,1,0.905832
p1687,p1316,2,0.900075
p1687,p0910,3,0.885296
p1687,p1460,4,0.877021
p1687,p0895,5,0.871115
p1688,p1696,1,0.956793
p1688,p1691,2,0.955268
p1688,p1693,3,0.948200
p1688,p1690,4,0.942800
p1688,p1695,5,0.940200
p1689,p1692,1,0.829565
p1689,p1697,2,0.828017
p1689,p1694,3,0.824122
p1689,p1715,4,0.801877
p1689,p1048,5,0.797538
p1690,p1693,1,0.979059
p1690,p1695,2,0.967185
p1690,p1688,3,0.942800
p1690,p1691,4,0.923656
p1690,p1696,5,0.923230
p1691,p1696,1,0.961905
p1691,p1688,2,0.955268
p1691,p1695,3,0.927478
p1691,p1690,4,0.923656
p1691,p1693,5,0.923195
p1692,p1697,1,0.999787
p1692,p1694,2,0.992872
p1692,p1689,3,0.829565
p1692,p0413,4,0.785229
p1692,p1722,5,0.781389
p1693,p1695,1,0.984087
p1693,p1690,2,0.979059
p1693,p1688,3,0.948200
p1693,p1696,4,0.945372
p1693,p1691,5,0.923195
p1694,p1692,1,0.992872
p1694,p1697,2,0.992448
p1694,p1689,3,0.824122
p1694,p1722,4,0.784957
p1694,p0413,5,0.777534
p1695,p1693,1,0.984087
p1695,p1690,2,0.967185
p1695,p1688,3,0.940200
p1695,p1696,4,0.933482
p1695,p1691,5,0.927478
p1696,p1691,1,0.961905
p1696,p1688,2,0.956793
p1696,p1693,3,0.945372
p1696,p1695,4,0.933482
p1696,p1690,5,0.923230
p1697,p1692,1,0.999787
p1697,p1694,2,0.992448
p1697,p1689,3,0.828017
p1697,p0413,4,0.782348
p1697,p1722,5,0.778710
p1698,p1699,1,0.836223
p1698,p1266,2,0.813918
p1698,p1254,3,0.798917
p1698,p1647,4,0.797780
p1698,p1256,5,0.794122
p1699,p1698,1,0.836223
p1699,p1266,2,0.794650
p1699,p1555,3,0.786595
p1699,p1347,4,0.783924
p1699,p1254,5,0.783706
p1700,p1244,1,0.695374
p1700,p1701,2,0.676290
p1700,p1274,3,0.672284
p1700,p0747,4,0.670633
p1700,p1167,5,0.669564
p1701,p1078,1,0.832020
p1701,p0946,2,0.804291
p1701,p1167,3,0.797533
p1701,p1240,4,0.780142
p1701,p1079,5,0.779921
p1702,p1085,1,0.997247
p1702,p1230,2,0.996954
p1702,p1509,3,0.996575
p1702,p1043,4,0.996469
p1702,p0961,5,0.995753
p1703,p0835,1,0.809351
p1703,p0873,2,0.789596
p1703,p1048,3,0.774607
p1703,p0163,4,0.764922
p1703,p0839,5,0.759533
p1704,p0992,1,0.869985
p1704,p0853,2,0.856123
p1704,p1718,3,0.846604
p1704,p0867,4,0.837154
p1704,p0868,5,0.835980
p1705,p0141,1,0.809870
p1705,p1002,2,0.809381
p1705,p1351,3,0.796945
p1705,p1414,4,0.774014
p1705,p1626,5,0.764877
p1706,p1721,1,0.869256
p1706,p0960,2,0.837458
p1706,p0395,3,0.834395
p1706,p0992,4,0.833620
p1706,p0401,5,0.831488
p1707,p1640,1,0.869372
p1707,p1656,2,0.867792
p1707,p1369,3,0.866799
p1707,p1035,4,0.859474
p1707,p0579,5,0.858699
p1708,p1589,1,0.787565
p1708,p1601,2,0.767587
p1708,p1038,3,0.763236
p1708,p1590,4,0.758441
p1708,p1512,5,0.752841
p1709,p1526,1,0.777864
p1709,p1708,2,0.737817
p1709,p1567,3,0.655612
p1709,p0942,4,0.652427
p1709,p1585,5,0.647151
p1710,p0766,1,0.891790
p1710,p0553,2,0.888014
p1710,p1223,3,0.887311
p1710,p0995,4,0.887279
p1710,p1642,5,0.883370
p1711,p1710,1,0.860074
p1711,p0848,2,0.855994
p1711,p0846,3,0.855855
p1711,p0766,4,0.855238
p1711,p0841,5,0.847943
p1712,p1719,1,0.858438
p1712,p1059,2,0.847740
p1712,p1397,3,0.847625
p1712,p0960,4,0.846586
p1712,p1509,5,0.846475
p1713,p1714,1,0.778867
p1713,p1002,2,0.767370
p1713,p0783,3,0.761927
p1713,p0867,4,0.757351
p1713,p0868,5,0.755930
p1714,p0990,1,0.856547
p1714,p0868,2,0.824035
p1714,p0775,3,0.823532
p1714,p0867,4,0.823485
p1714,p1675,5,0.821804
p1715,p1691,1,0.863750
p1715,p0850,2,0.856565
p1715,p0846,3,0.851540
p1715,p0848,4,0.850991
p1715,p1695,5,0.844263
p1716,p0396,1,0.825244
p1716,p0397,2,0.801818
p1716,p1643,3,0.773972
p1716,p1566,4,0.771589
p1716,p0536,5,0.771351
p1717,p1718,1,0.887001
p1717,p1576,2,0.863594
p1717,p1720,3,0.860031
p1717,p1397,4,0.847684
p1717,p0765,5,0.843281
p1718,p1717,1,0.887001
p1718,p0397,2,0.871903
p1718,p0396,3,0.865662
p1718,p1003,4,0.862612
p1718,p0765,5,0.855680
p1719,p1712,1,0.858438
p1719,p1359,2,0.851996
p1719,p1389,3,0.846912
p1719,p0236,4,0.836835
p1719,p1718,5,0.834596
p1720,p1717,1,0.860031
p1720,p1576,2,0.859085
p1720,p1718,3,0.844827
p1720,p1397,4,0.824110
p1720,p0404,5,0.823748
p1721,p1706,1,0.869256
p1721,p1397,2,0.853204
p1721,p1509,3,0.845214
p1721,p1399,4,0.840796
p1721,p0394,5,0.840733
p1722,p0192,1,0.846606
p1722,p0072,2,0.835561
p1722,p0076,3,0.828626
p1722,p0496,4,0.827252
p1722,p0064,5,0.823765
p1723,p1726,1,0.814829
p1723,p1736,2,0.813607
p1723,p1728,3,0.801795
p1723,p1731,4,0.797664
p1723,p1724,5,0.789569
p1724,p1731,1,0.969714
p1724,p1728,2,0.942435
p1724,p1733,3,0.936383
p1724,p1727,4,0.926993
p1724,p1734,5,0.924736
p1725,p1734,1,0.936920
p1725,p1726,2,0.932754
p1725,p1727,3,0.927796
p1725,p1728,4,0.920848
p1725,p1735,5,0.915658
p1726,p1728,1,0.948820
p1726,p1736,2,0.940406
p1726,p1725,3,0.932754
p1726,p1730,4,0.910447
p1726,p1733,5,0.906937
p1727,p1734,1,0.961959
p1727,p1732,2,0.931134
p1727,p1725,3,0.927796
p1727,p1724,4,0.926993
p1727,p1733,5,0.919564
p1728,p1726,1,0.948820
p1728,p1724,2,0.942435
p1728,p1734,3,0.940333
p1728,p1725,4,0.920848
p1728,p1736,5,0.912858
p1729,p1726,1,0.712084
p1729,p1728,2,0.694680
p1729,p1736,3,0.654161
p1729,p1724,4,0.643094
p1729,p1735,5,0.629531
p1730,p1736,1,0.926673
p1730,p1726,2,0.910447
p1730,p1733,3,0.898994
p1730,p1728,4,0.873386
p1730,p1735,5,0.864781
p1731,p1724,1,0.969714
p1731,p1734,2,0.926914
p1731,p1733,3,0.918806
p1731,p1727,4,0.913351
p1731,p1728,5,0.906638
p1732,p1734,1,0.951372
p1732,p1727,2,0.931134
p1732,p1725,3,0.911440
p1732,p1728,4,0.883848
p1732,p1726,5,0.881264
p1733,p1724,1,0.936383
p1733,p1736,2,0.925426
p1733,p1727,3,0.919564
p1733,p1731,4,0.918806
p1733,p1734,5,0.917225
p1734,p1727,1,0.961959
p1734,p1732,2,0.951372
p1734,p1728,3,0.940333
p1734,p1725,4,0.936920
p1734,p1731,5,0.926914
p1735,p1725,1,0.915658
p1735,p1733,2,0.907724
p1735,p1736,3,0.904657
p1735,p1726,4,0.898747
p1735,p1728,5,0.898018
p1736,p1726,1,0.940406
p1736,p1730,2,0.926673
p1736,p1733,3,0.925426
p1736,p1724,4,0.916997
p1736,p1728,5,0.912858
p1737,p1727,1,0.802839
p1737,p1725,2,0.781546
p1737,p1734,3,0.769917
p1737,p1726,4,0.763768
p1737,p1732,5,0.762701
p1738,p0127,1,0.700146
p1738,p0415,2,0.682614
p1738,p0108,3,0.674032
p1738,p0492,4,0.670453
p1738,p0453,5,0.663791
